codigo,nome,tipo,tipo_compatibilidade,codigo_icao,latitude_dms,longitude_dms,latitude_decimal,longitude_decimal,elevacao_ft,declinacao_magnetica_graus,declinacao_magnetica_direcao,coordenada_valida,permite_origem_destino,revisao_pendente,classificacao_origem,fonte_pagina
3-R1,Unidade 3R1 - 16 VHF,plataforma,plataforma,9PER,19º33'52''S,039º15'14''W,-19.564444444444444,-39.25388888888889,0,23,W,1,1,0,INFERIDA_DESCRICAO,1
3R2,PETROLEUM (P61),plataforma,plataforma,9PHP,23º30'00''S,041º03'00''W,-23.5,-41.05,0,23,W,1,1,0,INFERIDA_DESCRICAO,1
3R3,PETROLEUM 3R3 (P63),plataforma,plataforma,9PHD,23º30'47''S,041º03'50''W,-23.513055555555557,-41.06388888888888,0,23,W,1,1,0,INFERIDA_DESCRICAO,1
9PDJ,NS32,plataforma,plataforma,9PDJ,22º32'45''S,040º02'04''W,-22.545833333333334,-40.03444444444444,0,21,W,1,1,0,INFERIDA_DESCRICAO,1
ACCO,"NAVIO / Seven Condor, BC",plataforma,plataforma,9PSW,22º38'56''S,040º05'06''W,-22.648888888888887,-40.085,50,5,W,1,1,0,INFERIDA_DESCRICAO,1
ACHA,"NAVIO / Acergy Harrier, BC",embarcacao,plataforma,,22º08'00''S,040º10'00''W,-22.133333333333333,-40.166666666666664,0,24,W,1,1,0,INFERIDA_DESCRICAO,1
ACPE,NAVIO / Acergy Pertinácia,plataforma,plataforma,9PLS,25º13'27''S,042º53'00''W,-25.224166666666665,-42.88333333333333,0,22,W,1,1,0,INFERIDA_DESCRICAO,1
AÇU,Porto do Açú- São João da Barra,waypoint,,,21º52'22''S,040º59'44''W,-21.872777777777777,-40.995555555555555,0,23,W,1,0,0,INFERIDA_DESCRICAO,1
ADDT,ADDT,waypoint,,,23º33'59''S,041º01'58''W,-23.56638888888889,-41.032777777777774,0,22,W,1,0,0,INFERIDA_DESCRICAO,1
AGIL,NAVIO / Agile PLSV,plataforma,plataforma,9PEU,00º00'00''S,000º00'00''W,0,0,73,22,W,0,0,1,INFERIDA_DESCRICAO,1
AKSA,"NAVIO / Akofs Santos, BS",plataforma,plataforma,9PBF,24º29'00''S,044º07'00''W,-24.483333333333334,-44.11666666666667,65,22,W,1,1,0,INFERIDA_DESCRICAO,1
AKVIB,AKVIB,waypoint,,,23º12'00''S,041º02'00''W,-23.2,-41.03333333333333,0,23,W,1,0,0,INFERIDA_DESCRICAO,1
ALDIV,PONTO DE NOTIFICAÇÃO - ENTRADA,waypoint,,,24º20'00''S,042º40'00''W,-24.333333333333332,-42.666666666666664,,23,W,1,0,1,INFERIDA_DESCRICAO,1
AMAD,NAVIO / Amadeus,plataforma,plataforma,9PAU,03º03'00''N,049º17'00''W,3.05,-49.28333333333333,,19,W,1,1,1,INFERIDA_DESCRICAO,1
AMAZON,JLV AMAZON,plataforma,plataforma,9PKZ,21º52'56''S,040º53'46''W,-21.88222222222222,-40.89611111111111,,23,W,1,1,1,INFERIDA_DESCRICAO,1
ANDO,"MACAÉ / Fixo compulsório, RJ",waypoint,,,22º21'14''S,040º50'30''W,-22.35388888888889,-40.84166666666667,,23,W,1,0,1,INFERIDA_DESCRICAO,1
ANKOP,PONTO DE NOTIFICAÇÃO - ENTRADA,waypoint,,,23º12'18''S,042º48'20''W,-23.205,-42.80555555555555,,23,W,1,0,1,INFERIDA_DESCRICAO,1
APOLLO,PGS APOLLO - CANAL MARÍTIMO 16,plataforma,plataforma,9PLL,22º51'00''S,043º09'00''W,-22.85,-43.15,0,24,W,1,1,0,INFERIDA_DESCRICAO,1
ARCAD,Plataforna ARCADIA,waypoint,,,22º34'48''S,041º33'37''W,-22.58,-41.56027777777778,0,22,W,1,0,0,INFERIDA_DESCRICAO,1
ARCT,PLATAFORMA / GFS ARCTIC I,plataforma,plataforma,9PAR,23º00'37''S,043º04'21''W,-23.010277777777777,-43.072500000000005,0,23,W,1,1,0,INFERIDA_DESCRICAO,1
ARTE,ARTEMIS ODYSSEY,plataforma,plataforma,9PTD,24º38'00''S,042º28'00''W,-24.633333333333333,-42.46666666666667,0,23,W,1,1,0,INFERIDA_DESCRICAO,1
ARUBU,PONTO DE NOTIFICAÇÃO - SAÍDA,waypoint,,,25º00'00''S,043º10'00''W,-25,-43.166666666666664,,22,W,1,0,1,INFERIDA_DESCRICAO,1
ASIGO,PONTO DE NOTIFICAÇÃO - SAÍDA,waypoint,,,25º00'00''S,042º50'00''W,-25,-42.833333333333336,,22,W,1,0,1,INFERIDA_DESCRICAO,1
ATLA,"NAVIO / TOP CORAL DO ATLANTICO, BS",plataforma,plataforma,9PIZ,21º54'11''S,039º45'00''W,-21.903055555555554,-39.75,76,23,W,1,1,0,INFERIDA_DESCRICAO,1
ATLANT,FPSO ATLANTA,plataforma,plataforma,9PLT,24º06'01''S,041º53'14''W,-24.10027777777778,-41.88722222222222,0,22,W,1,1,0,INFERIDA_DESCRICAO,1
AV 04,AV 04,waypoint,,,04º42'47''S,064º44'09''W,-4.713055555555556,-64.73583333333333,0,15,W,1,0,0,INFERIDA_DESCRICAO,1
AV 06,CLAREIRA AV06,base,,,04º31'49''S,064º26'13''W,-4.530277777777778,-64.43694444444445,0,15,W,1,0,0,INFERIDA_DESCRICAO,1
AV 15,AV 15,waypoint,,,04º06'33''S,063º32'36''W,-4.109166666666666,-63.54333333333333,0,15,W,1,0,0,INFERIDA_DESCRICAO,1
AV03,CLAREIRA AV 03,base,,,04º43'44''S,064º45'46''W,-4.728888888888889,-64.76277777777777,0,15,W,1,0,0,INFERIDA_DESCRICAO,1
AV04,CLAREIRA AV04,base,,,04º42'47''S,064º44'09''W,-4.713055555555556,-64.73583333333333,0,15,W,1,0,0,INFERIDA_DESCRICAO,1
AV10,CLAREIRA AV10,base,,,04º22'30''S,064º09'10''W,-4.375,-64.15277777777779,0,15,W,1,0,0,INFERIDA_DESCRICAO,1
AV11,AV11,waypoint,,,04º18'00''S,063º58'00''W,-4.3,-63.96666666666667,0,15,W,1,0,0,INFERIDA_DESCRICAO,1
AV13,CLAREIRA AV13,base,,,04º15'02''S,063º45'29''W,-4.250555555555556,-63.75805555555556,0,15,W,1,0,0,INFERIDA_DESCRICAO,1
AV18,AV 18,waypoint,,,03º58'53''S,063º18'37''W,-3.981388888888889,-63.31027777777778,0,15,W,1,0,0,INFERIDA_DESCRICAO,1
AVOS,"MACAÉ / Fixo compulsório, RJ",waypoint,,,22º08'10''S,041º37'10''W,-22.13611111111111,-41.61944444444445,,23,W,1,0,1,INFERIDA_DESCRICAO,1
BAKUT,PONTO DE NOTIFICAÇÃO - SAÍDA,waypoint,,,23º09'08''S,042º41'15''W,-23.15222222222222,-42.6875,,23,W,1,0,1,INFERIDA_DESCRICAO,1
BAR,BARRA,waypoint,,,23º01'31''S,043º19'43''W,-23.025277777777777,-43.328611111111115,0,23,W,1,0,0,INFERIDA_DESCRICAO,1
BARRA,PONTO DE NOTIFICAÇÃO,waypoint,,,23º00'05''S,043º08'04''W,-23.00138888888889,-43.13444444444444,0,23,W,1,0,0,INFERIDA_DESCRICAO,1
BASE11,BASES11,waypoint,,,06º21'08''S,050º26'07''W,-6.352222222222222,-50.43527777777778,0,20,W,1,0,0,INFERIDA_DESCRICAO,1
BAT3,LOCAÇÃO BAT3 (ROSNEFT),base,,,04º34'15''S,065º32'20''W,-4.570833333333333,-65.53888888888889,0,10,W,1,0,0,INFERIDA_DESCRICAO,1
BFOR,BASE FORTALEZA (ROSNEFT),base,,,04º59'59''S,065º58'37''W,-4.999722222222222,-65.97694444444444,0,10,W,1,0,0,INFERIDA_DESCRICAO,1
BGL1,NAVIO / Balsa - 22XX2792-1357,plataforma,plataforma,9PBG,22º52'11''S,043º12'21''W,-22.869722222222222,-43.20583333333334,90,22,W,1,1,0,INFERIDA_DESCRICAO,1
BIVUR,"MACAÉ / Fixo compulsório, RJ",waypoint,,,22º47'55''S,041º00'45''W,-22.798611111111114,-41.0125,,23,W,1,0,1,INFERIDA_DESCRICAO,1
BLDP,PLATAFORMA / BLACKFORD DOLPHIN,plataforma,plataforma,9PBD,21º37'20''S,039º53'20''W,-21.622222222222224,-39.888888888888886,0,24,W,1,1,0,INFERIDA_DESCRICAO,1
BMES40,BMES40,waypoint,,,21º44'05''S,039º34'55''W,-21.734722222222224,-39.581944444444446,0,24,W,1,0,0,INFERIDA_DESCRICAO,1
BMS08,BMS08,waypoint,,,25º38'31''S,042º08'02''W,-25.641944444444444,-42.13388888888889,0,23,W,1,0,0,INFERIDA_DESCRICAO,1
BOKA,BOKA SUB,plataforma,plataforma,9PKU,24º42'00''S,042º18'00''W,-24.7,-42.3,70,23,W,1,1,0,INFERIDA_DESCRICAO,1
BOMA,BOLD MAVERICK CANAL MARÍTIMO 16/06,plataforma,plataforma,9PKG,22º30'05''S,040º07'56''W,-22.50138888888889,-40.132222222222225,0,23,W,1,1,0,INFERIDA_DESCRICAO,1
BOPR,Base de Operações Vale,base,,,06º23'23''S,050º22'49''W,-6.389722222222223,-50.38027777777778,0,20,W,1,0,0,INFERIDA_DESCRICAO,1
BR101,SOBREVOO,waypoint,,,22º45'14''S,042º49'32''W,-22.753888888888888,-42.82555555555556,0,22,W,1,0,0,INFERIDA_DESCRICAO,1
BR102,SOBREVOO,waypoint,,,22º44'35''S,042º48'28''W,-22.743055555555557,-42.80777777777777,0,22,W,1,0,0,INFERIDA_DESCRICAO,1
BRASI,ponto,waypoint,,,26º52'16''S,043º22'13''W,-26.871111111111112,-43.37027777777778,0,22,W,1,0,0,INFERIDA_DESCRICAO,1
BRAVO,FPSO BRAVO - OSX 3,plataforma,plataforma,9PHK,23º08'55''S,041º04'52''W,-23.148611111111112,-41.08111111111111,0,23,W,1,1,0,INFERIDA_DESCRICAO,2
BRFCA,BR-101 FCA SOBREVOO,waypoint,,,22º44'08''S,042º48'11''W,-22.735555555555557,-42.80305555555555,0,22,W,1,0,0,INFERIDA_DESCRICAO,2
BROK,XV-08 BROOKFIELD SOBREVOO,waypoint,,,22º53'51''S,042º45'42''W,-22.8975,-42.76166666666666,0,22,W,1,0,0,INFERIDA_DESCRICAO,2
BRTY,BASE BOURITY,base,,,04º52'39''S,066º07'40''W,-4.8775,-66.12777777777777,0,10,W,1,0,0,INFERIDA_DESCRICAO,2
BS001,PONTO DE NOTIFICAÇÃO,waypoint,,,23º29'00''S,043º04'04''W,-23.483333333333334,-43.06777777777778,0,22,W,1,0,0,INFERIDA_DESCRICAO,2
BS002,PONTO DE NOTIFICAÇÃO,waypoint,,,23º31'15''S,043º02'32''W,-23.520833333333332,-43.04222222222222,,22,W,1,0,1,INFERIDA_DESCRICAO,2
BS003,PONTO DE NOTIFICAÇÃO,waypoint,,,23º32'57''S,043º04'22''W,-23.549166666666668,-43.07277777777778,,22,W,1,0,1,INFERIDA_DESCRICAO,2
BS012,PONTO DE NOTIFICAÇÃO,waypoint,,,23º47'00''S,042º12'18''W,-23.783333333333335,-42.205000000000005,,22,W,1,0,1,INFERIDA_DESCRICAO,2
BS036,PONTO DE NOTIFICAÇÃO,waypoint,,,24º44'44''S,042º52'20''W,-24.745555555555555,-42.87222222222222,,22,W,1,0,1,INFERIDA_DESCRICAO,2
BS037,PONTO DE NOTIFICAÇÃO,waypoint,,,24º48'32''S,042º44'14''W,-24.80888888888889,-42.73722222222222,,22,W,1,0,1,INFERIDA_DESCRICAO,2
BS038,PONTO DE NOTIFICAÇÃO,waypoint,,,23º42'00''S,042º45'00''W,-23.7,-42.75,,22,W,1,0,1,INFERIDA_DESCRICAO,2
BS039,PONTO DE NOTIFICAÇÃO,waypoint,,,23º44'04''S,042º45'00''W,-23.734444444444446,-42.75,,22,W,1,0,1,INFERIDA_DESCRICAO,2
BS041,PONTO DE NOTIFICAÇÃO,waypoint,,,23º47'00''S,042º48'04''W,-23.783333333333335,-42.801111111111105,,22,W,1,0,1,INFERIDA_DESCRICAO,2
BS044,PONTO DE NOTIFICAÇÃO,waypoint,,,24º09'00''S,042º51'31''W,-24.15,-42.85861111111111,,22,W,1,0,1,INFERIDA_DESCRICAO,2
BS046,PONTO DE NOTIFICAÇÃO,waypoint,,,24º21'12''S,042º47'00''W,-24.353333333333335,-42.78333333333333,,22,W,1,0,1,INFERIDA_DESCRICAO,2
BS047,PONTO DE NOTIFICAÇÃO,waypoint,,,24º28'40''S,042º44'18''W,-24.477777777777778,-42.73833333333334,,22,W,1,0,1,INFERIDA_DESCRICAO,2
BS048,PONTO DE NOTIFICAÇÃO,waypoint,,,24º43'00''S,042º41'48''W,-24.716666666666665,-42.696666666666665,,22,W,1,0,1,INFERIDA_DESCRICAO,2
BS049,PONTO DE NOTIFICAÇÃO,waypoint,,,24º22'00''S,042º41'48''W,-24.366666666666667,-42.696666666666665,,22,W,1,0,1,INFERIDA_DESCRICAO,2
BS051,PONTO DE NOTIFICAÇÃO,waypoint,,,25º10'00''S,043º20'00''W,-25.166666666666668,-43.333333333333336,,22,W,1,0,1,INFERIDA_DESCRICAO,2
BS052,PONTO DE NOTIFICAÇÃO,waypoint,,,25º20'00''S,043º20'00''W,-25.333333333333332,-43.333333333333336,,22,W,1,0,1,INFERIDA_DESCRICAO,2
BS053,PONTO DE NOTIFICAÇÃO,waypoint,,,25º30'00''S,043º20'00''W,-25.5,-43.333333333333336,,22,W,1,0,1,INFERIDA_DESCRICAO,2
BS054,PONTO DE NOTIFICAÇÃO,waypoint,,,25º40'00''S,043º20'00''W,-25.666666666666668,-43.333333333333336,,22,W,1,0,1,INFERIDA_DESCRICAO,2
BS056,PONTO DE NOTIFICAÇÃO,waypoint,,,25º50'00''S,043º20'00''W,-25.833333333333332,-43.333333333333336,,22,W,1,0,1,INFERIDA_DESCRICAO,2
BS057,PONTO DE NOTIFICAÇÃO,waypoint,,,26º00'00''S,043º20'00''W,-26,-43.333333333333336,,22,W,1,0,1,INFERIDA_DESCRICAO,2
BS058,PONTO DE NOTIFICAÇÃO,waypoint,,,25º10'00''S,043º10'00''W,-25.166666666666668,-43.166666666666664,,22,W,1,0,1,INFERIDA_DESCRICAO,2
BS059,PONTO DE NOTIFICAÇÃO,waypoint,,,25º20'22''S,043º10'00''W,-25.339444444444442,-43.166666666666664,,22,W,1,0,1,INFERIDA_DESCRICAO,2
BS061,PONTO DE NOTIFICAÇÃO,waypoint,,,25º30'00''S,043º10'00''W,-25.5,-43.166666666666664,,22,W,1,0,1,INFERIDA_DESCRICAO,2
BS062,PONTO DE NOTIFICAÇÃO,waypoint,,,25º40'00''S,043º10'00''W,-25.666666666666668,-43.166666666666664,,22,W,1,0,1,INFERIDA_DESCRICAO,2
BS064,PONTO DE NOTIFICAÇÃO,waypoint,,,26º00'00''S,043º10'00''W,-26,-43.166666666666664,,22,W,1,0,1,INFERIDA_DESCRICAO,2
BS066,PONTO DE NOTIFICAÇÃO,waypoint,,,25º10'00''S,043º00'00''W,-25.166666666666668,-43,,22,W,1,0,1,INFERIDA_DESCRICAO,2
BS067,PONTO DE NOTIFICAÇÃO,waypoint,,,25º20'00''S,043º00'00''W,-25.333333333333332,-43,,22,W,1,0,1,INFERIDA_DESCRICAO,2
BS068,PONTO DE NOTIFICAÇÃO,waypoint,,,25º30'00''S,043º00'00''W,-25.5,-43,,22,W,1,0,1,INFERIDA_DESCRICAO,2
BS071,PONTO DE NOTIFICAÇÃO,waypoint,,,25º50'00''S,043º00'00''W,-25.833333333333332,-43,,22,W,1,0,1,INFERIDA_DESCRICAO,2
BS072,PONTO DE NOTIFICAÇÃO,waypoint,,,26º00'00''S,043º00'00''W,-26,-43,,22,W,1,0,1,INFERIDA_DESCRICAO,2
BS073,PONTO DE NOTIFICAÇÃO,waypoint,,,25º10'00''S,042º50'00''W,-25.166666666666668,-42.833333333333336,,22,W,1,0,1,INFERIDA_DESCRICAO,2
BS074,PONTO DE NOTIFICAÇÃO,waypoint,,,25º20'00''S,042º50'00''W,-25.333333333333332,-42.833333333333336,,22,W,1,0,1,INFERIDA_DESCRICAO,2
BS076,PONTO DE NOTIFICAÇÃO,waypoint,,,25º30'00''S,042º50'00''W,-25.5,-42.833333333333336,,22,W,1,0,1,INFERIDA_DESCRICAO,2
BS077,PONTO DE NOTIFICAÇÃO,waypoint,,,25º40'00''S,042º50'00''W,-25.666666666666668,-42.833333333333336,,22,W,1,0,1,INFERIDA_DESCRICAO,2
BS078,PONTO DE NOTIFICAÇÃO,waypoint,,,25º50'00''S,042º50'00''W,-25.833333333333332,-42.833333333333336,,22,W,1,0,1,INFERIDA_DESCRICAO,2
BS079,PONTO DE NOTIFICAÇÃO,waypoint,,,26º00'00''S,042º50'00''W,-26,-42.833333333333336,0,22,W,1,0,0,INFERIDA_DESCRICAO,2
BS081,PONTO DE NOTIFICAÇÃO,waypoint,,,24º30'00''S,042º40'00''W,-24.5,-42.666666666666664,,22,W,1,0,1,INFERIDA_DESCRICAO,2
BS082,PONTO DE NOTIFICAÇÃO,waypoint,,,24º40'00''S,042º40'00''W,-24.666666666666668,-42.666666666666664,,22,W,1,0,1,INFERIDA_DESCRICAO,2
BS083,PONTO DE NOTIFICAÇÃO,waypoint,,,24º50'00''S,042º40'00''W,-24.833333333333332,-42.666666666666664,,22,W,1,0,1,INFERIDA_DESCRICAO,2
BS084,PONTO DE NOTIFICAÇÃO,waypoint,,,25º10'00''S,042º40'00''W,-25.166666666666668,-42.666666666666664,,22,W,1,0,1,INFERIDA_DESCRICAO,2
BS086,PONTO DE NOTIFICAÇÃO,waypoint,,,25º20'00''S,042º40'00''W,-25.333333333333332,-42.666666666666664,,22,W,1,0,1,INFERIDA_DESCRICAO,2
BS087,PONTO DE NOTIFICAÇÃO,waypoint,,,25º30'00''S,042º40'22''W,-25.5,-42.672777777777775,,22,W,1,0,1,INFERIDA_DESCRICAO,2
BS088,PONTO DE NOTIFICAÇÃO,waypoint,,,25º40'00''S,042º40'00''W,-25.666666666666668,-42.666666666666664,,22,W,1,0,1,INFERIDA_DESCRICAO,2
BS089,PONTO DE NOTIFICAÇÃO,waypoint,,,25º50'00''S,042º40'00''W,-25.833333333333332,-42.666666666666664,,22,W,1,0,1,INFERIDA_DESCRICAO,2
BS091,PONTO DE NOTIFICAÇÃO,waypoint,,,24º30'00''S,042º30'00''W,-24.5,-42.5,,22,W,1,0,1,INFERIDA_DESCRICAO,2
BS092,PONTO DE NOTIFICAÇÃO,waypoint,,,24º40'00''S,042º30'00''W,-24.666666666666668,-42.5,,22,W,1,0,1,INFERIDA_DESCRICAO,2
BS093,PONTO DE NOTIFICAÇÃO,waypoint,,,24º50'00''S,042º30'00''W,-24.833333333333332,-42.5,,22,W,1,0,1,INFERIDA_DESCRICAO,2
BS094,PONTO DE NOTIFICAÇÃO,waypoint,,,25º00'00''S,042º30'00''W,-25,-42.5,,22,W,1,0,1,INFERIDA_DESCRICAO,2
BS096,PONTO DE NOTIFICAÇÃO,waypoint,,,24º30'00''S,042º20'00''W,-24.5,-42.333333333333336,,23,W,1,0,1,INFERIDA_DESCRICAO,2
BS097,PONTO DE NOTIFICAÇÃO,waypoint,,,24º40'00''S,042º20'00''W,-24.666666666666668,-42.333333333333336,,23,W,1,0,1,INFERIDA_DESCRICAO,2
BS098,PONTO DE NOTIFICAÇÃO,waypoint,,,24º50'00''S,042º20'00''W,-24.833333333333332,-42.333333333333336,,22,W,1,0,1,INFERIDA_DESCRICAO,2
BS099,PONTO DE NOTIFICAÇÃO,waypoint,,,25º00'00''S,042º20'00''W,-25,-42.333333333333336,,22,W,1,0,1,INFERIDA_DESCRICAO,3
BS101,PONTO DE NOTIFICAÇÃO,waypoint,,,24º30'00''S,042º10'00''W,-24.5,-42.166666666666664,0,23,W,1,0,0,INFERIDA_DESCRICAO,3
BS104,PONTO DE NOTIFICAÇÃO,waypoint,,,25º00'00''S,042º10'00''W,-25,-42.166666666666664,,22,W,1,0,1,INFERIDA_DESCRICAO,3
BS106,BS106,waypoint,,,24º30'00''S,042º00'00''W,-24.5,-42,0,23,W,1,0,0,INFERIDA_DESCRICAO,3
BS109,PONTO DE NOTIFICAÇÃO,waypoint,,,25º00'00''S,042º00'00''W,-25,-42,,22,W,1,0,1,INFERIDA_DESCRICAO,3
BS203,PONTO DE NOTIFICAÇÃO,waypoint,,,23º32'57''S,043º04'22''W,-23.549166666666668,-43.07277777777778,,22,W,1,0,1,INFERIDA_DESCRICAO,3
BS204,PONTO DE NOTIFICAÇÃO,waypoint,,,23º35'40''S,043º01'00''W,-23.594444444444445,-43.016666666666666,,22,W,1,0,1,INFERIDA_DESCRICAO,3
BS206,PONTO DE NOTIFICAÇÃO,waypoint,,,23º37'48''S,043º04'54''W,-23.63,-43.08166666666667,,22,W,1,0,1,INFERIDA_DESCRICAO,3
BS207,PONTO DE NOTIFICAÇÃO,waypoint,,,23º36'00''S,042º54'00''W,-23.6,-42.9,,22,W,1,0,1,INFERIDA_DESCRICAO,3
BS208,PONTO DE NOTIFICAÇÃO,waypoint,,,23º46'00''S,043º05'14''W,-23.766666666666666,-43.08722222222222,,22,W,1,0,1,INFERIDA_DESCRICAO,3
BS209,PONTO DE NOTIFICAÇÃO,waypoint,,,23º45'04''S,043º00'20''W,-23.75111111111111,-43.00555555555555,,22,W,1,0,1,INFERIDA_DESCRICAO,3
BS219,PONTO DE NOTIFICAÇÃO,waypoint,,,24º09'00''S,043º06'00''W,-24.15,-43.1,,22,W,1,0,1,INFERIDA_DESCRICAO,3
BS223,PONTO DE NOTIFICAÇÃO,waypoint,,,24º12'00''S,042º27'00''W,-24.2,-42.45,,22,W,1,0,1,INFERIDA_DESCRICAO,3
BS224,PONTO DE NOTIFICAÇÃO,waypoint,,,24º11'58''S,042º17'00''W,-24.199444444444445,-42.28333333333333,,22,W,1,0,1,INFERIDA_DESCRICAO,3
BS227,PONTO DE NOTIFICAÇÃO,waypoint,,,24º13'29''S,042º10'45''W,-24.22472222222222,-42.17916666666667,,22,W,1,0,1,INFERIDA_DESCRICAO,3
BS228,PONTO DE NOTIFICAÇÃO,waypoint,,,24º28'28''S,042º51'21''W,-24.474444444444444,-42.85583333333334,,22,W,1,0,1,INFERIDA_DESCRICAO,3
BS233,PONTO DE NOTIFICAÇÃO,waypoint,,,24º40'05''S,043º08'00''W,-24.668055555555558,-43.13333333333333,,22,W,1,0,1,INFERIDA_DESCRICAO,3
BS234,FIXO,waypoint,,,24º46'07''S,043º01'46''W,-24.76861111111111,-43.029444444444444,0,23,W,1,0,0,INFERIDA_DESCRICAO,3
BS311,PONTO DE NOTIFICAÇÃO,waypoint,,,24º14'57''S,042º43'15''W,-24.249166666666667,-42.72083333333334,,22,W,1,0,1,INFERIDA_DESCRICAO,3
BS312,PONTO DE NOTIFICAÇÃO,waypoint,,,24º30'00''S,042º10'00''W,-24.5,-42.166666666666664,,22,W,1,0,1,INFERIDA_DESCRICAO,3
BS313,PONTO DE NOTIFICAÇÃO,waypoint,,,24º40'00''S,042º10'00''W,-24.666666666666668,-42.166666666666664,,22,W,1,0,1,INFERIDA_DESCRICAO,3
BS314,PONTO DE NOTIFICAÇÃO,waypoint,,,24º50'00''S,042º10'00''W,-24.833333333333332,-42.166666666666664,,22,W,1,0,1,INFERIDA_DESCRICAO,3
BS316,PONTO DE NOTIFICAÇÃO,waypoint,,,24º30'00''S,042º00'00''W,-24.5,-42,,22,W,1,0,1,INFERIDA_DESCRICAO,3
BS317,PONTO DE NOTIFICAÇÃO,waypoint,,,24º40'00''S,042º00'00''W,-24.666666666666668,-42,,22,W,1,0,1,INFERIDA_DESCRICAO,3
BS318,PONTO DE NOTIFICAÇÃO,waypoint,,,24º50'00''S,042º00'00''W,-24.833333333333332,-42,,22,W,1,0,1,INFERIDA_DESCRICAO,3
BUNA,BARRA DO UMA,waypoint,,,23º45'14''S,045º46'06''W,-23.753888888888888,-45.76833333333333,0,22,W,1,0,0,INFERIDA_DESCRICAO,3
BUZ 5,Akoofs,waypoint,,,24º37'03''S,042º29'34''W,-24.6175,-42.49277777777778,0,22,W,1,0,0,INFERIDA_DESCRICAO,3
BUZIOS,Campos de búzios,waypoint,,,24º35'45''S,043º35'10''W,-24.59583333333333,-43.586111111111116,0,23,W,1,0,0,INFERIDA_DESCRICAO,3
CACE,HDD RIO CACERIBU SOBREVOO,waypoint,,,22º41'33''S,042º49'58''W,-22.6925,-42.83277777777778,0,22,W,1,0,0,INFERIDA_DESCRICAO,3
CAJA,"NAVIO, CALAMITY JANE, BS - INTER 31-10-713-0850",plataforma,plataforma,9PJE,23º01'54''S,042º39'44''W,-23.031666666666666,-42.66222222222222,0,22,W,1,1,0,INFERIDA_DESCRICAO,3
CAPX,NAVIO / FPSO Capixaba,plataforma,plataforma,9PCX,21º14'22''S,039º57'24''W,-21.239444444444445,-39.95666666666667,106,22,W,1,1,0,INFERIDA_DESCRICAO,3
CARU,CARUARA,waypoint,,,23º53'26''S,046º10'38''W,-23.890555555555554,-46.17722222222222,,22,W,1,0,1,INFERIDA_DESCRICAO,3
CDAN,NAVIO / Cidade de Anchieta,plataforma,plataforma,9PGI,21º20'18''S,040º03'33''W,-21.33833333333333,-40.05916666666666,133,23,W,1,1,0,INFERIDA_DESCRICAO,3
CDSM,"Navio / FPSO Cidade de São Matheus, BV",plataforma,plataforma,9PCT,19º55'21''S,039º38'00''W,-19.9225,-39.63333333333333,0,24,W,1,1,0,INFERIDA_DESCRICAO,3
CEVISP,HELIPONTO CEVISPA,heliponto,heliponto,,21º47'58''S,041º01'09''W,-21.799444444444447,-41.01916666666666,0,23,W,1,1,0,INFERIDA_DESCRICAO,3
CGR,SOBREVOO,waypoint,,,22º47'49''S,042º50'25''W,-22.796944444444446,-42.84027777777778,0,22,W,1,0,0,INFERIDA_DESCRICAO,3
CIAC,PLATAFORMA / UMS Arraial do Cabo,plataforma,plataforma,9PCL,00º00'00''S,000º00'00''W,0,0,100,23,W,0,0,1,INFERIDA_DESCRICAO,3
CLA P2,CLAREIRA POSIÇÃO 2,base,,,06º21'46''S,050º23'49''W,-6.362777777777778,-50.39694444444444,0,20,W,1,0,0,INFERIDA_DESCRICAO,3
CLAR11,CLARS11NW,waypoint,,,06º16'18''S,050º30'52''W,-6.2716666666666665,-50.51444444444444,0,20,W,1,0,0,INFERIDA_DESCRICAO,3
CLARE,CLAREIRA EXTREMO NORTE,base,,,06º13'53''S,050º30'14''W,-6.231388888888889,-50.50388888888889,0,20,W,1,0,0,INFERIDA_DESCRICAO,3
CLARS,CLARS11N,waypoint,,,06º16'56''S,050º28'21''W,-6.282222222222222,-50.472500000000004,0,20,W,1,0,0,INFERIDA_DESCRICAO,3
CLIP,NAVIO / NORMAND CLIPPER,plataforma,plataforma,9PEW,25º11'16''S,042º49'37''W,-25.18777777777778,-42.82694444444445,0,22,W,1,1,0,INFERIDA_DESCRICAO,3
CMD,NORMAND COMMANDER,embarcacao,plataforma,,24º18'34''S,042º41'00''W,-24.309444444444445,-42.68333333333333,0,23,W,1,1,0,INFERIDA_DESCRICAO,3
COLT,"MACAÉ / Fixo compulsório, RJ",waypoint,,,22º10'18''S,040º58'26''W,-22.171666666666667,-40.973888888888894,,23,W,1,0,1,INFERIDA_DESCRICAO,3
COMP,SCRAPER COMPERJ SOBREVOO,waypoint,,,22º40'40''S,042º50'50''W,-22.67777777777778,-42.84722222222222,0,22,W,1,0,0,INFERIDA_DESCRICAO,3
COMP 2,SCRAPER COMPERJ 2,waypoint,,,22º39'12''S,042º51'02''W,-22.653333333333332,-42.85055555555556,0,22,W,1,0,0,INFERIDA_DESCRICAO,3
COMPE,Comperj,waypoint,,,22º38'55''S,042º51'49''W,-22.648611111111112,-42.86361111111111,0,22,W,1,0,0,INFERIDA_DESCRICAO,3
COT1,p77,waypoint,,,24º41'07''S,042º29'09''W,-24.685277777777777,-42.48583333333333,0,23,W,1,0,0,INFERIDA_DESCRICAO,3
CS011,PONTO DE NOTIFICAÇÃO,waypoint,,,23º49'40''S,042º38'00''W,-23.82777777777778,-42.63333333333333,,22,W,1,0,1,INFERIDA_DESCRICAO,3
CS013,PONTO DE NOTIFICAÇÃO,waypoint,,,23º56'24''S,042º42'00''W,-23.94,-42.7,,22,W,1,0,1,INFERIDA_DESCRICAO,3
CS014,PONTO DE NOTIFICAÇÃO,waypoint,,,23º55'55''S,042º33'04''W,-23.931944444444447,-42.551111111111105,,22,W,1,0,1,INFERIDA_DESCRICAO,3
CS016,PONTO DE NOTIFICAÇÃO,waypoint,,,24º05'35''S,042º48'49''W,-24.093055555555555,-42.81361111111111,,22,W,1,0,1,INFERIDA_DESCRICAO,3
CS017,PONTO DE NOTIFICAÇÃO,waypoint,,,24º04'14''S,042º37'03''W,-24.070555555555554,-42.6175,,22,W,1,0,1,INFERIDA_DESCRICAO,3
CS018,PONTO DE NOTIFICAÇÃO,waypoint,,,24º03'00''S,042º25'47''W,-24.05,-42.42972222222222,,22,W,1,0,1,INFERIDA_DESCRICAO,3
CS021,PONTO DE NOTIFICAÇÃO,waypoint,,,24º16'49''S,042º55'36''W,-24.280277777777776,-42.92666666666666,,22,W,1,0,1,INFERIDA_DESCRICAO,4
CS026,PONTO DE NOTIFICAÇÃO,waypoint,,,24º13'29''S,042º10'45''W,-24.22472222222222,-42.17916666666667,,22,W,1,0,1,INFERIDA_DESCRICAO,4
CS029,PONTO DE NOTIFICAÇÃO,waypoint,,,24º31'48''S,043º03'00''W,-24.529999999999998,-43.05,,22,W,1,0,1,INFERIDA_DESCRICAO,4
CS031,PONTO DE NOTIFICAÇÃO,waypoint,,,24º32'56''S,042º53'00''W,-24.54888888888889,-42.88333333333333,,22,W,1,0,1,INFERIDA_DESCRICAO,4
CS032,PONTO DE NOTIFICAÇÃO,waypoint,,,24º36'00''S,042º48'28''W,-24.6,-42.80777777777777,,22,W,1,0,1,INFERIDA_DESCRICAO,4
CUTTER,NORMAND CUTTER - - CANAL MARÍTIMO 06 ou 16.,plataforma,plataforma,9PNU,21º38'00''S,039º52'54''W,-21.633333333333333,-39.88166666666667,0,23,W,1,1,0,INFERIDA_DESCRICAO,4
CVIT,NAVIO / FPSO CIDADE DE VITÓRIA,plataforma,plataforma,9PCV,20º02'58''S,039º31'55''W,-20.049444444444447,-39.53194444444444,123,24,W,1,1,0,INFERIDA_DESCRICAO,4
DANRA,AEROVIA DE CHEGADA KZ 153-009,waypoint,,,23º00'24''S,041º35'53''W,-23.006666666666668,-41.59805555555556,0,23,W,1,0,0,INFERIDA_DESCRICAO,4
DASW,DAN SWIFT,plataforma,plataforma,9PDW,22º29'45''S,039º56'10''W,-22.495833333333334,-39.93611111111111,0,22,W,1,1,0,INFERIDA_DESCRICAO,4
DEBL,NAVIO / Deep Blue,plataforma,plataforma,9PDB,24º41'11''S,042º22'08''W,-24.68638888888889,-42.36888888888889,0,24,W,1,1,0,INFERIDA_DESCRICAO,4
DECO,NAVIO / Deep Constructor,plataforma,plataforma,9PCU,26º26'00''S,046º33'00''W,-26.433333333333334,-46.55,72,20,W,1,1,0,INFERIDA_DESCRICAO,4
DEEPC,"NAVIO / Deep Constructor, BC",embarcacao,plataforma,,00º00'00''S,000º00'00''W,0,0,0,5,W,0,0,1,INFERIDA_DESCRICAO,4
DEND,NAVIO / Deep Endeavour,plataforma,plataforma,9PGW,00º00'00''S,000º00'00''W,0,0,63,23,W,0,0,1,INFERIDA_DESCRICAO,4
DIAMO,NAVIO / WESTERN DIAMOND,plataforma,plataforma,9PGD,22º10'00''S,039º59'00''W,-22.166666666666668,-39.983333333333334,0,24,W,1,1,0,INFERIDA_DESCRICAO,4
DIBIL,PONTO DE NOTIFICAÇÃO - ENTRADA,waypoint,,,23º22'54''S,043º12'54''W,-23.381666666666668,-43.215,,23,W,1,0,1,INFERIDA_DESCRICAO,4
DMAX,NAVIO / STENA DRILLMAX,plataforma,plataforma,9PDR,23º23'00''S,040º06'00''W,-23.383333333333333,-40.1,0,24,W,1,1,0,INFERIDA_DESCRICAO,4
DOKRA,PONTO DE NOTIFICAÇÃO - ENTRADA,waypoint,,,23º21'47''S,042º05'54''W,-23.363055555555558,-42.098333333333336,,23,W,1,0,1,INFERIDA_DESCRICAO,4
DORLU,DORLU,waypoint,,,23º20'49''S,045º18'56''W,-23.346944444444443,-45.315555555555555,,22,W,1,0,1,INFERIDA_DESCRICAO,4
DS17,VALARIS,embarcacao,plataforma,,25º25'53''S,043º59'15''W,-25.43138888888889,-43.987500000000004,0,22,W,1,1,0,INFERIDA_DESCRICAO,4
DS8,DS8,waypoint,,,23º03'00''S,041º04'00''W,-23.05,-41.06666666666667,0,22,W,1,0,0,INFERIDA_DESCRICAO,4
DSV1,MOREIA - TIRO,waypoint,,,24º20'00''S,043º10'00''W,-24.333333333333332,-43.166666666666664,,22,W,1,0,1,INFERIDA_DESCRICAO,4
DSV2,MOREIA - TIRO,waypoint,,,23º45'00''S,043º10'00''W,-23.75,-43.166666666666664,,22,W,1,0,1,INFERIDA_DESCRICAO,4
DSV3,DESVIO MAG 001 A 199,waypoint,,,24º17'18''S,042º30'36''W,-24.288333333333334,-42.51,,22,W,1,0,1,INFERIDA_DESCRICAO,4
DSVD,NAVIO / Acergy Discovery,plataforma,plataforma,9PAD,23º40'35''S,040º12'41''W,-23.67638888888889,-40.21138888888889,0,23,W,1,1,0,INFERIDA_DESCRICAO,4
DYNA,NAVIO / DYNAMIC PRODUCER - BS 21XX3528-9992,plataforma,plataforma,9PBQ,22º50'59''S,040º57'31''W,-22.849722222222223,-40.95861111111111,129,23,W,1,1,0,INFERIDA_DESCRICAO,4
EDRIB,PONTO DE NOTIFICAÇÃO,waypoint,,,21º26'58''S,040º14'43''W,-21.449444444444445,-40.24527777777778,,23,W,1,0,1,INFERIDA_DESCRICAO,4
EGBOB,"MACAÉ / Fixo compulsório, RJ",waypoint,,,21º59'35''S,040º33'04''W,-21.993055555555557,-40.551111111111105,,24,W,1,0,1,INFERIDA_DESCRICAO,4
EGDUT,FIXO EGDUT,waypoint,,,22º46'27''S,043º33'34''W,-22.774166666666666,-43.559444444444445,,22,W,1,0,1,INFERIDA_DESCRICAO,4
EGUDI,PONTO DE NOTIFICAÇÃO - SAÍDA,waypoint,,,23º22'52''S,043º03'35''W,-23.38111111111111,-43.05972222222222,,23,W,1,0,1,INFERIDA_DESCRICAO,4
EKURI,PONTO DE NOTIFICAÇÃO - ENTRADA,waypoint,,,23º30'02''S,042º26'26''W,-23.500555555555554,-42.440555555555555,,23,W,1,0,1,INFERIDA_DESCRICAO,4
ENVIX,PONTO DE NOTIFICAÇÃO,waypoint,,,21º31'59''S,040º32'00''W,-21.533055555555556,-40.53333333333333,,23,W,1,0,1,INFERIDA_DESCRICAO,4
EPGIP,FIXO STAR,waypoint,,,22º52'16''S,043º58'37''W,-22.871111111111112,-43.97694444444445,,22,W,1,0,1,INFERIDA_DESCRICAO,4
ERPM,ERP ANAMA,base,,,03º24'12''S,061º31'48''W,-3.4033333333333333,-61.53,0,22,W,1,0,0,INFERIDA_DESCRICAO,4
ERPN,ERP ANORI,base,,,03º31'56''S,061º47'58''W,-3.5322222222222224,-61.79944444444444,0,22,W,1,0,0,INFERIDA_DESCRICAO,4
ESGED,"MACAÉ / Fixo compulsório, RJ",waypoint,,,22º35'17''S,040º42'10''W,-22.588055555555556,-40.70277777777778,,23,W,1,0,1,INFERIDA_DESCRICAO,4
ESPF,"NAVIO / FPSO Espadarte, BC",plataforma,plataforma,9PEP,23º59'00''S,046º17'00''W,-23.983333333333334,-46.28333333333333,0,23,W,1,1,0,INFERIDA_DESCRICAO,4
EURUS,SAFE EURUS,plataforma,plataforma,9PUR,24º17'00''S,043º01'00''W,-24.283333333333335,-43.016666666666666,143,23,W,1,1,0,INFERIDA_DESCRICAO,4
EVLAS,PONTO DE NOTIFICAÇÃO,waypoint,,,21º38'59''S,040º32'00''W,-21.649722222222223,-40.53333333333333,,23,W,1,0,1,INFERIDA_DESCRICAO,4
EVLUK,"MACAÉ / Fixo compulsório, RJ",waypoint,,,22º22'44''S,040º34'57''W,-22.378888888888888,-40.5825,,23,W,1,0,1,INFERIDA_DESCRICAO,4
EVTUS,AEROVIA DE SAÍDA KZ 152-174,waypoint,,,23º06'59''S,041º18'59''W,-23.116388888888892,-41.31638888888889,0,23,W,1,0,0,INFERIDA_DESCRICAO,4
EXPLOR,PLATAFORMA / SEAN EXPLORER,plataforma,plataforma,,00º00'00''S,000º00'00''W,0,0,0,22,W,0,0,1,INFERIDA_DESCRICAO,4
FAN,FANTE,waypoint,,,23º02'23''S,043º00'20''W,-23.039722222222224,-43.00555555555555,,23,W,1,0,1,INFERIDA_DESCRICAO,4
FASA,NAVIO / Far Saga - BS 22XX2792-4696,plataforma,plataforma,9PIA,25º12'03''S,042º52'05''W,-25.200833333333332,-42.86805555555556,83,23,W,1,1,0,INFERIDA_DESCRICAO,4
FCDA,NAVIO / Cidade de Anchieta,plataforma,plataforma,9PGI,21º20'37''S,040º03'48''W,-21.34361111111111,-40.06333333333333,0,24,W,1,1,0,INFERIDA_DESCRICAO,4
FCSV,NAVIO / Cidade de São Vicente,plataforma,plataforma,9PVC,24º50'14''S,042º43'45''W,-24.83722222222222,-42.72916666666667,83,22,W,1,1,0,INFERIDA_DESCRICAO,4
FDS 2,SAIPEM FDS 2,plataforma,plataforma,9PGT,25º19'30''S,042º42'21''W,-25.325,-42.70583333333334,0,22,W,1,1,0,INFERIDA_DESCRICAO,4
FLOT,"PLATAFORMA / FLOTEL Etesco Millennium, BC",plataforma,plataforma,,22º26'08''S,040º29'01''W,-22.435555555555556,-40.48361111111111,0,23,W,1,1,0,INFERIDA_DESCRICAO,4
FPAB,FPSO ALMIRANTE BARROSO,plataforma,plataforma,9PMB,24º35'48''S,042º34'05''W,-24.596666666666664,-42.56805555555556,0,22,W,1,1,0,INFERIDA_DESCRICAO,4
FPAG,ANITA GARIBALDI,plataforma,plataforma,9PLG,22º23'41''S,040º06'29''W,-22.39472222222222,-40.10805555555556,0,22,W,1,1,0,INFERIDA_DESCRICAO,4
FPAN,FPSO ANNA NERY,plataforma,plataforma,9PNN,22º27'59''S,040º03'42''W,-22.46638888888889,-40.06166666666666,0,23,W,1,1,0,INFERIDA_DESCRICAO,4
FPAR,"NAVIO / CIDADE DE ANGRA DOS REIS, BS - 022XX2105-9510",plataforma,plataforma,9PBE,25º32'40''S,042º50'40''W,-25.544444444444448,-42.84444444444445,152,22,W,1,1,0,INFERIDA_DESCRICAO,4
FPBR,"NAVIO / FPSO Brasil, BC",plataforma,plataforma,9PBR,21º55'59''S,039º49'05''W,-21.93305555555556,-39.81805555555556,0,24,W,1,1,0,INFERIDA_DESCRICAO,4
FPCA,"NAVIO / CIDADE CARAGUATATUBA, BS - 22XX2105-9223",plataforma,plataforma,9PJT,25º31'04''S,043º27'59''W,-25.517777777777777,-43.46638888888889,105,22,W,1,1,0,INFERIDA_DESCRICAO,4
FPCG,FPSO MV 29 CIDADE DE CAMPOS DOS GOYTACAZES,plataforma,plataforma,9PQZ,22º57'12''S,040º43'51''W,-22.953333333333333,-40.73083333333334,100,23,W,1,1,0,INFERIDA_DESCRICAO,4
FPCI,NAVIO / FPSO Cidadae de Itajaí - 047XX3390-1580,plataforma,plataforma,9PGK,26º24'58''S,046º28'55''W,-26.41611111111111,-46.481944444444444,113,22,W,1,1,0,INFERIDA_DESCRICAO,4
FPCP,CIDADE DE CAMPOS,waypoint,,,23º05'00''S,044º16'35''W,-23.083333333333332,-44.27638888888889,0,22,W,1,0,0,INFERIDA_DESCRICAO,5
FPCR,FPSO CARIOCA,plataforma,plataforma,9PKC,25º13'55''S,042º34'18''W,-25.231944444444444,-42.57166666666667,0,22,W,1,1,0,INFERIDA_DESCRICAO,5
FPCS,"NAVIO / Cidade de Santos, BS - - 22XX21054510",plataforma,plataforma,9PAA,24º18'00''S,042º42'42''W,-24.3,-42.711666666666666,150,23,W,1,1,0,INFERIDA_DESCRICAO,5
FPDC,FPSO MARECHAL DUQUE DE CAXIAS,plataforma,plataforma,9PMC,24º41'08''S,042º17'38''W,-24.685555555555556,-42.29388888888889,0,23,W,1,1,0,INFERIDA_DESCRICAO,5
FPES,FSO ESPIRITO SANTO,embarcacao,plataforma,,21º12'27''S,039º44'04''W,-21.2075,-39.73444444444444,0,23,W,1,1,0,INFERIDA_DESCRICAO,5
FPFL,"NAVIO / FPSO Fluminense, BC",plataforma,plataforma,9PFL,22º38'09''S,040º25'59''W,-22.635833333333334,-40.433055555555555,83,23,W,1,1,0,INFERIDA_DESCRICAO,5
FPGU,FPSO GUANABARA,plataforma,plataforma,9POG,24º34'58''S,042º15'21''W,-24.58277777777778,-42.255833333333335,0,22,W,1,1,0,INFERIDA_DESCRICAO,5
FPIB,FPSO CIDADE DE ILHABELA,plataforma,plataforma,9PIT,25º40'31''S,043º12'36''W,-25.67527777777778,-43.21,163,22,W,1,1,0,INFERIDA_DESCRICAO,5
FPIT,"NAVIO / FPSO Cidade de Itaguaí, BS - 22XX2105-9128",plataforma,plataforma,9PJN,25º08'39''S,042º56'59''W,-25.144166666666667,-42.94972222222222,94,23,W,1,1,0,INFERIDA_DESCRICAO,5
FPMA,"NAVIO / CIDADE DE MANGARATIBA, BS - 022XX2105-3200",plataforma,plataforma,9PIV,25º12'10''S,042º52'43''W,-25.202777777777776,-42.87861111111111,82,22,W,1,1,0,INFERIDA_DESCRICAO,5
FPMQ,FPSO MARIA QUITERIA,plataforma,plataforma,9PKN,21º16'14''S,039º59'59''W,-21.270555555555553,-39.999722222222225,72,22,W,1,1,0,INFERIDA_DESCRICAO,5
FPMR,"FPSO NAVIO CIDADE DE MARICÁ, BS  21XX2006-0770",plataforma,plataforma,9PJR,25º26'52''S,042º45'11''W,-25.447777777777777,-42.753055555555555,111,22,W,1,1,0,INFERIDA_DESCRICAO,5
FPMS,"NAVIO / Marlim Sul, BC",plataforma,plataforma,9PMS,22º32'23''S,040º01'19''W,-22.539722222222224,-40.02194444444444,107,24,W,1,1,0,INFERIDA_DESCRICAO,5
FPNT,"NAVIO / FPSO Cidade de Niterói, BC - 22XX2792-0430",plataforma,plataforma,9PCN,22º29'08''S,039º56'02''W,-22.485555555555557,-39.93388888888889,113,24,W,1,1,0,INFERIDA_DESCRICAO,5
FPPA,"NAVIO / FPSO CIDADE DE PARATY, BS - 21XX2006-0750",plataforma,plataforma,9PHF,25º23'35''S,042º45'39''W,-25.393055555555556,-42.76083333333333,61,22,W,1,1,0,INFERIDA_DESCRICAO,5
FPPL,FPSO PIONEIRO DE LIBRA - FPPL,plataforma,plataforma,9PLI,24º32'24''S,042º07'54''W,-24.540000000000003,-42.13166666666667,93,22,W,1,1,0,INFERIDA_DESCRICAO,5
FPPV,"NAVIO / FPSO POLVO, BS - 21XX37213927",plataforma,plataforma,9PGM,23º04'50''S,041º00'45''W,-23.080555555555556,-41.0125,93,23,W,1,1,0,INFERIDA_DESCRICAO,5
FPRJ,"NAVIO / FPSO Cidade do Rio de Janeiro, BC - 22XX2792-0400",plataforma,plataforma,9PCI,22º51'26''S,040º21'37''W,-22.857222222222223,-40.36027777777778,67,23,W,1,1,0,INFERIDA_DESCRICAO,5
FPRO,NAVIO / FPSO Rio das Ostras - 22XX2792-0410,plataforma,plataforma,9PRO,22º54'45''S,040º40'58''W,-22.912499999999998,-40.68277777777777,104,23,W,1,1,0,INFERIDA_DESCRICAO,5
FPSA,FPSO CIDADE DE SAQUAREMA,plataforma,plataforma,9PSB,25º29'25''S,042º46'51''W,-25.490277777777777,-42.780833333333334,147,22,W,1,1,0,INFERIDA_DESCRICAO,5
FPSE,FPSO SEPETIBA,plataforma,plataforma,9PYS,24º37'42''S,042º15'51''W,-24.628333333333334,-42.26416666666667,55,22,W,1,1,0,INFERIDA_DESCRICAO,5
FPSI,FPSO CIDADE DE ITAJAI,plataforma,plataforma,9PGK,26º27'00''S,046º31'00''W,-26.45,-46.516666666666666,113,22,W,1,1,0,INFERIDA_DESCRICAO,5
FPSO,FPSO PEREGRINO,plataforma,plataforma,9PCD,23º19'08''S,041º15'30''W,-23.31888888888889,-41.25833333333333,0,23,W,1,1,0,INFERIDA_DESCRICAO,5
FPSP,"NAVIO / FPSO CIDADE DE SÃO PAULO, BS - 22XX2105-4700",plataforma,plataforma,9PGR,25º47'30''S,043º15'15''W,-25.791666666666668,-43.25416666666667,87,22,W,1,1,0,INFERIDA_DESCRICAO,5
FRADE,FPSO FRADE,plataforma,plataforma,9PFD,21º53'10''S,039º51'28''W,-21.88611111111111,-39.85777777777778,123,24,W,1,1,0,INFERIDA_DESCRICAO,5
FSAM,NAVIO / FAR SAMSON,plataforma,plataforma,9PGZ,25º41'59''S,043º12'59''W,-25.699722222222224,-43.21638888888889,64,22,W,1,1,0,INFERIDA_DESCRICAO,5
FSME,NAVIO / FSO Cidade de Macaé,plataforma,plataforma,9PCC,22º09'38''S,040º08'52''W,-22.160555555555554,-40.147777777777776,72,23,W,1,1,0,INFERIDA_DESCRICAO,5
FSPG,FSO PARGO,plataforma,plataforma,9PNX,22º13'53''S,040º20'08''W,-22.231388888888887,-40.33555555555556,118,23,W,1,1,0,INFERIDA_DESCRICAO,5
GELUT,GELUT,waypoint,,,22º56'54''S,043º30'34''W,-22.948333333333334,-43.50944444444445,,22,W,1,0,1,INFERIDA_DESCRICAO,5
GEOH,NAVIO / Geoholm,plataforma,plataforma,9PGH,25º40'50''S,043º12'00''W,-25.680555555555557,-43.2,63,23,W,1,1,0,INFERIDA_DESCRICAO,5
GIGDU,PONTO DE NOTIFICAÇÃO KZ184,waypoint,,,21º45'51''S,040º32'43''W,-21.764166666666668,-40.54527777777778,,23,W,1,0,1,INFERIDA_DESCRICAO,5
GOLD,sobrevoo,waypoint,,,22º56'28''S,042º40'21''W,-22.941111111111113,-42.6725,0,22,W,1,0,0,INFERIDA_DESCRICAO,5
HBR,NAVIO HOS BRASS RING,plataforma,plataforma,9PRG,22º14'00''S,040º21'00''W,-22.233333333333334,-40.35,0,22,W,1,1,0,INFERIDA_DESCRICAO,5
HDD R,HDD REVISSEMAR SOBREVOO,waypoint,,,22º51'33''S,042º49'08''W,-22.859166666666667,-42.81888888888889,0,22,W,1,0,0,INFERIDA_DESCRICAO,5
ICA,ICARAI,waypoint,,,22º54'29''S,043º06'46''W,-22.908055555555553,-43.11277777777778,0,23,W,1,0,0,INFERIDA_DESCRICAO,5
ILH,ILHA,waypoint,,,23º03'50''S,043º08'45''W,-23.06388888888889,-43.145833333333336,0,23,W,1,0,0,INFERIDA_DESCRICAO,5
ILHA,ILHA DE SANTANA,waypoint,,,22º25'02''S,041º40'35''W,-22.41722222222222,-41.67638888888889,0,23,W,1,0,0,INFERIDA_DESCRICAO,5
INTER,FAZENDA INTERATIVA MACAÉ,waypoint,,,22º33'00''S,041º46'20''W,-22.55,-41.77222222222222,0,24,W,1,0,0,INFERIDA_DESCRICAO,5
IRASA,ILHA RASA,waypoint,,,23º03'49''S,043º08'45''W,-23.06361111111111,-43.145833333333336,0,22,W,1,0,0,INFERIDA_DESCRICAO,5
IROQ,NAVIO / Iroquois,plataforma,plataforma,9PIR,23º39'00''S,045º23'00''W,-23.65,-45.38333333333333,30,22,W,1,1,0,INFERIDA_DESCRICAO,5
ISEMO,PONTO DE NOTIFICAÇÃO - SAÍDA,waypoint,,,24º20'00''S,042º10'00''W,-24.333333333333332,-42.166666666666664,,23,W,1,0,1,INFERIDA_DESCRICAO,5
ITA,ITAIPU,waypoint,,,23º00'06''S,043º03'37''W,-23.001666666666665,-43.06027777777778,0,23,W,1,0,0,INFERIDA_DESCRICAO,5
ITEKI,PONTO DE NOTIFICAÇÃO - ENTRADA,waypoint,,,25º00'00''S,042º40'00''W,-25,-42.666666666666664,,23,W,1,0,1,INFERIDA_DESCRICAO,5
JAC,JACONE,waypoint,,,22º59'06''S,042º38'32''W,-22.985,-42.64222222222222,0,23,W,1,0,0,INFERIDA_DESCRICAO,5
JACO,sobrevoo scraper jaconé,waypoint,,,22º56'13''S,042º40'00''W,-22.936944444444446,-42.666666666666664,0,22,W,1,0,0,INFERIDA_DESCRICAO,5
JN28,NAVIO / Jascon,plataforma,plataforma,9PJS,00º00'00''S,000º00'00''W,0,0,87,23,W,0,0,1,INFERIDA_DESCRICAO,5
JOAM,JOAMA SOBREVOO,waypoint,,,22º53'00''S,042º47'22''W,-22.883333333333333,-42.78944444444444,0,22,W,1,0,0,INFERIDA_DESCRICAO,5
JPA1,"FIXO, Portão JPA1, bs",waypoint,,,23º02'42''S,043º22'06''W,-23.045,-43.36833333333333,,23,W,1,0,1,INFERIDA_DESCRICAO,5
JPA2,"FIXO, Portão JPA2, BS",waypoint,,,23º02'09''S,043º19'19''W,-23.035833333333336,-43.32194444444445,,23,W,1,0,1,INFERIDA_DESCRICAO,5
KADUS,PONTO DE NOTIFICAÇÃO - SAÍDA,waypoint,,,24º20'00''S,042º20'00''W,-24.333333333333332,-42.333333333333336,,23,W,1,0,1,INFERIDA_DESCRICAO,5
KAKOB,PONTO DE NOTIFICAÇÃO,waypoint,,,21º52'59''S,040º32'00''W,-21.883055555555558,-40.53333333333333,0,23,W,1,0,0,INFERIDA_DESCRICAO,5
KEAN,NAVIO / Kelly Ann,plataforma,plataforma,9PGV,00º00'00''S,000º00'00''W,0,0,63,23,W,0,0,1,INFERIDA_DESCRICAO,5
KMAKER,KING MAKER (ATLANTIC ZEPHYR),plataforma,plataforma,9PAZ,23º08'07''S,041º05'24''W,-23.135277777777777,-41.09,0,23,W,1,1,0,INFERIDA_DESCRICAO,5
KMD3,"NAVIO / Kommandor 3000, BC - 21XX3370-6280",plataforma,plataforma,9PKO,22º32'08''S,040º00'55''W,-22.535555555555558,-40.015277777777776,50,24,W,1,1,0,INFERIDA_DESCRICAO,5
KONDA,PONTO DE NOTIFICAÇÃO,waypoint,,,20º54'00''S,040º06'00''W,-20.9,-40.1,0,22,W,1,0,0,INFERIDA_DESCRICAO,6
LAGO,BASE LAGO,base,,,06º21'28''S,050º26'26''W,-6.357777777777778,-50.440555555555555,0,20,W,1,0,0,INFERIDA_DESCRICAO,6
LAGOS,LAGOS,waypoint,,,22º48'21''S,042º21'16''W,-22.805833333333332,-42.35444444444445,0,23,W,1,0,0,INFERIDA_DESCRICAO,6
LARA,LARANJA,waypoint,,,23º22'25''S,044º39'01''W,-23.37361111111111,-44.650277777777774,0,22,W,1,0,0,INFERIDA_DESCRICAO,6
LITOV,PONTO DE NOTIFICAÇÃO,waypoint,,,21º41'59''S,040º32'59''W,-21.699722222222224,-40.54972222222222,0,22,W,1,0,0,INFERIDA_DESCRICAO,6
LOCH,"NAVIO / Lochnagar, BC",embarcacao,plataforma,,22º13'00''S,040º15'00''W,-22.216666666666665,-40.25,,24,W,1,1,1,INFERIDA_DESCRICAO,6
LORE,LORELAY NAVIO SISMICO  BS 21XX 2166-5576,plataforma,plataforma,9PJI,25º06'14''S,043º07'18''W,-25.10388888888889,-43.12166666666667,0,22,W,1,1,0,INFERIDA_DESCRICAO,6
M057,navio,embarcacao,plataforma,,05º22'30''N,050º22'31''W,5.375,-50.375277777777775,0,16,W,1,1,0,INFERIDA_DESCRICAO,6
M086,NAVIO,embarcacao,plataforma,,05º07'30''N,050º22'30''W,5.125,-50.375,0,16,W,1,1,0,INFERIDA_DESCRICAO,6
M088,NAVIO,embarcacao,plataforma,,05º07'30''N,050º07'30''W,5.125,-50.125,0,16,W,1,1,0,INFERIDA_DESCRICAO,6
M125,NAVIO,embarcacao,plataforma,,04º52'30''N,050º07'30''W,4.875000000000001,-50.125,0,16,W,1,1,0,INFERIDA_DESCRICAO,6
M127,NAVIO,embarcacao,plataforma,,04º52'30''N,049º50'30''W,4.875000000000001,-49.84166666666667,0,16,W,1,1,0,INFERIDA_DESCRICAO,6
MAKIT,"MACAÉ / Fixo compulsório, RJ",waypoint,,,22º07'13''S,040º33'11''W,-22.12027777777778,-40.55305555555555,,24,W,1,0,1,INFERIDA_DESCRICAO,6
MALDI,"fixo ,maldi",waypoint,,,22º36'24''S,041º01'24''W,-22.60666666666667,-41.02333333333333,,23,W,1,0,1,INFERIDA_DESCRICAO,6
MARA,MARA,waypoint,,,23º11'59''S,043º52'11''W,-23.199722222222224,-43.86972222222222,,22,W,1,0,1,INFERIDA_DESCRICAO,6
MASPI,"Fixo Compulsorio, Maspi",waypoint,,,22º41'01''S,040º48'59''W,-22.683611111111112,-40.81638888888889,,23,W,1,0,1,INFERIDA_DESCRICAO,6
MEBDA,"MACAÉ / Fixo compulsório, RJ",waypoint,,,22º29'23''S,040º37'42''W,-22.489722222222223,-40.62833333333333,,23,W,1,0,1,INFERIDA_DESCRICAO,6
MEDI,"MACAÉ / Fixo compulsório, RJ",waypoint,,,22º29'39''S,040º37'29''W,-22.49416666666667,-40.624722222222225,,23,W,1,0,1,INFERIDA_DESCRICAO,6
MENA,"MACAÉ / Fixo compulsório, RJ",waypoint,,,22º04'10''S,040º32'23''W,-22.069444444444443,-40.53972222222222,,24,W,1,0,1,INFERIDA_DESCRICAO,6
MF1,MF1,waypoint,,,24º14'10''S,043º17'56''W,-24.23611111111111,-43.29888888888889,0,22,W,1,0,0,INFERIDA_DESCRICAO,6
MF2,MF2,waypoint,,,22º31'10''S,042º06'49''W,-22.519444444444442,-42.11361111111111,0,22,W,1,0,0,INFERIDA_DESCRICAO,6
MIA,VOR (MARICA) ponto fixo,waypoint,,,22º58'03''S,042º53'46''W,-22.967499999999998,-42.89611111111111,0,22,W,1,0,0,INFERIDA_DESCRICAO,6
MINOD,"MACAÉ / FIXO COMPULSÓRIO, RJ",waypoint,,,22º14'34''S,040º34'11''W,-22.24277777777778,-40.569722222222225,,23,W,1,0,1,INFERIDA_DESCRICAO,6
MODEC,MODEC,waypoint,,,23º05'34''S,044º16'32''W,-23.092777777777776,-44.275555555555556,0,22,W,1,0,0,INFERIDA_DESCRICAO,6
MOLDA,"MACAÉ / Fixo compulsório, RJ",waypoint,,,22º43'52''S,040º54'37''W,-22.731111111111108,-40.91027777777778,,23,W,1,0,1,INFERIDA_DESCRICAO,6
MOLKI,"MACAÉ / Fixo compulsório, RJ",waypoint,,,22º22'05''S,040º59'33''W,-22.368055555555557,-40.9925,,23,W,1,0,1,INFERIDA_DESCRICAO,6
MONGU,PONTOS DE NOTIFICAÇÃO,waypoint,,,22º10'59''S,040º51'59''W,-22.18305555555556,-40.86638888888889,0,23,W,1,0,0,INFERIDA_DESCRICAO,6
MORRO,MORRO,waypoint,,,22º31'25''S,042º04'55''W,-22.52361111111111,-42.081944444444446,,23,W,1,0,1,INFERIDA_DESCRICAO,6
MYLOS,"NAVIO / OCEAN RIG MYLOS, BC",embarcacao,plataforma,,23º22'00''S,040º04'00''W,-23.366666666666667,-40.06666666666667,0,24,W,1,1,0,INFERIDA_DESCRICAO,6
NAVICA,SEVEN NAVICA CANAL 16,plataforma,plataforma,9PNK,22º38'56''S,040º25'43''W,-22.648888888888887,-40.42861111111111,0,22,W,1,1,0,INFERIDA_DESCRICAO,6
NMERM,NAVIO / Normand Mermeid,plataforma,plataforma,9PNE,21º53'00''S,039º49'00''W,-21.883333333333333,-39.81666666666667,0,24,W,1,1,0,INFERIDA_DESCRICAO,6
NO102,NORTH OCEAN 102,plataforma,plataforma,9PIY,22º02'52''S,039º48'08''W,-22.047777777777778,-39.80222222222222,0,23,W,1,1,0,INFERIDA_DESCRICAO,6
NOMA,NORMAND MAXIMUS,plataforma,plataforma,9PMA,25º19'06''S,042º41'07''W,-25.31833333333333,-42.68527777777778,0,22,W,1,1,0,INFERIDA_DESCRICAO,6
NOME,NORMAND MERMAID,plataforma,plataforma,9PMT,22º00'50''S,039º43'51''W,-22.01388888888889,-39.73083333333334,,22,W,1,1,1,INFERIDA_DESCRICAO,6
NORM,"NAVIO / Normand Seven, BC",plataforma,plataforma,9PNO,25º28'22''S,043º59'00''W,-25.472777777777775,-43.983333333333334,120,23,W,1,1,0,INFERIDA_DESCRICAO,6
NPRO,NAVIO / Normand Progress,plataforma,plataforma,9PNP,22º25'00''S,040º01'00''W,-22.416666666666668,-40.016666666666666,0,24,W,1,1,0,INFERIDA_DESCRICAO,6
NS07,"NAVIO / ABAN ABRANHAM (PEREGRINE III), BC",plataforma,plataforma,9PDA,21º53'45''S,039º56'59''W,-21.895833333333332,-39.94972222222222,67,24,W,1,1,0,INFERIDA_DESCRICAO,6
NS09,"NAVIO / S.C.Lancer, BC (9 PBO)",embarcacao,plataforma,,22º04'16''S,039º50'53''W,-22.07111111111111,-39.84805555555556,0,24,W,1,1,0,INFERIDA_DESCRICAO,6
NS14,"NAVIO / Discoverer Seven Seas, BC",plataforma,plataforma,9PBP,23º44'00''S,042º00'00''W,-23.733333333333334,-42,,23,W,1,1,1,INFERIDA_DESCRICAO,6
NS15,"NAVIO / Noble Roger Eason, BC",plataforma,plataforma,9PJG,21º30'20''S,040º25'06''W,-21.505555555555556,-40.41833333333333,87,5,W,1,1,0,INFERIDA_DESCRICAO,6
NS20,NAVIO / Penegrine IV,embarcacao,plataforma,,15º20'00''S,037º08'00''W,-15.333333333333334,-37.13333333333333,0,24,W,1,1,0,INFERIDA_DESCRICAO,6
NS21,NAVIO / Ocean Cliper,plataforma,plataforma,9POC,25º19'26''S,042º39'47''W,-25.323888888888888,-42.66305555555555,0,22,W,1,1,0,INFERIDA_DESCRICAO,6
NS22,"NAVIO / Deep Water Frontier, BC",plataforma,plataforma,9PDF,22º26'30''S,041º43'00''W,-22.441666666666666,-41.71666666666667,0,23,W,1,1,0,INFERIDA_DESCRICAO,6
NS23,NAVIO / Deep Water Navegator,plataforma,plataforma,9PDN,22º59'35''S,040º45'21''W,-22.993055555555557,-40.755833333333335,0,23,W,1,1,0,INFERIDA_DESCRICAO,6
NS24,"NAVIO / Navis Explorer I, BC",embarcacao,plataforma,,22º26'21''S,041º42'02''W,-22.439166666666665,-41.70055555555556,0,23,W,1,1,0,INFERIDA_DESCRICAO,6
NS25,NAVIO / Stena DrilMax,plataforma,plataforma,9PDR,25º52'01''S,043º43'00''W,-25.866944444444446,-43.71666666666667,,22,W,1,1,1,INFERIDA_DESCRICAO,6
NS26,"NAVIO / Deepwater Milleniun, BC",plataforma,plataforma,9PDM,22º42'00''S,040º41'00''W,-22.7,-40.68333333333333,0,23,W,1,1,0,INFERIDA_DESCRICAO,6
NS28,NAVIO / West Polaris,plataforma,plataforma,9PWO,24º42'12''S,042º22'54''W,-24.703333333333333,-42.38166666666667,0,22,W,1,1,0,INFERIDA_DESCRICAO,6
NS29,CAROLINA - MS29,plataforma,plataforma,9PEH,24º41'43''S,042º27'04''W,-24.69527777777778,-42.45111111111111,117,23,W,1,1,0,INFERIDA_DESCRICAO,6
NS30,"NAVIO / VITÓRIA 10.000, BS - 22XX2773-9100 / 22XX2792-7660",plataforma,plataforma,9PCO,22º24'00''S,041º40'00''W,-22.4,-41.666666666666664,80,22,W,1,1,0,INFERIDA_DESCRICAO,6
NS31,PETROBRAS 10000 - NS31,plataforma,plataforma,9PCY,22º14'17''S,039º59'52''W,-22.238055555555558,-39.99777777777778,116,23,W,1,1,0,INFERIDA_DESCRICAO,6
NS32,NORBE VIII - NS32,plataforma,plataforma,9PDJ,24º19'25''S,042º42'16''W,-24.32361111111111,-42.70444444444445,110,22,W,1,1,0,INFERIDA_DESCRICAO,6
NS33,NAVIO / NORB IX- 09,plataforma,plataforma,9PDV,25º16'22''S,042º32'52''W,-25.272777777777776,-42.547777777777775,148,23,W,1,1,0,INFERIDA_DESCRICAO,6
NS34,"NAVIO / PACIFIC MISTRAL, BC",plataforma,plataforma,9PEL,25º28'51''S,043º57'54''W,-25.480833333333333,-43.965,95,22,W,1,1,0,INFERIDA_DESCRICAO,6
NS35,NAVIO / DSM2 DEEPSEA METRO II,plataforma,plataforma,9PEX,23º25'00''S,043º23'00''W,-23.416666666666668,-43.38333333333333,0,22,W,1,1,0,INFERIDA_DESCRICAO,6
NS36,"NAVIO / CERRADO, BS",plataforma,plataforma,9PFH,00º00'00''S,000º00'00''W,0,0,79,5,W,0,0,1,INFERIDA_DESCRICAO,7
NS37,"NAVIO / SERTÃO, BS",plataforma,plataforma,9PFY,24º38'00''S,042º01'00''W,-24.633333333333333,-42.016666666666666,79,23,W,1,1,0,INFERIDA_DESCRICAO,7
NS38,TAKATSUGU - NS38,plataforma,plataforma,9PFI,22º27'43''S,040º01'26''W,-22.461944444444445,-40.02388888888889,117,22,W,1,1,0,INFERIDA_DESCRICAO,7
NS39,MYKONOS,plataforma,plataforma,9PEZ,26º24'00''S,043º41'16''W,-26.4,-43.687777777777775,0,23,W,1,1,0,INFERIDA_DESCRICAO,7
NS40,CORCOVADO - NS40,plataforma,plataforma,9PFJ,21º19'36''S,039º54'34''W,-21.326666666666668,-39.909444444444446,107,22,W,1,1,0,INFERIDA_DESCRICAO,7
NS41,NAVIO / ODN 1,plataforma,plataforma,9PGF,22º27'39''S,040º02'48''W,-22.460833333333333,-40.04666666666667,93,22,W,1,1,0,INFERIDA_DESCRICAO,7
NS42,NAVIO / ODN II,plataforma,plataforma,9PGG,22º28'09''S,039º53'55''W,-22.469166666666666,-39.89861111111111,93,22,W,1,1,0,INFERIDA_DESCRICAO,7
NS43,AMARALINA STAR- NS43,plataforma,plataforma,9PGJ,24º45'50''S,042º25'43''W,-24.76388888888889,-42.42861111111111,117,22,W,1,1,0,INFERIDA_DESCRICAO,7
NS44,LAGUNA STAR - NS44,plataforma,plataforma,9PGQ,21º56'18''S,039º42'25''W,-21.938333333333333,-39.706944444444446,117,22,W,1,1,0,INFERIDA_DESCRICAO,7
NS45,NAVIO / BRAVA STAR,plataforma,plataforma,9PJO,22º22'58''S,040º03'41''W,-22.38277777777778,-40.061388888888885,120,22,W,1,1,0,INFERIDA_DESCRICAO,7
NS46,"NAVIO / DHIRUBHAI DEEPWATER KG1, BS - 22XX2791-8650",plataforma,plataforma,9PJC,25º22'30''S,042º38'22''W,-25.375,-42.63944444444444,117,5,W,1,1,0,INFERIDA_DESCRICAO,7
NS47,NAVIO / WEST TELLUS,plataforma,plataforma,9PTU,24º57'05''S,042º29'59''W,-24.95138888888889,-42.499722222222225,103,23,W,1,1,0,INFERIDA_DESCRICAO,7
NS48,"NAVIO / WEST CARINA, BS - 22xx2141-8100",plataforma,plataforma,9PKA,22º22'18''S,040º09'58''W,-22.371666666666666,-40.16611111111111,120,23,W,1,1,0,INFERIDA_DESCRICAO,7
NS51,HELIX 1 - NS51,plataforma,plataforma,9PSH,08º22'57''S,034º58'44''W,-8.3825,-34.97888888888889,140,22,W,1,1,0,INFERIDA_DESCRICAO,7
NS52,HELIX 2 - NS52,plataforma,plataforma,9PXL,22º39'56''S,040º13'45''W,-22.665555555555553,-40.22916666666667,0,22,W,1,1,0,INFERIDA_DESCRICAO,7
NS54,VALARIS DS-4,plataforma,plataforma,9PVS,24º45'15''S,042º20'17''W,-24.754166666666666,-42.338055555555556,103,22,W,1,1,0,INFERIDA_DESCRICAO,7
NS55,WEST JUPITER,plataforma,plataforma,9PWJ,24º37'07''S,042º28'07''W,-24.61861111111111,-42.468611111111116,0,22,W,1,1,0,INFERIDA_DESCRICAO,7
NS56,DEEPWATER ORION,plataforma,plataforma,9PWN,21º15'06''S,040º01'53''W,-21.251666666666665,-40.03138888888889,0,22,W,1,1,0,INFERIDA_DESCRICAO,7
NS57,KG2,plataforma,plataforma,9PKH,25º24'38''S,042º42'40''W,-25.410555555555554,-42.711111111111116,44,22,W,1,1,0,INFERIDA_DESCRICAO,7
NS58,DS-08 - NS58,plataforma,plataforma,9PKI,22º39'45''S,040º08'48''W,-22.662499999999998,-40.14666666666667,118,22,W,1,1,0,INFERIDA_DESCRICAO,7
NS59,NOBLE FAYE KOZACK CANAL 16,plataforma,plataforma,9PKJ,25º36'29''S,042º50'22''W,-25.608055555555556,-42.839444444444446,0,22,W,1,1,0,INFERIDA_DESCRICAO,7
NS60,Deepwater Aquila,plataforma,plataforma,9PTW,22º36'00''S,040º13'59''W,-22.6,-40.23305555555556,112,22,W,1,1,0,INFERIDA_DESCRICAO,7
NS61,Atlantic Zonda CANAL MARÍTIMO 16/06,plataforma,plataforma,9PZO,24º41'46''S,042º29'21''W,-24.69611111111111,-42.48916666666667,0,23,W,1,1,0,INFERIDA_DESCRICAO,7
NS62,WEST AURIGA,plataforma,plataforma,,24º42'31''S,042º25'56''W,-24.70861111111111,-42.43222222222222,0,23,W,1,1,0,INFERIDA_DESCRICAO,7
NS63,NS63,plataforma,plataforma,9PBL,23º02'06''S,040º30'16''W,-23.035,-40.504444444444445,0,23,W,1,1,0,INFERIDA_DESCRICAO,7
NUCLEP,Heliponto de Nuclep,heliponto,heliponto,,22º53'00''S,043º49'35''W,-22.883333333333333,-43.82638888888889,0,22,W,1,1,0,INFERIDA_DESCRICAO,7
OBLOL,PONTO DE NOTIFICAÇÃO - ENTRADA,waypoint,,,25º00'00''S,043º00'00''W,-25,-43,,22,W,1,0,1,INFERIDA_DESCRICAO,7
OCEX,NAVIO / PGS OCEAN EXPLORER,plataforma,plataforma,9PEV,22º53'55''S,043º11'00''W,-22.898611111111112,-43.18333333333333,0,23,W,1,1,0,INFERIDA_DESCRICAO,7
ODN1,NAVIO / ODIN I,plataforma,plataforma,9PGF,25º09'00''S,042º34'00''W,-25.15,-42.56666666666667,0,22,W,1,1,0,INFERIDA_DESCRICAO,7
ODYSSE,ARTEMIS ODYSSEY,plataforma,plataforma,9PTD,25º40'00''S,044º36'00''W,-25.666666666666668,-44.6,110,22,W,1,1,0,INFERIDA_DESCRICAO,7
ONIX,"MACAÉ / Fixo compulsório, RJ",waypoint,,,25º09'15''S,042º57'45''W,-25.154166666666665,-42.962500000000006,,22,W,1,0,1,INFERIDA_DESCRICAO,7
OPLOX,PONTO DE NOTIFICAÇÃO,waypoint,,,19º51'00''S,041º02'00''W,-19.85,-41.03333333333333,,22,W,1,0,1,INFERIDA_DESCRICAO,7
OSX3,NAVIO OSX3,plataforma,plataforma,9PHK,23º08'18''S,041º04'28''W,-23.138333333333332,-41.074444444444445,0,23,W,1,1,0,INFERIDA_DESCRICAO,7
OVEG,OCEANIC VEJA,plataforma,plataforma,9PJQ,22º49'38''S,040º48'56''W,-22.827222222222222,-40.815555555555555,0,23,W,1,1,0,INFERIDA_DESCRICAO,7
P04,"PLATAFORMA / Petrobras IV, BG",plataforma,plataforma,9PPI,21º12'19''S,040º01'00''W,-21.205277777777777,-40.016666666666666,0,5,W,1,1,0,INFERIDA_DESCRICAO,7
P05,"PLATAFORMA / Petrobras V, BG",plataforma,plataforma,9PPO,04º50'22''S,036º13'46''W,-4.839444444444444,-36.22944444444445,0,21,W,1,1,0,INFERIDA_DESCRICAO,7
P06,"PLATAFORMA / Petrobrás VI, BG",plataforma,plataforma,9PPT,15º33'37''S,038º44'13''W,-15.56027777777778,-38.73694444444445,0,24,W,1,1,0,INFERIDA_DESCRICAO,7
P07,"PLATAFORMA / Petrobras VII, BC",plataforma,plataforma,9PSL,22º45'57''S,040º41'01''W,-22.765833333333333,-40.683611111111105,70,23,W,1,1,0,INFERIDA_DESCRICAO,7
P08,"PLATAFORMA / Petrobras VIII, BC",plataforma,plataforma,9PES,22º34'01''S,040º31'59''W,-22.566944444444445,-40.533055555555556,120,23,W,1,1,0,INFERIDA_DESCRICAO,7
P09,"PLATAFORMA / Petrobras IX, BC",plataforma,plataforma,9PSS,22º34'41''S,040º31'59''W,-22.578055555555554,-40.533055555555556,77,23,W,1,1,0,INFERIDA_DESCRICAO,7
P10,"PLATAFORMA / Petrobras X, BS",plataforma,plataforma,9PST,22º45'50''S,040º47'40''W,-22.76388888888889,-40.794444444444444,122,23,W,1,1,0,INFERIDA_DESCRICAO,7
P12,"PLATAFORMA / Petrobras XII, BC",plataforma,plataforma,9PSO,22º45'37''S,040º48'59''W,-22.760277777777777,-40.81638888888889,121,23,W,1,1,0,INFERIDA_DESCRICAO,7
P135NM,PONTO 135 NM,plataforma,plataforma,,05º59'20''N,052º31'53''W,5.988888888888889,-52.53138888888889,0,19,W,1,1,0,INFERIDA_DESCRICAO,7
P15,"PLATAFORMA / Petrobras XV, BC",plataforma,plataforma,9PAW,22º40'44''S,040º36'15''W,-22.67888888888889,-40.60416666666667,77,23,W,1,1,0,INFERIDA_DESCRICAO,7
P16,"PLATAFORMA / Petrobras XVI, BC",plataforma,plataforma,9PPL,00º00'00''S,000º00'00''W,0,0,146,5,W,0,0,1,INFERIDA_DESCRICAO,7
P17,"PLATAFORMA / Petrobras XVII, BC",plataforma,plataforma,9PSR,22º20'15''S,040º44'15''W,-22.3375,-40.737500000000004,128,23,W,1,1,0,INFERIDA_DESCRICAO,7
P173NM,ponto 173 nm,plataforma,plataforma,,25º50'59''S,043º45'22''W,-25.849722222222223,-43.75611111111111,0,23,W,1,1,0,INFERIDA_DESCRICAO,7
P18,"PLATAFORMA / Petrobras XVIII, BC",plataforma,plataforma,9PRZ,22º25'48''S,040º01'42''W,-22.43,-40.02833333333333,147,24,W,1,1,0,INFERIDA_DESCRICAO,7
P180NM,ARGENTINA IFR,plataforma,plataforma,,37º56'03''S,054º45'00''W,-37.93416666666666,-54.75,0,23,W,1,1,0,INFERIDA_DESCRICAO,7
P19,"PLATAFORMA / Petrobras XIX, BC",plataforma,plataforma,9PTS,22º23'33''S,040º03'17''W,-22.3925,-40.05472222222222,157,24,W,1,1,0,INFERIDA_DESCRICAO,7
P20,"PLATAFORMA / Petrobras XX, BC",plataforma,plataforma,9PBB,22º21'20''S,040º05'26''W,-22.355555555555558,-40.09055555555556,107,24,W,1,1,0,INFERIDA_DESCRICAO,7
P220NM,PONTO ARGENTINA,plataforma,plataforma,,37º56'03''S,052º25'00''W,-37.93416666666666,-52.416666666666664,0,23,W,1,1,0,INFERIDA_DESCRICAO,7
P23,"PLTAFORMA / Petrobras XXIII, BC",plataforma,plataforma,9PPV,22º05'41''S,039º50'51''W,-22.09472222222222,-39.847500000000004,133,24,W,1,1,0,INFERIDA_DESCRICAO,7
P25,"PLATAFORMA / Petrobras XXV, BC - SBLB",plataforma,plataforma,9PZA,22º06'35''S,039º55'00''W,-22.109722222222224,-39.916666666666664,75,24,W,1,1,0,INFERIDA_DESCRICAO,7
P26,"PLATAFORMA / Petrobras XXVI, BC",plataforma,plataforma,9PBV,22º28'09''S,040º01'48''W,-22.469166666666666,-40.03,131,24,W,1,1,0,INFERIDA_DESCRICAO,8
P27,"PLATAFORMA / Petrobras XXVII, BC",plataforma,plataforma,9PPC,22º22'44''S,040º08'09''W,-22.378888888888888,-40.13583333333333,0,24,W,1,1,0,INFERIDA_DESCRICAO,8
P31,"PLATAFORMA / Petrobras XXXI, BC",plataforma,plataforma,9PFQ,22º07'48''S,039º57'59''W,-22.13,-39.96638888888889,83,24,W,1,1,0,INFERIDA_DESCRICAO,8
P32,"PLATAFORMA / Petrobras XXXII, BC",plataforma,plataforma,9PFO,22º21'08''S,040º14'43''W,-22.352222222222224,-40.24527777777778,33,24,W,1,1,0,INFERIDA_DESCRICAO,8
P33,"PLATAFORMA / Petrobras XXXIII, BC",plataforma,plataforma,9PFR,22º22'14''S,040º01'36''W,-22.370555555555555,-40.026666666666664,70,24,W,1,1,0,INFERIDA_DESCRICAO,8
P34,"PLATAFORMA / Petrobrás 34, BC",plataforma,plataforma,9PPS,21º15'30''S,040º01'07''W,-21.258333333333333,-40.01861111111111,0,24,W,1,1,0,INFERIDA_DESCRICAO,8
P35,"PLATAFORMA / Petrobras XXXV, BC",plataforma,plataforma,9PPF,22º26'39''S,040º04'09''W,-22.444166666666668,-40.06916666666667,77,24,W,1,1,0,INFERIDA_DESCRICAO,8
P36,"PLATAFORMA / Petrobras XXXVI, BC",plataforma,plataforma,9PPQ,21º55'59''S,039º49'05''W,-21.93305555555556,-39.81805555555556,0,24,W,1,1,0,INFERIDA_DESCRICAO,8
P37,"PLATAFORMA / Petrobras XXXVII, BC",plataforma,plataforma,9PFC,22º29'00''S,040º05'09''W,-22.483333333333334,-40.08583333333333,63,24,W,1,1,0,INFERIDA_DESCRICAO,8
P38,"PLATAFORMA / Petrobras XXXVIII, BC",plataforma,plataforma,9PPQ,22º33'54''S,040º07'26''W,-22.565,-40.12388888888889,117,24,W,1,1,0,INFERIDA_DESCRICAO,8
P40,"PLATAFORMA / Petrobras XL, BC",plataforma,plataforma,9PQU,22º32'49''S,040º04'02''W,-22.546944444444446,-40.06722222222223,100,24,W,1,1,0,INFERIDA_DESCRICAO,8
P43,"PLATAFORMA / Petrobras XLIII, BC - 22XX2792-4357",plataforma,plataforma,9PPD,22º33'09''S,040º15'03''W,-22.552500000000002,-40.25083333333333,153,24,W,1,1,0,INFERIDA_DESCRICAO,8
P47,"PLATAFORMA / Petrobras 47, BC",plataforma,plataforma,9PAP,22º20'40''S,040º11'43''W,-22.344444444444445,-40.195277777777775,70,24,W,1,1,0,INFERIDA_DESCRICAO,8
P48,"PLATAFORMA / Petrobras XLVIII, BC",plataforma,plataforma,9PPZ,22º39'46''S,040º14'38''W,-22.662777777777777,-40.24388888888889,150,24,W,1,1,0,INFERIDA_DESCRICAO,8
P50,"PLATAFORMA / Petrobras P50, BC",plataforma,plataforma,9PRT,22º05'08''S,039º49'39''W,-22.085555555555555,-39.8275,187,24,W,1,1,0,INFERIDA_DESCRICAO,8
P51,"PLATAFORMA / Petrobrás 51, BC",plataforma,plataforma,9PEO,22º38'03''S,040º05'37''W,-22.634166666666665,-40.093611111111116,107,24,W,1,1,0,INFERIDA_DESCRICAO,8
P52,"PLATAFORMA / Petrobras 52, BC",plataforma,plataforma,9PTB,21º54'23''S,039º44'10''W,-21.906388888888888,-39.736111111111114,107,24,W,1,1,0,INFERIDA_DESCRICAO,8
P53,"NAVIO / Petrobras 53, BC - 22XX2792-5357",plataforma,plataforma,9PET,22º25'18''S,039º57'28''W,-22.421666666666667,-39.95777777777778,77,24,W,1,1,0,INFERIDA_DESCRICAO,8
P54,"PLATAFORMA / Petrobras 54, BC",plataforma,plataforma,9PVB,21º58'05''S,039º49'33''W,-21.968055555555555,-39.825833333333335,160,24,W,1,1,0,INFERIDA_DESCRICAO,8
P55,"PLATAFORMA / petrobras 55, BC",plataforma,plataforma,9PVD,21º59'59''S,039º44'36''W,-21.999722222222225,-39.74333333333333,137,24,W,1,1,0,INFERIDA_DESCRICAO,8
P56,"PLATAFORMA / Petrobras 56, BC",plataforma,plataforma,9PDS,22º37'26''S,039º59'22''W,-22.62388888888889,-39.989444444444445,106,24,W,1,1,0,INFERIDA_DESCRICAO,8
P57,PLATAFORMA / Petrobras LVII,plataforma,plataforma,9PBZ,21º14'00''S,040º02'00''W,-21.233333333333334,-40.03333333333333,136,24,W,1,1,0,INFERIDA_DESCRICAO,8
P58,"NAVIO / Petrobrás LVIII, BV",plataforma,plataforma,9PHT,21º12'00''S,039º59'00''W,-21.2,-39.983333333333334,63,24,W,1,1,0,INFERIDA_DESCRICAO,8
P59,PLATAFORMA / Petrobras 59,plataforma,plataforma,9PGL,00º00'00''S,000º00'00''W,0,0,83,23,W,0,0,1,INFERIDA_DESCRICAO,8
P60,PLATAFORMA / Petrobras 60,plataforma,plataforma,9PHG,00º00'00''S,000º00'00''W,0,0,83,23,W,0,0,1,INFERIDA_DESCRICAO,8
P61,"PETROBRAS 61, BC",plataforma,plataforma,9PHP,23º30'00''S,041º03'00''W,-23.5,-41.05,163,23,W,1,1,0,INFERIDA_DESCRICAO,8
P62,"PLATAFORMA / Petrobras 62, BC",plataforma,plataforma,9PHU,21º56'33''S,039º46'58''W,-21.9425,-39.782777777777774,97,24,W,1,1,0,INFERIDA_DESCRICAO,8
P-63,Petrobras LXIII,plataforma,plataforma,9PHD,23º30'00''S,041º03'07''W,-23.5,-41.051944444444445,73,23,W,1,1,0,INFERIDA_DESCRICAO,8
P65,"PLATAFORMA / Petrobrás, BC",plataforma,plataforma,9PSD,22º42'06''S,040º40'37''W,-22.701666666666664,-40.676944444444445,106,23,W,1,1,0,INFERIDA_DESCRICAO,8
P66,"Plataforma, P66 - Petrobras LXVI  13XX3249-8057",plataforma,plataforma,9PRB,25º36'16''S,042º49'46''W,-25.604444444444447,-42.82944444444445,146,22,W,1,1,0,INFERIDA_DESCRICAO,8
P67,PLATAFORMA P-67,plataforma,plataforma,9PRX,25º19'47''S,042º41'33''W,-25.329722222222223,-42.692499999999995,0,22,W,1,1,0,INFERIDA_DESCRICAO,8
P68,PLATAFORMA P-68,plataforma,plataforma,9PMO,25º01'05''S,042º40'40''W,-25.018055555555556,-42.67777777777778,0,22,W,1,1,0,INFERIDA_DESCRICAO,8
P69,PLATAFORMA P-69,plataforma,plataforma,9PMN,25º39'05''S,042º51'05''W,-25.65138888888889,-42.85138888888889,0,22,W,1,1,0,INFERIDA_DESCRICAO,8
P70,PLATAFORMA P-70,plataforma,plataforma,9PNZ,24º57'06''S,042º28'09''W,-24.951666666666664,-42.469166666666666,0,22,W,1,1,0,INFERIDA_DESCRICAO,8
P74,Plataforma P-74,plataforma,plataforma,9PTF,24º38'59''S,042º30'54''W,-24.649722222222223,-42.515,0,22,W,1,1,0,INFERIDA_DESCRICAO,8
P-74,PLATAFORMA P-74,plataforma,plataforma,9PTF,24º38'59''S,042º30'52''W,-24.649722222222223,-42.51444444444444,0,22,W,1,1,0,INFERIDA_DESCRICAO,8
P75,P75,plataforma,plataforma,,24º47'20''S,042º30'35''W,-24.78888888888889,-42.50972222222222,0,22,W,1,1,0,INFERIDA_DESCRICAO,8
P-76,PETROBRAS P76,plataforma,plataforma,,24º41'20''S,042º30'21''W,-24.68888888888889,-42.505833333333335,0,22,W,1,1,0,INFERIDA_DESCRICAO,8
P98NM,ponto 98 nm,plataforma,plataforma,,21º43'33''S,041º03'12''W,-21.72583333333333,-41.05333333333333,0,24,W,1,1,0,INFERIDA_DESCRICAO,8
PAPIS,PONTO DE NOTIFICAÇÃO - SAÍDA,waypoint,,,23º30'02''S,042º17'00''W,-23.500555555555554,-42.28333333333333,,23,W,1,0,1,INFERIDA_DESCRICAO,8
PAT3,"PLATAFORMA / Atum 3, BP",plataforma,plataforma,9PTA,02º58'06''S,038º58'31''W,-2.9683333333333333,-38.97527777777778,127,21,W,1,1,0,INFERIDA_DESCRICAO,8
PAX1,ponto auxiliar 1,waypoint,,,22º56'46''S,042º41'27''W,-22.94611111111111,-42.69083333333333,0,22,W,1,0,0,INFERIDA_DESCRICAO,8
PAX2,ponto auxiliar 2,waypoint,,,22º36'34''S,042º59'34''W,-22.609444444444446,-42.99277777777778,0,22,W,1,0,0,INFERIDA_DESCRICAO,8
PAX3,ponto auxiliar 3,waypoint,,,22º39'35''S,043º04'55''W,-22.65972222222222,-43.081944444444446,0,22,W,1,0,0,INFERIDA_DESCRICAO,8
PAX4,ponto auxiliar 4,waypoint,,,22º41'00''S,043º10'44''W,-22.683333333333334,-43.178888888888885,0,22,W,1,0,0,INFERIDA_DESCRICAO,8
PCA2,PLATAFORMA / Cação,plataforma,plataforma,9PCA,19º05'56''S,039º39'15''W,-19.098888888888887,-39.65416666666667,75,24,W,1,1,0,INFERIDA_DESCRICAO,8
PCE1,"PLATAFORMA / ENCHOVA, BC",plataforma,plataforma,9PDX,22º42'23''S,040º41'40''W,-22.70638888888889,-40.69444444444444,73,23,W,1,1,0,INFERIDA_DESCRICAO,8
PCH1,"PLATAFORMA / Cherne 1, BC",plataforma,plataforma,9PCH,22º25'52''S,040º28'57''W,-22.43111111111111,-40.4825,170,24,W,1,1,0,INFERIDA_DESCRICAO,8
PCH2,"PLATAFORMA / Cherne 2, BC",plataforma,plataforma,9PPH,22º27'02''S,040º28'07''W,-22.450555555555553,-40.468611111111116,167,24,W,1,1,0,INFERIDA_DESCRICAO,8
PCM9,"PLATAFORMA / Camorim 09, BJ",plataforma,plataforma,9PCM,10º59'32''S,036º57'59''W,-10.992222222222221,-36.96638888888889,83,23,W,1,1,0,INFERIDA_DESCRICAO,8
PCP1,CARAPEBA 1 - PCP1,plataforma,plataforma,9PCR,22º14'42''S,040º26'34''W,-22.245,-40.44277777777778,140,24,W,1,1,0,INFERIDA_DESCRICAO,8
PCP2,CARAPEBA 2 - PCP2,plataforma,plataforma,9PCP,22º14'00''S,040º24'54''W,-22.233333333333334,-40.415,140,24,W,1,1,0,INFERIDA_DESCRICAO,8
PCR1,PLATAFORMA / Curimã 1,plataforma,plataforma,9PSQ,03º05'27''S,038º47'36''W,-3.0908333333333333,-38.79333333333333,130,21,W,1,1,0,INFERIDA_DESCRICAO,8
PDO1,"PLATAFORMA / Dourado 1, BJ",plataforma,plataforma,9PDO,11º05'50''S,036º57'40''W,-11.097222222222223,-36.961111111111116,,23,W,1,1,1,INFERIDA_DESCRICAO,8
PEA,PE ANORI,waypoint,,,03º42'37''S,061º39'44''W,-3.710277777777778,-61.66222222222222,0,22,W,1,0,0,INFERIDA_DESCRICAO,8
PGA3,"PLATAFORMA / Guaricema 3, BJ",plataforma,plataforma,9PGA,11º08'32''S,037º02'23''W,-11.142222222222221,-37.03972222222222,0,23,W,1,1,0,INFERIDA_DESCRICAO,9
PGAP,PGS APOLO,plataforma,plataforma,9PLL,22º43'45''S,040º15'13''W,-22.729166666666664,-40.25361111111111,0,23,W,1,1,0,INFERIDA_DESCRICAO,9
PGP1,"PLATAFORMA / Garoupa, BC",plataforma,plataforma,9PGB,22º22'23''S,040º25'06''W,-22.373055555555556,-40.41833333333333,140,24,W,1,1,0,INFERIDA_DESCRICAO,9
PIR,PIRATINIGA,waypoint,,,22º56'51''S,043º04'38''W,-22.9475,-43.077222222222225,0,23,W,1,0,0,INFERIDA_DESCRICAO,9
PIRA,"PLATAFORMA / Piranema, BJ",plataforma,plataforma,9PGE,11º23'42''S,036º59'38''W,-11.395,-36.99388888888889,77,23,W,1,1,0,INFERIDA_DESCRICAO,9
PJ1,Petrojarl,plataforma,plataforma,9PTJ,24º07'31''S,041º53'08''W,-24.12527777777778,-41.885555555555555,104,24,W,1,1,0,INFERIDA_DESCRICAO,9
PLANOA,UM,waypoint,,,22º12'00''S,040º42'00''W,-22.2,-40.7,0,23,W,1,0,0,INFERIDA_DESCRICAO,9
PLVS,NAVIO / Solitaire,embarcacao,plataforma,,00º00'00''S,000º00'00''W,0,0,0,22,W,0,0,1,INFERIDA_DESCRICAO,9
PMLZ,"PLATAFORMA / MERLUZA, BS - 13XX3249-3101",plataforma,plataforma,9PML,25º15'54''S,045º15'13''W,-25.265,-45.25361111111111,300,21,W,1,1,0,INFERIDA_DESCRICAO,9
PMNT,"PLATAFORMA / Manati, BA",plataforma,plataforma,9PMM,13º27'00''S,038º48'59''W,-13.45,-38.81638888888889,93,23,W,1,1,0,INFERIDA_DESCRICAO,9
PMXL,"PLATAFORMA / Mexilhão, BS - 13XX3249-3299 / 3249-3257",plataforma,plataforma,9PME,24º21'18''S,044º22'58''W,-24.355,-44.382777777777775,187,22,W,1,1,0,INFERIDA_DESCRICAO,9
PNA1,"PLATAFORMA / Namorado 1, BC - 22XX2792-9157/99",plataforma,plataforma,9PAY,22º26'13''S,040º25'33''W,-22.436944444444446,-40.42583333333333,173,24,W,1,1,0,INFERIDA_DESCRICAO,9
PNA2,"PLATAFORMA / Namorado 2, BC - 22XX2792-9257/99",plataforma,plataforma,9PPY,22º26'56''S,040º24'47''W,-22.448888888888888,-40.41305555555555,173,24,W,1,1,0,INFERIDA_DESCRICAO,9
POAD,"NAVIO, Polarcus Adira, bs",plataforma,plataforma,9PLA,25º13'47''S,044º13'31''W,-25.22972222222222,-44.22527777777778,0,22,W,1,1,0,INFERIDA_DESCRICAO,9
POCO1,ponto comercial 1,waypoint,,,23º08'55''S,041º04'26''W,-23.148611111111112,-41.073888888888895,0,22,W,1,0,0,INFERIDA_DESCRICAO,9
POLVOA,POLVO A,plataforma,plataforma,9POU,23º05'02''S,040º59'45''W,-23.083888888888886,-40.99583333333334,0,23,W,1,1,0,INFERIDA_DESCRICAO,9
PONT,PONTO 1,waypoint,,,21º15'10''S,040º00'15''W,-21.252777777777776,-40.00416666666667,0,23,W,1,0,0,INFERIDA_DESCRICAO,9
PONT2,PONTO2 SHEARWATER,waypoint,,,23º10'28''S,038º56'54''W,-23.174444444444447,-38.94833333333333,0,24,W,1,0,0,INFERIDA_DESCRICAO,9
PONTA,PONTA,waypoint,,,23º18'20''S,044º27'00''W,-23.305555555555557,-44.45,,22,W,1,0,1,INFERIDA_DESCRICAO,9
PONTAL,PONTAL,waypoint,,,23º05'30''S,043º28'30''W,-23.091666666666665,-43.475,,22,W,1,0,1,INFERIDA_DESCRICAO,9
PONTO1,PONTO1,waypoint,,,11º14'23''S,036º26'49''W,-11.239722222222222,-36.44694444444444,0,23,W,1,0,0,INFERIDA_DESCRICAO,9
PONTO3,PONTO3 SHEARWATER,waypoint,,,24º39'08''S,040º02'59''W,-24.65222222222222,-40.04972222222222,0,23,W,1,0,0,INFERIDA_DESCRICAO,9
PONTO4,PONTO4 SHEARWATER,waypoint,,,23º59'56''S,039º59'54''W,-23.99888888888889,-39.998333333333335,0,23,W,1,0,0,INFERIDA_DESCRICAO,9
PONTO5,PONTO5 SHEARWATER,waypoint,,,23º53'24''S,040º06'19''W,-23.89,-40.10527777777778,0,23,W,1,0,0,INFERIDA_DESCRICAO,9
PONTO6,PONTO6 SHEARWATER,waypoint,,,23º43'29''S,040º06'19''W,-23.72472222222222,-40.10527777777778,0,23,W,1,0,0,INFERIDA_DESCRICAO,9
PONTO7,PONTO7 SHEARWATER,waypoint,,,23º23'34''S,040º26'54''W,-23.392777777777777,-40.44833333333333,0,23,W,1,0,0,INFERIDA_DESCRICAO,9
PPE1,"PLATAFORMA / PESCADA 1 A, BG",plataforma,plataforma,9PPK,04º42'17''S,036º49'32''W,-4.704722222222222,-36.82555555555556,86,21,W,1,1,0,INFERIDA_DESCRICAO,9
PPG1,PARGO - PPG1,plataforma,plataforma,9PPR,22º15'21''S,040º19'45''W,-22.25583333333333,-40.32916666666667,183,24,W,1,1,0,INFERIDA_DESCRICAO,9
PPM1,"PLATAFORMA / Pampo, BC",plataforma,plataforma,9PPP,22º47'46''S,040º45'49''W,-22.796111111111113,-40.76361111111111,11,23,W,1,1,0,INFERIDA_DESCRICAO,9
PPR1,PLATAFORMA / Peroá 1,plataforma,plataforma,9PER,19º33'52''S,039º15'14''W,-19.564444444444444,-39.25388888888889,87,24,W,1,1,0,INFERIDA_DESCRICAO,9
PRA1,"PLATAFORMA / PRA-1, BC",plataforma,plataforma,9PUM,22º10'16''S,040º07'18''W,-22.171111111111113,-40.12166666666667,170,24,W,1,1,0,INFERIDA_DESCRICAO,9
PRB1,"PLATAFORMA / Robalo, BJ",plataforma,plataforma,9PRA,10º39'22''S,036º38'45''W,-10.65611111111111,-36.645833333333336,0,23,W,1,1,0,INFERIDA_DESCRICAO,9
PT 1,PONTO 1,waypoint,,,23º08'37''S,041º52'40''W,-23.14361111111111,-41.87777777777778,0,22,W,1,0,0,INFERIDA_DESCRICAO,9
PT 2,PONTO 2,waypoint,,,23º08'18''S,043º02'13''W,-23.138333333333332,-43.036944444444444,0,21,W,1,0,0,INFERIDA_DESCRICAO,9
PT3,PONTO 3,waypoint,,,22º20'46''S,040º30'18''W,-22.34611111111111,-40.505,0,21,W,1,0,0,INFERIDA_DESCRICAO,9
PT4,PONTO 4,waypoint,,,22º19'44''S,040º32'50''W,-22.328888888888887,-40.54722222222222,0,22,W,1,0,0,INFERIDA_DESCRICAO,9
PT5,PONTO 5,waypoint,,,22º18'47''S,040º31'07''W,-22.313055555555557,-40.51861111111111,0,22,W,1,0,0,INFERIDA_DESCRICAO,9
PT6,PONTO 6,waypoint,,,22º19'46''S,040º28'24''W,-22.329444444444444,-40.473333333333336,0,22,W,1,0,0,INFERIDA_DESCRICAO,9
PT7,PONTO 7,waypoint,,,22º18'44''S,040º26'14''W,-22.31222222222222,-40.43722222222222,0,22,W,1,0,0,INFERIDA_DESCRICAO,9
PT8,PONTO 8,waypoint,,,22º17'53''S,040º29'15''W,-22.298055555555557,-40.487500000000004,0,22,W,1,0,0,INFERIDA_DESCRICAO,9
PT9,PONTO 9,waypoint,,,22º16'40''S,040º27'11''W,-22.27777777777778,-40.45305555555556,0,22,W,1,0,0,INFERIDA_DESCRICAO,9
PTF,ponto fixo,waypoint,,,22º56'04''S,042º40'08''W,-22.934444444444445,-42.66888888888889,0,23,W,1,0,0,INFERIDA_DESCRICAO,9
PUB2,"PLATAFORMA / UBARANA, BG",plataforma,plataforma,9PUB,04º55'47''S,036º20'24''W,-4.929722222222223,-36.34,67,21,W,1,1,0,INFERIDA_DESCRICAO,9
PUB3,PLATAFORMA / UBARANA-3,plataforma,plataforma,9PIF,04º55'45''S,036º22'43''W,-4.929166666666667,-36.37861111111111,47,21,W,1,1,0,INFERIDA_DESCRICAO,9
PULIX,Ponto de Notificação,waypoint,,,22º54'42''S,041º06'59''W,-22.911666666666665,-41.11638888888889,0,22,W,1,0,0,INFERIDA_DESCRICAO,9
PURE,PUERTO REAL,plataforma,plataforma,9PKL,24º46'33''S,042º33'45''W,-24.77583333333333,-42.5625,0,22,W,1,1,0,INFERIDA_DESCRICAO,9
PVM1,VERMELHO 1 - PVM1,plataforma,plataforma,9PVE,22º09'38''S,040º16'42''W,-22.160555555555554,-40.27833333333333,150,24,W,1,1,0,INFERIDA_DESCRICAO,9
PVM2,"PLATAFORMA / Vermelho 2, BC",plataforma,plataforma,9PVM,22º10'36''S,040º17'34''W,-22.17666666666667,-40.29277777777778,140,24,W,1,1,0,INFERIDA_DESCRICAO,9
PVM3,VERMELHO 3 - PVM3,plataforma,plataforma,9PVL,22º11'22''S,040º18'10''W,-22.189444444444444,-40.30277777777778,140,24,W,1,1,0,INFERIDA_DESCRICAO,9
PXA1,"PLATAFORMA / Xaréu 1, BP",plataforma,plataforma,9PPX,03º01'50''S,039º02'30''W,-3.0305555555555554,-39.041666666666664,100,21,W,1,1,0,INFERIDA_DESCRICAO,9
PXA2,"PLATAFORMA / Xareu 2, BP",plataforma,plataforma,9PAX,03º02'21''S,039º02'20''W,-3.0391666666666666,-39.038888888888884,100,21,W,1,1,0,INFERIDA_DESCRICAO,9
PXA3,"PLATAFORMA / Xareu 3, BP",plataforma,plataforma,9PAX,03º02'30''S,039º01'27''W,-3.0416666666666665,-39.024166666666666,100,21,W,1,1,0,INFERIDA_DESCRICAO,9
QUEEN,NAVIO / Polar Queen,plataforma,plataforma,9PQE,24º18'00''S,042º40'00''W,-24.3,-42.666666666666664,0,23,W,1,1,0,INFERIDA_DESCRICAO,9
RASO,NAVIO / Ranform Sovereign,plataforma,plataforma,9PRY,26º03'24''S,045º01'00''W,-26.05666666666667,-45.016666666666666,0,21,W,1,1,0,INFERIDA_DESCRICAO,9
RATE,RAMFORM TETHYS,embarcacao,plataforma,,22º27'55''S,039º41'13''W,-22.46527777777778,-39.68694444444444,0,23,W,1,1,0,INFERIDA_DESCRICAO,10
RAVI,RAMFORM VICTORY VHF MARÍTIMO CANAL 16/06,plataforma,plataforma,9PRW,22º39'22''S,040º20'31''W,-22.65611111111111,-40.341944444444444,49,22,W,1,1,0,INFERIDA_DESCRICAO,10
REST,RIO ESTRELA SOBREVOO,waypoint,,,22º42'36''S,043º13'07''W,-22.71,-43.218611111111116,0,22,W,1,0,0,INFERIDA_DESCRICAO,10
RGUA,RIO GUAPIMIRIM SOBREVOO,waypoint,,,22º37'11''S,042º56'48''W,-22.619722222222222,-42.946666666666665,0,22,W,1,0,0,INFERIDA_DESCRICAO,10
RJB,RESTINGA DE JURUBATIBA -MACAÉ,waypoint,,,22º12'05''S,041º29'33''W,-22.20138888888889,-41.4925,0,22,W,1,0,0,INFERIDA_DESCRICAO,10
RJS,AKOOFS,waypoint,,,24º39'54''S,042º25'36''W,-24.665,-42.42666666666666,0,22,W,1,0,0,INFERIDA_DESCRICAO,10
RON,RONDA,waypoint,,,23º04'15''S,043º11'40''W,-23.070833333333333,-43.19444444444444,0,23,W,1,0,0,INFERIDA_DESCRICAO,10
RONIP,PONTO DE NOTIFICAÇÃO,waypoint,,,22º01'59''S,041º04'15''W,-22.033055555555556,-41.07083333333334,,22,W,1,0,1,INFERIDA_DESCRICAO,10
RRON,RIO RONCADOR SOBREVOO,waypoint,,,22º38'05''S,043º02'48''W,-22.634722222222223,-43.04666666666667,0,22,W,1,0,0,INFERIDA_DESCRICAO,10
RSESU,rsesu,waypoint,,,23º38'23''S,043º12'55''W,-23.639722222222222,-43.21527777777778,0,22,W,1,0,0,INFERIDA_DESCRICAO,10
RVICT,RAMFORM VICTORY - CANAL 16 MARITIMO,plataforma,plataforma,9PRW,22º50'42''S,043º08'57''W,-22.845,-43.149166666666666,49,22,W,1,1,0,INFERIDA_DESCRICAO,10
RVIK,NAVIO / RANFORM VIKING,plataforma,plataforma,9PGX,24º44'00''S,042º42'00''W,-24.733333333333334,-42.7,0,23,W,1,1,0,INFERIDA_DESCRICAO,10
SADI,"NAVIO / SAPURA DIAMANTE, BS - 21XX2106-1795 / 2106-1796",plataforma,plataforma,9PIN,24º45'00''S,042º29'00''W,-24.75,-42.483333333333334,90,22,W,1,1,0,INFERIDA_DESCRICAO,10
SAES,"NAVIO / SAPURA ESMERALDA, bs -  21XX3177-4810",plataforma,plataforma,9PSE,21º57'14''S,040º37'14''W,-21.953888888888887,-40.620555555555555,89,22,W,1,1,0,INFERIDA_DESCRICAO,10
SAEZ,MINISTRO PISTARINE,aeroporto,aeroporto,SAEZ,34º49'16''S,058º21'21''W,-34.821111111111115,-58.35583333333334,0,23,W,1,1,0,INFERIDA_DESCRICAO,10
SAFE,SAFE NOTOS,plataforma,plataforma,9PSY,19º50'00''S,040º01'00''W,-19.833333333333332,-40.016666666666666,143,24,W,1,1,0,INFERIDA_DESCRICAO,10
SAIFDS,NAVIO / SAIPEM FDS,plataforma,plataforma,9PIP,24º24'07''S,043º51'03''W,-24.401944444444442,-43.850833333333334,0,22,W,1,1,0,INFERIDA_DESCRICAO,10
SAJA,"NAVIO / SAPURA JADE, bs  21XX3177-4820",plataforma,plataforma,9PSJ,22º39'50''S,039º59'13''W,-22.663888888888888,-39.98694444444445,100,22,W,1,1,0,INFERIDA_DESCRICAO,10
SANCO,NAVIO / Sanco Star,plataforma,plataforma,9PAN,22º22'00''S,040º06'00''W,-22.366666666666667,-40.1,0,24,W,1,1,0,INFERIDA_DESCRICAO,10
SAON,"NAVIO / Sapura Onix, BS  22XX2141-8030 / 21XX3177-4800",plataforma,plataforma,9PSN,22º24'25''S,039º56'59''W,-22.40694444444444,-39.94972222222222,89,23,W,1,1,0,INFERIDA_DESCRICAO,10
SAQU,SAQUA,aeroporto,aeroporto,SAQU,22º51'21''S,042º29'56''W,-22.855833333333333,-42.49888888888889,0,23,W,1,1,0,INFERIDA_DESCRICAO,10
SAQUA,saquarema,waypoint,,,22º57'45''S,042º29'59''W,-22.9625,-42.499722222222225,,22,W,1,0,1,INFERIDA_DESCRICAO,10
SARU,NAVIO / Sapura Rubi,plataforma,plataforma,9PRU,22º39'03''S,039º57'47''W,-22.65083333333333,-39.963055555555556,88,22,W,1,1,0,INFERIDA_DESCRICAO,10
SAT,WEST SATURN,plataforma,plataforma,,25º25'00''S,043º59'00''W,-25.416666666666668,-43.983333333333334,0,23,W,1,1,0,INFERIDA_DESCRICAO,10
SATBU,PONTO DE NOTIFICAÇÃO,waypoint,,,19º34'56''S,040º52'06''W,-19.58222222222222,-40.86833333333333,,22,W,1,0,1,INFERIDA_DESCRICAO,10
SATO,NAVIO / Sapura Topázio,plataforma,plataforma,9PIX,22º37'56''S,039º58'04''W,-22.63222222222222,-39.967777777777776,90,23,W,1,1,0,INFERIDA_DESCRICAO,10
SAZM,astor piazol,aeroporto,aeroporto,SAZM,37º55'03''S,057º34'24''W,-37.9175,-57.57333333333334,0,23,W,1,1,0,INFERIDA_DESCRICAO,10
SBAA,"CONCEIÇÃO DO ARAGUAIA / Conceição do Araguaia, PA",aeroporto,aeroporto,SBAA,08º20'55''S,049º18'11''W,-8.348611111111111,-49.30305555555555,199,21,W,1,1,0,INFERIDA_DESCRICAO,10
SBAF,"RIO DE JANEIRO / Campo Délio Jardim de Mattos (Afonsos), RJ",aeroporto,aeroporto,SBAF,22º52'32''S,043º23'04''W,-22.875555555555557,-43.38444444444444,110,23,W,1,1,0,INFERIDA_DESCRICAO,10
SBAN,"ANÁPOLIS / Base Aérea, GO",aeroporto,aeroporto,SBAN,16º14'19''S,048º58'20''W,-16.238611111111112,-48.97222222222222,3731,21,W,1,1,0,INFERIDA_DESCRICAO,10
SBAQ,"ARARAQUARA / Araraquara, SP",aeroporto,aeroporto,SBAQ,21º48'16''S,048º08'25''W,-21.804444444444446,-48.140277777777776,2334,21,W,1,1,0,INFERIDA_DESCRICAO,10
SBAR,"ARACAJU / Santa Maria, SE",aeroporto,aeroporto,SBAR,10º59'07''S,037º04'24''W,-10.985277777777776,-37.07333333333334,23,23,W,1,1,0,INFERIDA_DESCRICAO,10
SBAS,"ASSIS / Assis, SP",aeroporto,aeroporto,SBAS,22º38'24''S,050º27'11''W,-22.64,-50.45305555555556,1850,19,W,1,1,0,INFERIDA_DESCRICAO,10
SBAT,"ALTA FLORESTA / Alta Floresta, MT",aeroporto,aeroporto,SBAT,09º51'59''S,056º06'18''W,-9.866388888888888,-56.105000000000004,947,18,W,1,1,0,INFERIDA_DESCRICAO,10
SBAU,"ARAÇATUBA / Araçatuba, SP",aeroporto,aeroporto,SBAU,21º08'39''S,050º25'35''W,-21.144166666666667,-50.42638888888889,1361,20,W,1,1,0,INFERIDA_DESCRICAO,10
SBAX,"ARAXÁ / Araxá, MG",aeroporto,aeroporto,SBAX,19º33'38''S,046º57'56''W,-19.560555555555556,-46.96555555555556,3276,22,W,1,1,0,INFERIDA_DESCRICAO,10
SBBE,"BELÉM / Val de Cans, PA",aeroporto,aeroporto,SBBE,01º23'05''S,048º28'44''W,-1.3847222222222222,-48.47888888888889,54,20,W,1,1,0,INFERIDA_DESCRICAO,10
SBBG,"BAGÉ / Comandante Gustavo Kraemer, RS",aeroporto,aeroporto,SBBG,31º23'27''S,054º06'35''W,-31.390833333333333,-54.109722222222224,600,14,W,1,1,0,INFERIDA_DESCRICAO,10
SBBH,AEROPORTO PAMPULHA,aeroporto,aeroporto,SBBH,19º51'07''S,043º57'02''W,-19.851944444444445,-43.95055555555556,0,23,W,1,1,0,INFERIDA_DESCRICAO,10
SBBI,"CURITIBA / Bacacheri, PR",aeroporto,aeroporto,SBBI,25º24'12''S,049º14'01''W,-25.403333333333332,-49.23361111111111,3057,19,W,1,1,0,INFERIDA_DESCRICAO,10
SBBP,"BRAGANÇA PAULISTA / Aeroporto Estadual Arthur Siqueira, SP",aeroporto,aeroporto,SBBP,22º58'45''S,046º32'15''W,-22.979166666666664,-46.5375,2887,21,W,1,1,0,INFERIDA_DESCRICAO,10
SBBQ,"BARBACENA / Major Brigadeiro Doorgal Borges, MG",aeroporto,aeroporto,SBBQ,21º16'02''S,043º45'38''W,-21.26722222222222,-43.760555555555555,3657,23,W,1,1,0,INFERIDA_DESCRICAO,10
SBBR,"BRASÍLIA / Pres. Juscelino Kubitschek, DF",aeroporto,aeroporto,SBBR,15º52'09''S,047º55'15''W,-15.869166666666667,-47.920833333333334,3479,21,W,1,1,0,INFERIDA_DESCRICAO,10
SBBU,"BAURU / Bauru, SP",aeroporto,aeroporto,SBBU,22º20'37''S,049º03'14''W,-22.34361111111111,-49.053888888888885,2025,20,W,1,1,0,INFERIDA_DESCRICAO,10
SBBV,"BOA VISTA / Boa Vista, RR",aeroporto,aeroporto,SBBV,02º50'29''N,060º41'32''W,2.841388888888889,-60.69222222222222,276,15,W,1,1,0,INFERIDA_DESCRICAO,10
SBBW,"BARRA DO GARÇAS / Barra do Garças, MT",aeroporto,aeroporto,SBBW,15º51'39''S,052º23'22''W,-15.860833333333334,-52.38944444444444,1147,19,W,1,1,0,INFERIDA_DESCRICAO,10
SBBZ,"CABO FRIO / Búzios - Umberto Modiano, RJ",aeroporto,aeroporto,SBBZ,22º45'58''S,041º57'56''W,-22.766111111111112,-41.96555555555556,10,23,W,1,1,0,INFERIDA_DESCRICAO,10
SBCA,"CASCAVEL / Cascavel, PR",aeroporto,aeroporto,SBCA,25º00'08''S,053º30'07''W,-25.002222222222223,-53.50194444444445,2473,17,W,1,1,0,INFERIDA_DESCRICAO,10
SBCB,"CABO FRIO / Cabo Frio, RJ",aeroporto,aeroporto,SBCB,22º55'30''S,042º04'43''W,-22.925,-42.078611111111115,14,23,W,1,1,0,INFERIDA_DESCRICAO,10
SBCD,"CAÇADOR / Caçador, SC",aeroporto,aeroporto,SBCD,26º47'23''S,050º56'23''W,-26.789722222222224,-50.939722222222215,3376,18,W,1,1,0,INFERIDA_DESCRICAO,10
SBCF,"BELO HORIZONTE / Tancredo Neves (Confins), MG",aeroporto,aeroporto,SBCF,19º37'28''S,043º58'19''W,-19.624444444444446,-43.971944444444446,2715,23,W,1,1,0,INFERIDA_DESCRICAO,10
SBCG,"CAMPO GRANDE / Campo Grande, MS",aeroporto,aeroporto,SBCG,20º28'10''S,054º40'13''W,-20.46944444444444,-54.67027777777778,1833,17,W,1,1,0,INFERIDA_DESCRICAO,10
SBCH,"CHAPECÓ / Chapecó, SC",aeroporto,aeroporto,SBCH,27º08'02''S,052º39'43''W,-27.133888888888887,-52.661944444444444,2146,17,W,1,1,0,INFERIDA_DESCRICAO,10
SBCI,"CAROLINA / Brig. Lysias Augusto Rodrigues, MA",aeroporto,aeroporto,SBCI,07º20'01''S,047º26'02''W,-7.333611111111111,-47.43388888888889,565,21,W,1,1,0,INFERIDA_DESCRICAO,10
SBCJ,"PARAUAPEBAS / Carajás, PA",aeroporto,aeroporto,SBCJ,06º06'55''S,050º00'05''W,-6.115277777777777,-50.00138888888889,2064,20,W,1,1,0,INFERIDA_DESCRICAO,10
SBCM,"FORQUILHINHA / Forquilhinha - Criciúma, SC",aeroporto,aeroporto,SBCM,28º43'28''S,049º25'17''W,-28.724444444444444,-49.421388888888885,93,18,W,1,1,0,INFERIDA_DESCRICAO,11
SBCN,"CALDAS NOVAS / Caldas Novas, GO",aeroporto,aeroporto,SBCN,17º43'29''S,048º36'36''W,-17.72472222222222,-48.61,2247,21,W,1,1,0,INFERIDA_DESCRICAO,11
SBCO,"PORTO ALEGRE / Canoas, RS",aeroporto,aeroporto,SBCO,29º56'44''S,051º08'37''W,-29.945555555555554,-51.14361111111111,26,17,W,1,1,0,INFERIDA_DESCRICAO,11
SBCP,"CAMPOS DOS GOITACAZES / Bartolomeu Lisandro, RJ",aeroporto,aeroporto,SBCP,21º41'49''S,041º18'24''W,-21.696944444444444,-41.306666666666665,57,23,W,1,1,0,INFERIDA_DESCRICAO,11
SBCR,"CORUMBÁ / Corumbá, MS",aeroporto,aeroporto,SBCR,19º00'43''S,057º40'17''W,-19.011944444444445,-57.671388888888885,461,15,W,1,1,0,INFERIDA_DESCRICAO,11
SBCT,"CURITIBA / Afonso Pena, PR",aeroporto,aeroporto,SBCT,25º31'52''S,049º10'32''W,-25.53111111111111,-49.175555555555555,2988,19,W,1,1,0,INFERIDA_DESCRICAO,11
SBCV,"CARAVELAS / Caravelas, BA",aeroporto,aeroporto,SBCV,17º39'02''S,039º15'16''W,-17.650555555555552,-39.254444444444445,36,24,W,1,1,0,INFERIDA_DESCRICAO,11
SBCX,"CAXIAS DO SUL / Campo dos Bugres, RS",aeroporto,aeroporto,SBCX,29º11'44''S,051º11'23''W,-29.195555555555554,-51.189722222222215,2472,17,W,1,1,0,INFERIDA_DESCRICAO,11
SBCY,"CUIABÁ / Marechal Rondon, MT",aeroporto,aeroporto,SBCY,15º39'00''S,056º07'03''W,-15.65,-56.1175,617,17,W,1,1,0,INFERIDA_DESCRICAO,11
SBCZ,"CRUZEIRO DO SUL / Cruzeiro do Sul, AC",aeroporto,aeroporto,SBCZ,07º35'58''S,072º46'10''W,-7.599444444444444,-72.76944444444445,637,6,W,1,1,0,INFERIDA_DESCRICAO,11
SBDB,"BONITO / Bonito , MS",aeroporto,aeroporto,SBDB,21º13'46''S,056º27'22''W,-21.229444444444443,-56.45611111111111,1180,16,W,1,1,0,INFERIDA_DESCRICAO,11
SBDN,"PRESIDENTE PRUDENTE / Presidente Prudente, SP",aeroporto,aeroporto,SBDN,22º10'42''S,051º25'08''W,-22.178333333333335,-51.41888888888889,1477,19,W,1,1,0,INFERIDA_DESCRICAO,11
SBEC,"MACAÉ / Plataforma P-15, RJ",plataforma,plataforma,,22º40'39''S,040º36'22''W,-22.677500000000002,-40.60611111111111,0,23,W,1,1,0,INFERIDA_DESCRICAO,11
SBEG,"MANAUS / Eduardo Gomes, AM",aeroporto,aeroporto,SBEG,03º02'28''S,060º03'02''W,-3.041111111111111,-60.050555555555555,264,16,W,1,1,0,INFERIDA_DESCRICAO,11
SBEK,"JACAREACANGA / Jacareacanga, PA",aeroporto,aeroporto,SBEK,06º14'07''S,057º46'33''W,-6.235277777777778,-57.77583333333333,323,17,W,1,1,0,INFERIDA_DESCRICAO,11
SBES,"SÃO PEDRO DA ALDEIA / São Pedro da Aldeia, RJ",aeroporto,aeroporto,SBES,22º48'58''S,042º05'31''W,-22.816111111111113,-42.091944444444444,61,23,W,1,1,0,INFERIDA_DESCRICAO,11
SBFI,"FOZ DO IGUAÇU / Cataratas, PR",aeroporto,aeroporto,SBFI,25º36'01''S,054º29'06''W,-25.60027777777778,-54.485,786,16,W,1,1,0,INFERIDA_DESCRICAO,11
SBFL,"FLORIANÓPOLIS / Hercílio Luz, SC",aeroporto,aeroporto,SBFL,27º40'13''S,048º33'08''W,-27.67027777777778,-48.55222222222222,16,19,W,1,1,0,INFERIDA_DESCRICAO,11
SBFN,"FERNANDO DE NORONHA / Fernando de Noronha, PE",aeroporto,aeroporto,SBFN,03º51'17''S,032º25'42''W,-3.854722222222222,-32.42833333333333,193,20,W,1,1,0,INFERIDA_DESCRICAO,11
SBFS,"CAMPOS DOS GOITACAZES / HELPN São Tomé, RJ",heliponto,heliponto,SBFS,22º01'46''S,041º04'12''W,-22.029444444444444,-41.07,10,23,W,1,1,0,INFERIDA_DESCRICAO,11
SBFZ,"FORTALEZA / Pinto Martins, CE",aeroporto,aeroporto,SBFZ,03º46'33''S,038º31'56''W,-3.7758333333333334,-38.532222222222224,82,21,W,1,1,0,INFERIDA_DESCRICAO,11
SBGL,"RIO DE JANEIRO / Galeão - Antônio Carlos Jobim, RJ",aeroporto,aeroporto,SBGL,22º48'36''S,043º15'02''W,-22.810000000000002,-43.25055555555556,28,23,W,1,1,0,INFERIDA_DESCRICAO,11
SBGM,"GUAJARÁ-MIRIM / Guajará-Mirim, RO",aeroporto,aeroporto,SBGM,10º47'18''S,065º16'54''W,-10.788333333333334,-65.28166666666667,478,11,W,1,1,0,INFERIDA_DESCRICAO,11
SBGO,"GOIÂNIA / Santa Genoveva, GO",aeroporto,aeroporto,SBGO,16º37'47''S,049º13'36''W,-16.629722222222224,-49.22666666666667,2450,21,W,1,1,0,INFERIDA_DESCRICAO,11
SBGP,"GAVIÃO PEIXOTO / EMBRAER - Unidade Gavião Peixoto, SP",aeroporto,aeroporto,SBGP,21º45'52''S,048º24'17''W,-21.764444444444443,-48.40472222222222,1998,21,W,1,1,0,INFERIDA_DESCRICAO,11
SBGU,"GUARAPUAVA / Tancredo Thomas de Faria, PR",aeroporto,aeroporto,SBGU,25º23'17''S,051º31'18''W,-25.388055555555557,-51.52166666666667,3494,18,W,1,1,0,INFERIDA_DESCRICAO,11
SBGV,"GOVERNADOR VALADARES / Governador Valadares, MG",aeroporto,aeroporto,SBGV,18º53'49''S,041º59'10''W,-18.896944444444443,-41.986111111111114,561,23,W,1,1,0,INFERIDA_DESCRICAO,11
SBGW,"GUARATINGUETÁ / Guaratinguetá, SP",aeroporto,aeroporto,SBGW,22º47'30''S,045º12'16''W,-22.791666666666668,-45.20444444444445,1761,22,W,1,1,0,INFERIDA_DESCRICAO,11
SBHT,"ALTAMIRA / Altamira, PA",aeroporto,aeroporto,SBHT,03º15'03''S,052º15'08''W,-3.2508333333333335,-52.25222222222222,369,19,W,1,1,0,INFERIDA_DESCRICAO,11
SBIC,"ITACOATIARA / Itacoatiara, AM",aeroporto,aeroporto,SBIC,03º07'35''S,058º28'54''W,-3.126388888888889,-58.48166666666667,142,16,W,1,1,0,INFERIDA_DESCRICAO,11
SBIH,"ITAITUBA / Itaituba, PA",aeroporto,aeroporto,SBIH,04º14'32''S,056º00'03''W,-4.242222222222222,-56.00083333333333,110,18,W,1,1,0,INFERIDA_DESCRICAO,11
SBIL,"ILHÉUS / Bahia - Jorge Amado, BA",aeroporto,aeroporto,SBIL,14º48'53''S,039º02'01''W,-14.814722222222223,-39.03361111111111,15,24,W,1,1,0,INFERIDA_DESCRICAO,11
SBIP,"SANTANA DO PARAÍSO / Usiminas, MG",aeroporto,aeroporto,SBIP,19º28'14''S,042º29'17''W,-19.470555555555553,-42.488055555555555,784,23,W,1,1,0,INFERIDA_DESCRICAO,11
SBIT,"ITUMBIARA / Hidroelétrica, GO",aeroporto,aeroporto,SBIT,19º39'00''S,043º15'00''W,-19.65,-43.25,1630,23,W,1,1,0,INFERIDA_DESCRICAO,11
SBIZ,"IMPERATRIZ / Prefeito Renato Moreira, MA",aeroporto,aeroporto,SBIZ,05º31'50''S,047º27'30''W,-5.530555555555556,-47.458333333333336,432,21,W,1,1,0,INFERIDA_DESCRICAO,11
SBJC,"BELÉM / Júlio Cesar, PA",aeroporto,aeroporto,SBJC,01º24'52''S,048º27'39''W,-1.4144444444444444,-48.46083333333333,52,20,W,1,1,0,INFERIDA_DESCRICAO,11
SBJD,"JUNDIAÍ / Jundiaí, SP",aeroporto,aeroporto,SBJD,23º10'54''S,046º56'37''W,-23.18166666666667,-46.94361111111111,2484,21,W,1,1,0,INFERIDA_DESCRICAO,11
SBJF,"JUIZ DE FORA / Francisco de Assis, MG",aeroporto,aeroporto,SBJF,21º47'35''S,043º23'08''W,-21.793055555555558,-43.385555555555555,2989,23,W,1,1,0,INFERIDA_DESCRICAO,11
SBJI,JI PARANÁ,aeroporto,aeroporto,SBJI,10º52'34''S,061º51'04''W,-10.876111111111111,-61.85111111111111,0,14,W,1,1,0,INFERIDA_DESCRICAO,11
SBJP,"JOÃO PESSOA / Pres. Castro Pinto, PB",aeroporto,aeroporto,SBJP,07º08'45''S,034º56'55''W,-7.145833333333334,-34.948611111111106,215,22,W,1,1,0,INFERIDA_DESCRICAO,11
SBJR,"RIO DE JANEIRO / Jacarepaguá - Roberto Marinho, RJ",aeroporto,aeroporto,SBJR,22º59'16''S,043º22'13''W,-22.98777777777778,-43.37027777777778,11,23,W,1,1,0,INFERIDA_DESCRICAO,11
SBJU,"JUAZEIRO DO NORTE / Orlando Bezerra de Menezes, CE",aeroporto,aeroporto,SBJU,07º13'06''S,039º16'18''W,-7.218333333333334,-39.27166666666667,1392,22,W,1,1,0,INFERIDA_DESCRICAO,11
SBJV,"JOINVILLE / Lauro Carneiro de Loyola, SC",aeroporto,aeroporto,SBJV,26º13'23''S,048º47'51''W,-26.223055555555554,-48.7975,15,19,W,1,1,0,INFERIDA_DESCRICAO,11
SBKG,"CAMPINA GRANDE / Presidente João Suassuna, PB",aeroporto,aeroporto,SBKG,07º16'09''S,035º53'42''W,-7.269166666666667,-35.894999999999996,1646,22,W,1,1,0,INFERIDA_DESCRICAO,11
SBKP,"CAMPINAS / Viracopos, SP",aeroporto,aeroporto,SBKP,23º00'25''S,047º08'04''W,-23.006944444444443,-47.13444444444444,2170,21,W,1,1,0,INFERIDA_DESCRICAO,11
SBLB,"MACAÉ / Plataforma P-25, RJ",plataforma,plataforma,,22º06'34''S,039º55'01''W,-22.109444444444446,-39.91694444444444,22,24,W,1,1,0,INFERIDA_DESCRICAO,11
SBLE,"LENÇÓIS / Chapada Diamantina, BA",aeroporto,aeroporto,SBLE,12º29'00''S,041º16'23''W,-12.483333333333333,-41.27305555555555,1676,23,W,1,1,0,INFERIDA_DESCRICAO,11
SBLJ,"LAGES / Lages, SC",aeroporto,aeroporto,SBLJ,27º46'56''S,050º16'54''W,-27.78222222222222,-50.281666666666666,3065,18,W,1,1,0,INFERIDA_DESCRICAO,11
SBLO,"LONDRINA / Londrina, PR",aeroporto,aeroporto,SBLO,23º19'49''S,051º08'12''W,-23.330277777777777,-51.13666666666666,1867,19,W,1,1,0,INFERIDA_DESCRICAO,11
SBLP,"BOM JESUS DA LAPA / Bom Jesus da Lapa, BA",aeroporto,aeroporto,SBLP,13º15'41''S,043º24'27''W,-13.261388888888888,-43.4075,1454,23,W,1,1,0,INFERIDA_DESCRICAO,11
SBLS,"LAGOA SANTA / Lagoa Santa, MG",aeroporto,aeroporto,SBLS,19º39'40''S,043º53'52''W,-19.66111111111111,-43.897777777777776,2795,23,W,1,1,0,INFERIDA_DESCRICAO,11
SBMA,"MARABÁ / Marabá, PA",aeroporto,aeroporto,SBMA,05º22'04''S,049º08'18''W,-5.3677777777777775,-49.138333333333335,357,20,W,1,1,0,INFERIDA_DESCRICAO,11
SBMD,"ALMEIRIM / Monte Dourado, PA",aeroporto,aeroporto,SBMD,00º53'23''S,052º36'08''W,-0.8897222222222222,-52.602222222222224,677,19,W,1,1,0,INFERIDA_DESCRICAO,11
SBME,"MACAÉ / Macaé, RJ",aeroporto,aeroporto,SBME,22º20'41''S,041º46'07''W,-22.34472222222222,-41.76861111111111,8,23,W,1,1,0,INFERIDA_DESCRICAO,11
SBMG,"MARINGÁ / Regional de Maringá - Sílvio Name Júnior, PR",aeroporto,aeroporto,SBMG,23º28'46''S,052º00'44''W,-23.479444444444443,-52.01222222222222,1788,18,W,1,1,0,INFERIDA_DESCRICAO,12
SBMI,"MARICÁ -AEROPORTO Maricá ( SBMI ) / MARICÁ, RJ",aeroporto,aeroporto,SBMI,22º55'05''S,042º49'44''W,-22.918055555555558,-42.82888888888889,0,23,W,1,1,0,INFERIDA_DESCRICAO,12
SBMK,"MONTES CLAROS / Mário Ribeiro, MG",aeroporto,aeroporto,SBMK,16º42'22''S,043º49'19''W,-16.70611111111111,-43.82194444444445,2191,23,W,1,1,0,INFERIDA_DESCRICAO,12
SBML,"MARÍLIA / Marília, SP",aeroporto,aeroporto,SBML,22º11'44''S,049º55'37''W,-22.195555555555554,-49.926944444444445,2122,20,W,1,1,0,INFERIDA_DESCRICAO,12
SBMM,"MACAÉ / Plataforma P-20, RJ",plataforma,plataforma,,22º21'26''S,040º05'26''W,-22.357222222222223,-40.09055555555556,1,24,W,1,1,0,INFERIDA_DESCRICAO,12
SBMN,"MANAUS / Ponta Pelada, AM",aeroporto,aeroporto,SBMN,03º02'21''S,060º02'52''W,-3.0391666666666666,-60.047777777777775,267,16,W,1,1,0,INFERIDA_DESCRICAO,12
SBMO,"MACEIÓ / Zumbi dos Palmares, AL",aeroporto,aeroporto,SBMO,09º31'02''S,035º47'01''W,-9.517222222222223,-35.78361111111111,387,23,W,1,1,0,INFERIDA_DESCRICAO,12
SBMQ,"MACAPÁ / Macapá, AP",aeroporto,aeroporto,SBMQ,00º03'03''N,051º04'14''W,0.050833333333333335,-51.07055555555556,56,19,W,1,1,0,INFERIDA_DESCRICAO,12
SBMS,"MOSSORÓ / Dix-Sept Rosado, RN",aeroporto,aeroporto,SBMS,05º11'46''S,037º21'43''W,-5.196111111111112,-37.36194444444445,76,22,W,1,1,0,INFERIDA_DESCRICAO,12
SBMT,"SÃO PAULO / Marte, SP",aeroporto,aeroporto,SBMT,23º30'27''S,046º38'04''W,-23.5075,-46.63444444444444,2368,21,W,1,1,0,INFERIDA_DESCRICAO,12
SBMY,"MANICORÉ / Manicoré, AM",aeroporto,aeroporto,SBMY,05º49'01''S,061º17'02''W,-5.816944444444444,-61.28388888888889,174,15,W,1,1,0,INFERIDA_DESCRICAO,12
SBNF,"NAVEGANTES / Ministro Victor Konder, SC",aeroporto,aeroporto,SBNF,26º52'43''S,048º39'03''W,-26.878611111111113,-48.65083333333333,18,19,W,1,1,0,INFERIDA_DESCRICAO,12
SBNM,"SANTO ÂNGELO / Santo Ângelo, RS",aeroporto,aeroporto,SBNM,28º16'56''S,054º10'08''W,-28.28222222222222,-54.16888888888889,1056,15,W,1,1,0,INFERIDA_DESCRICAO,12
SBNT,"NATAL / Augusto Severo, RN",aeroporto,aeroporto,SBNT,05º54'30''S,035º14'57''W,-5.908333333333334,-35.24916666666667,169,21,W,1,1,0,INFERIDA_DESCRICAO,12
SBOI,"OIAPOQUE / Oiapoque, AP",aeroporto,aeroporto,SBOI,03º51'41''N,051º47'46''W,3.861388888888889,-51.79611111111111,63,19,W,1,1,0,INFERIDA_DESCRICAO,12
SBPA,"PORTO ALEGRE / Salgado Filho, RS",aeroporto,aeroporto,SBPA,29º59'40''S,051º10'18''W,-29.994444444444447,-51.17166666666667,11,17,W,1,1,0,INFERIDA_DESCRICAO,12
SBPB,"PARNAÍBA / Prefeito Doutor João Silva Filho, PI",aeroporto,aeroporto,SBPB,02º53'38''S,041º43'57''W,-2.8938888888888887,-41.7325,16,21,W,1,1,0,INFERIDA_DESCRICAO,12
SBPC,"POÇOS DE CALDAS / Poços de Caldas, MG",aeroporto,aeroporto,SBPC,21º50'16''S,046º33'58''W,-21.837777777777777,-46.566111111111105,4135,21,W,1,1,0,INFERIDA_DESCRICAO,12
SBPF,"PASSO FUNDO / Lauro Kurtz, RS",aeroporto,aeroporto,SBPF,28º14'43''S,052º19'43''W,-28.24527777777778,-52.328611111111115,2376,17,W,1,1,0,INFERIDA_DESCRICAO,12
SBPG,AEROPORTO PONTA GROSSA,aeroporto,aeroporto,SBPG,25º11'04''S,050º08'38''W,-25.184444444444445,-50.14388888888889,0,23,W,1,1,0,INFERIDA_DESCRICAO,12
SBPJ,"PALMAS / Brigadeiro Lysias Rodrigues, TO",aeroporto,aeroporto,SBPJ,10º17'24''S,048º21'28''W,-10.29,-48.35777777777778,774,21,W,1,1,0,INFERIDA_DESCRICAO,12
SBPK,"PELOTAS / Pelotas, RS",aeroporto,aeroporto,SBPK,31º42'58''S,052º19'52''W,-31.71611111111111,-52.33111111111111,59,15,W,1,1,0,INFERIDA_DESCRICAO,12
SBPL,"PETROLINA / Senador Nilo Coelho, PE",aeroporto,aeroporto,SBPL,09º22'03''S,040º33'49''W,-9.3675,-40.56361111111111,1263,23,W,1,1,0,INFERIDA_DESCRICAO,12
SBPM,PALMAS/TOCANTINS (MODIFICADO P/SBPJ),aeroporto,aeroporto,SBPM,10º17'24''S,048º21'28''W,-10.29,-48.35777777777778,,21,W,1,1,1,INFERIDA_DESCRICAO,12
SBPN,"PORTO NACIONAL / Porto Nacional, TO",aeroporto,aeroporto,SBPN,10º43'01''S,048º24'01''W,-10.716944444444444,-48.400277777777774,870,21,W,1,1,0,INFERIDA_DESCRICAO,12
SBPP,"PONTA PORÃ / Ponta Porã, MS",aeroporto,aeroporto,SBPP,22º32'59''S,055º42'09''W,-22.549722222222226,-55.7025,2156,16,W,1,1,0,INFERIDA_DESCRICAO,12
SBPR,"BELO HORIZONTE / Carlos Prates, MG",aeroporto,aeroporto,SBPR,19º54'33''S,043º59'21''W,-19.909166666666664,-43.98916666666667,3044,23,W,1,1,0,INFERIDA_DESCRICAO,12
SBPS,"PORTO SEGURO / Porto Seguro, BA",aeroporto,aeroporto,SBPS,16º26'17''S,039º04'40''W,-16.438055555555557,-39.07777777777778,168,24,W,1,1,0,INFERIDA_DESCRICAO,12
SBPV,"PORTO VELHO / Governador Jorge Teixeira de Oliveira, RO",aeroporto,aeroporto,SBPV,08º42'49''S,063º54'10''W,-8.71361111111111,-63.90277777777778,290,13,W,1,1,0,INFERIDA_DESCRICAO,12
SBPW,HELIPONTO AÇU SBPW,heliponto,heliponto,SBPW,21º48'17''S,041º06'35''W,-21.804722222222225,-41.109722222222224,0,23,W,1,1,0,INFERIDA_DESCRICAO,12
SBQF,Nova Palma RS,aeroporto,aeroporto,SBQF,29º27'42''S,053º27'48''W,-29.461666666666666,-53.46333333333334,0,19,W,1,1,0,INFERIDA_DESCRICAO,12
SBQV,"VITÓRIA DA CONQUISTA / Vitória da Conquista, BA",aeroporto,aeroporto,SBQV,14º51'49''S,040º51'47''W,-14.86361111111111,-40.863055555555555,2998,23,W,1,1,0,INFERIDA_DESCRICAO,12
SBRB,"RIO BRANCO / Presidente Médici, AC",aeroporto,aeroporto,SBRB,09º52'08''S,067º53'53''W,-9.86888888888889,-67.89805555555556,633,9,W,1,1,0,INFERIDA_DESCRICAO,12
SBRF,"RECIFE / Guararapes - Gilberto Freyre, PE",aeroporto,aeroporto,SBRF,08º07'35''S,034º55'22''W,-8.12638888888889,-34.922777777777775,33,22,W,1,1,0,INFERIDA_DESCRICAO,12
SBRJ,"RIO DE JANEIRO / Santos Dumont, RJ",aeroporto,aeroporto,SBRJ,22º54'35''S,043º09'44''W,-22.90972222222222,-43.16222222222222,11,23,W,1,1,0,INFERIDA_DESCRICAO,12
SBRP,"RIBEIRÃO PRETO / Leite Lopes, SP",aeroporto,aeroporto,SBRP,21º08'11''S,047º46'36''W,-21.136388888888888,-47.776666666666664,1802,21,W,1,1,0,INFERIDA_DESCRICAO,12
SBSC,"RIO DE JANEIRO / Santa Cruz, RJ",aeroporto,aeroporto,SBSC,22º55'58''S,043º43'10''W,-22.93277777777778,-43.71944444444445,10,22,W,1,1,0,INFERIDA_DESCRICAO,12
SBSJ,AEROPORTO PROFESSOR URBANO ERNESTO STUMPF,aeroporto,aeroporto,SBSJ,23º13'44''S,045º52'16''W,-23.228888888888886,-45.87111111111111,0,22,W,1,1,0,INFERIDA_DESCRICAO,12
SBSL,"SÃO LUÍS / Marechal Cunha Machado, MA",aeroporto,aeroporto,SBSL,02º35'13''S,044º14'10''W,-2.5869444444444447,-44.236111111111114,178,21,W,1,1,0,INFERIDA_DESCRICAO,12
SBSM,"SANTA MARIA / Santa Maria, RS",aeroporto,aeroporto,SBSM,29º42'39''S,053º41'32''W,-29.710833333333333,-53.69222222222222,287,15,W,1,1,0,INFERIDA_DESCRICAO,12
SBSN,"SANTARÉM / Santarém, PA",aeroporto,aeroporto,SBSN,02º25'29''S,054º47'09''W,-2.424722222222222,-54.78583333333333,198,18,W,1,1,0,INFERIDA_DESCRICAO,12
SBSP,"SÃO PAULO / Congonhas, SP",aeroporto,aeroporto,SBSP,23º37'34''S,046º39'23''W,-23.62611111111111,-46.656388888888884,2631,21,W,1,1,0,INFERIDA_DESCRICAO,12
SBSR,"SÃO JOSÉ DO RIO PRETO / São José do Rio Preto, SP",aeroporto,aeroporto,SBSR,20º48'58''S,049º24'17''W,-20.816111111111113,-49.40472222222222,3,20,W,1,1,0,INFERIDA_DESCRICAO,12
SBST,"GUARUJÁ / Base Aérea, SP",aeroporto,aeroporto,SBST,23º55'41''S,046º17'59''W,-23.928055555555556,-46.29972222222222,10,21,W,1,1,0,INFERIDA_DESCRICAO,12
SBSV,"SALVADOR/Deputado Luiz Eduardo Magalhães, BA",aeroporto,aeroporto,SBSV,12º54'31''S,038º19'21''W,-12.908611111111112,-38.322500000000005,63,23,W,1,1,0,INFERIDA_DESCRICAO,12
SBTA,"TAUBATÉ / Base de Aviação de Taubaté, SP",aeroporto,aeroporto,SBTA,23º02'20''S,045º30'57''W,-23.03888888888889,-45.51583333333333,1908,22,W,1,1,0,INFERIDA_DESCRICAO,12
SBTB,"ORIXIMINÁ / Trombetas, PA",aeroporto,aeroporto,SBTB,01º29'04''S,056º23'57''W,-1.4844444444444445,-56.399166666666666,287,17,W,1,1,0,INFERIDA_DESCRICAO,12
SBTC,"UNA / Hotel Transamérica, BA",aeroporto,aeroporto,SBTC,15º21'12''S,038º59'50''W,-15.353333333333333,-38.99722222222222,20,24,W,1,1,0,INFERIDA_DESCRICAO,12
SBTD,"TOLEDO / Toledo, PR",aeroporto,aeroporto,SBTD,24º41'07''S,053º41'48''W,-24.685277777777777,-53.696666666666665,1843,17,W,1,1,0,INFERIDA_DESCRICAO,12
SBTE,"TERESINA / Senador Petrônio Portella, PI",aeroporto,aeroporto,SBTE,05º03'38''S,042º49'28''W,-5.060555555555555,-42.824444444444445,219,22,W,1,1,0,INFERIDA_DESCRICAO,12
SBTF,"TEFÉ / Tefé, AM",aeroporto,aeroporto,SBTF,03º22'49''S,064º43'31''W,-3.3802777777777777,-64.72527777777778,184,13,W,1,1,0,INFERIDA_DESCRICAO,12
SBTK,"TARAUACÁ / Tarauacá, AC",aeroporto,aeroporto,SBTK,08º09'17''S,070º46'58''W,-8.154722222222222,-70.78277777777778,646,7,W,1,1,0,INFERIDA_DESCRICAO,12
SBTR,"TORRES / Torres, RS",aeroporto,aeroporto,SBTR,29º24'36''S,049º48'37''W,-29.41,-49.81027777777778,26,18,W,1,1,0,INFERIDA_DESCRICAO,12
SBTS,"ÓBIDOS / Tiriós, PA",aeroporto,aeroporto,SBTS,02º13'26''N,055º56'50''W,2.223888888888889,-55.947222222222216,1127,17,W,1,1,0,INFERIDA_DESCRICAO,12
SBTT,"TABATINGA / Tabatinga, AM",aeroporto,aeroporto,SBTT,04º15'02''S,069º56'16''W,-4.250555555555556,-69.93777777777778,279,9,W,1,1,0,INFERIDA_DESCRICAO,13
SBTU,"TUCURUÍ / Tucuruí, PA",aeroporto,aeroporto,SBTU,03º46'37''S,049º43'11''W,-3.776944444444444,-49.719722222222224,830,20,W,1,1,0,INFERIDA_DESCRICAO,13
SBTV,"PORTO SEGURO / Terravista, BA",aeroporto,aeroporto,SBTV,16º32'27''S,039º06'28''W,-16.540833333333335,-39.10777777777778,174,24,W,1,1,0,INFERIDA_DESCRICAO,13
SBUA,"SÃO GABRIEL DA CACHOEIRA / São Gabriel da Cachoeira, AM",aeroporto,aeroporto,SBUA,00º08'53''S,066º59'09''W,-0.14805555555555555,-66.98583333333333,251,11,W,1,1,0,INFERIDA_DESCRICAO,13
SBUF,"PAULO AFONSO / Paulo Afonso, BA",aeroporto,aeroporto,SBUF,09º24'08''S,038º15'15''W,-9.402222222222223,-38.25416666666667,883,23,W,1,1,0,INFERIDA_DESCRICAO,13
SBUG,"URUGUAIANA / Rubem Berta, RS",aeroporto,aeroporto,SBUG,29º46'55''S,057º02'18''W,-29.781944444444445,-57.038333333333334,256,12,W,1,1,0,INFERIDA_DESCRICAO,13
SBUL,"UBERLÂNDIA / Uberlândia, MG",aeroporto,aeroporto,SBUL,18º53'01''S,048º13'31''W,-18.88361111111111,-48.22527777777778,3094,21,W,1,1,0,INFERIDA_DESCRICAO,13
SBUR,"UBERABA / Uberaba, MG",aeroporto,aeroporto,SBUR,19º45'53''S,047º57'58''W,-19.764722222222222,-47.96611111111111,2655,21,W,1,1,0,INFERIDA_DESCRICAO,13
SBUY,SBUY AEROPORTO DE URUCU,aeroporto,aeroporto,SBUY,04º52'59''S,065º21'21''W,-4.883055555555556,-65.35583333333332,,15,W,1,1,1,INFERIDA_DESCRICAO,13
SBVG,"VARGINHA / Major Brigadeiro Trompowsky, MG",aeroporto,aeroporto,SBVG,21º35'20''S,045º28'24''W,-21.58888888888889,-45.473333333333336,3028,22,W,1,1,0,INFERIDA_DESCRICAO,13
SBVH,"VILHENA / Vilhena, RO",aeroporto,aeroporto,SBVH,12º42'06''S,060º05'37''W,-12.701666666666666,-60.093611111111116,2018,15,W,1,1,0,INFERIDA_DESCRICAO,13
SBVT,"VITÓRIA / Goiabeiras, ES",aeroporto,aeroporto,SBVT,20º15'28''S,040º17'11''W,-20.25777777777778,-40.28638888888889,11,24,W,1,1,0,INFERIDA_DESCRICAO,13
SBYA,"SÃO GABRIEL DA CACHOEIRA / lauaretê, AM",aeroporto,aeroporto,SBYA,00º36'25''N,069º12'05''W,0.6069444444444444,-69.20138888888889,345,10,W,1,1,0,INFERIDA_DESCRICAO,13
SBYS,"PIRAÇUNUNGA / Campo Fontenelle, SP",aeroporto,aeroporto,SBYS,21º59'04''S,047º20'39''W,-21.984444444444446,-47.344166666666666,1968,21,W,1,1,0,INFERIDA_DESCRICAO,13
SD,SAPURA DIAMANTE,embarcacao,plataforma,,22º23'45''S,043º14'14''W,-22.395833333333332,-43.23722222222222,0,22,W,1,1,0,INFERIDA_DESCRICAO,13
SDAA,"ARARAS / Araras, SP",aeroporto,aeroporto,SDAA,22º20'13''S,047º21'30''W,-22.336944444444445,-47.358333333333334,2247,21,W,1,1,0,INFERIDA_DESCRICAO,13
SDAB,"ARAÇATUBA / HELPN Maju, SP",heliponto,heliponto,SDAB,21º05'37''S,050º28'53''W,-21.09361111111111,-50.481388888888894,1247,20,W,1,1,0,INFERIDA_DESCRICAO,13
SDAC,"GUARULHOS / HELPN Aché, SP",heliponto,heliponto,SDAC,23º28'28''S,046º31'19''W,-23.474444444444444,-46.52194444444444,2444,21,W,1,1,0,INFERIDA_DESCRICAO,13
SDAD,"ADAMANTINA / Everaldo Moraes Barreto, SP",aeroporto,aeroporto,SDAD,21º41'46''S,051º05'47''W,-21.69611111111111,-51.09638888888889,1394,19,W,1,1,0,INFERIDA_DESCRICAO,13
SDAE,"SÃO PEDRO / São Pedro, SP",aeroporto,aeroporto,SDAE,22º35'01''S,047º53'46''W,-22.58361111111111,-47.89611111111111,1858,21,W,1,1,0,INFERIDA_DESCRICAO,13
SDAF,"ANALÂNDIA / Faz. Palmeiras, SP",aeroporto,aeroporto,SDAF,22º09'26''S,047º42'50''W,-22.15722222222222,-47.71388888888889,2762,21,W,1,1,0,INFERIDA_DESCRICAO,13
SDAG,"ANGRA DOS REIS / Angra dos Reis, RJ",aeroporto,aeroporto,SDAG,22º58'31''S,044º18'26''W,-22.975277777777777,-44.30722222222222,10,22,W,1,1,0,INFERIDA_DESCRICAO,13
SDAH,"BARUERI / HELPN Amil Resgate, SP",heliponto,heliponto,SDAH,23º29'36''S,046º50'53''W,-23.493333333333336,-46.84805555555556,2585,21,W,1,1,0,INFERIDA_DESCRICAO,13
SDAI,"AMERICANA / Americana, SP",aeroporto,aeroporto,SDAI,22º45'19''S,047º16'05''W,-22.755277777777778,-47.268055555555556,2085,21,W,1,1,0,INFERIDA_DESCRICAO,13
SDAJ,"SANTO ANTÔNlO DO ARACANGUÁ / Faz. Santa Marina, SP",aeroporto,aeroporto,SDAJ,20º51'20''S,050º46'46''W,-20.855555555555558,-50.779444444444444,1126,20,W,1,1,0,INFERIDA_DESCRICAO,13
SDAM,"CAMPINAS / Amarais, SP",aeroporto,aeroporto,SDAM,22º51'33''S,047º06'29''W,-22.859166666666667,-47.10805555555556,2008,21,W,1,1,0,INFERIDA_DESCRICAO,13
SDAN,"BROTAS / Faz. Santo Ângelo, SP",aeroporto,aeroporto,SDAN,22º14'44''S,048º15'28''W,-22.245555555555555,-48.257777777777775,1680,21,W,1,1,0,INFERIDA_DESCRICAO,13
SDAP,"SÃO PAULO / HELPN Hospital Paulistano, SP",heliponto,heliponto,SDAP,23º33'55''S,046º38'34''W,-23.56527777777778,-46.64277777777778,2798,21,W,1,1,0,INFERIDA_DESCRICAO,13
SDAQ,"SÃO PAULO / HELPN Centro Empresarial do Aço, SP",heliponto,heliponto,SDAQ,23º38'03''S,046º38'24''W,-23.634166666666665,-46.64,2815,21,W,1,1,0,INFERIDA_DESCRICAO,13
SDAR,"AMPARO / HELPN Hotel Canto da Floresta, SP",heliponto,heliponto,SDAR,22º44'55''S,046º41'08''W,-22.748611111111114,-46.68555555555555,2825,21,W,1,1,0,INFERIDA_DESCRICAO,13
SDAS,"MIRANDÓPOLIS / Faz. Santo Antônio, SP",aeroporto,aeroporto,SDAS,21º16'39''S,051º17'46''W,-21.2775,-51.29611111111111,1141,19,W,1,1,0,INFERIDA_DESCRICAO,13
SDAU,"SÃO PAULO / HELPN C.T.O. Itaú, SP",heliponto,heliponto,SDAU,23º33'29''S,046º37'07''W,-23.558055555555555,-46.618611111111115,2661,21,W,1,1,0,INFERIDA_DESCRICAO,13
SDAV,"SÃO PAULO / HELPN Auxiliar I, SP",heliponto,heliponto,SDAV,23º37'55''S,046º42'49''W,-23.631944444444446,-46.71361111111111,2539,21,W,1,1,0,INFERIDA_DESCRICAO,13
SDAW,"SÃO PAULO / HELPN Banco Industrial, SP",heliponto,heliponto,SDAW,23º35'28''S,046º41'06''W,-23.59111111111111,-46.684999999999995,2578,21,W,1,1,0,INFERIDA_DESCRICAO,13
SDAX,"SÃO PAULO / HELPN Bradesco - Sta Cecília, SP",heliponto,heliponto,SDAX,23º32'24''S,046º38'57''W,-23.540000000000003,-46.649166666666666,2549,21,W,1,1,0,INFERIDA_DESCRICAO,13
SDAY,"SANTA ERNESTINA / Faz. Altair, SP",aeroporto,aeroporto,SDAY,21º28'02''S,048º22'02''W,-21.46722222222222,-48.367222222222225,2034,21,W,1,1,0,INFERIDA_DESCRICAO,13
SDAZ,"AREAL / HELPN Faz. Laranjeiras, RJ",heliponto,heliponto,SDAZ,22º12'20''S,043º05'42''W,-22.205555555555556,-43.095,1596,23,W,1,1,0,INFERIDA_DESCRICAO,13
SDBA,"BATATAIS / Batatais, SP",aeroporto,aeroporto,SDBA,20º52'38''S,047º35'08''W,-20.877222222222223,-47.58555555555556,2890,21,W,1,1,0,INFERIDA_DESCRICAO,13
SDBB,"BEBEDOURO / Bebedouro, SP",aeroporto,aeroporto,SDBB,20º53'50''S,048º28'53''W,-20.897222222222222,-48.481388888888894,1942,21,W,1,1,0,INFERIDA_DESCRICAO,13
SDBC,"BARUERI / HELPN Bradesco Alphaville, SP",heliponto,heliponto,SDBC,23º29'15''S,046º51'27''W,-23.4875,-46.8575,2546,21,W,1,1,0,INFERIDA_DESCRICAO,13
SDBF,"SÃO PAULO / HELPN Porto Seguro, SP",heliponto,heliponto,SDBF,23º31'50''S,046º38'42''W,-23.530555555555555,-46.644999999999996,2576,21,W,1,1,0,INFERIDA_DESCRICAO,13
SDBG,"RIO DE JANEIRO / HELPN Barra Green, RJ",heliponto,heliponto,SDBG,23º00'22''S,043º20'50''W,-23.00611111111111,-43.34722222222222,13,23,W,1,1,0,INFERIDA_DESCRICAO,13
SDBH,"SÃO PAULO / HELPN Bandeirantes, SP",heliponto,heliponto,SDBH,23º35'42''S,046º42'36''W,-23.595,-46.71,2615,21,W,1,1,0,INFERIDA_DESCRICAO,13
SDBI,"BIRIGUI / Aeroclube, SP",aeroporto,aeroporto,SDBI,21º16'55''S,050º19'37''W,-21.281944444444445,-50.32694444444445,1394,20,W,1,1,0,INFERIDA_DESCRICAO,13
SDBJ,"PIEDADE / HELPN Jimenez, SP",heliponto,heliponto,SDBJ,23º42'34''S,047º25'32''W,-23.709444444444443,-47.425555555555555,2658,21,W,1,1,0,INFERIDA_DESCRICAO,13
SDBK,"BOTUCATU / Botucatu, SP",aeroporto,aeroporto,SDBK,22º56'12''S,048º28'03''W,-22.936666666666667,-48.4675,3012,20,W,1,1,0,INFERIDA_DESCRICAO,13
SDBL,"SÃO PAULO / HELPN Banco Real S/A, SP",heliponto,heliponto,SDBL,23º33'49''S,046º39'15''W,-23.56361111111111,-46.65416666666667,2923,21,W,1,1,0,INFERIDA_DESCRICAO,13
SDBM,"SÃO PAULO / HELPN Beneficência Portuguesa, SP",heliponto,heliponto,SDBM,23º34'05''S,046º38'30''W,-23.568055555555556,-46.641666666666666,2794,21,W,1,1,0,INFERIDA_DESCRICAO,13
SDBP,"BRAGANÇA PAULISTA / Aeroporto Estadual Arthur Siqueira, SP",aeroporto,aeroporto,SDBP,22º58'45''S,046º32'15''W,-22.979166666666664,-46.5375,2887,21,W,1,1,0,INFERIDA_DESCRICAO,13
SDBR,"SÃO PAULO / HELPN Business Center, SP",heliponto,heliponto,SDBR,23º35'46''S,046º41'07''W,-23.59611111111111,-46.68527777777778,2608,21,W,1,1,0,INFERIDA_DESCRICAO,13
SDBS,"SÃO PAULO / HELPN Os Bandeirantes, SP",heliponto,heliponto,SDBS,23º34'33''S,046º41'13''W,-23.575833333333332,-46.68694444444444,2585,21,W,1,1,0,INFERIDA_DESCRICAO,13
SDBT,"SÃO PAULO / HELPN Banco de Boston, SP",heliponto,heliponto,SDBT,23º32'41''S,046º38'08''W,-23.544722222222223,-46.635555555555555,2565,21,W,1,1,0,INFERIDA_DESCRICAO,13
SDBV,"ILHA COMPRIDA / Balneário São Januário, SP",aeroporto,aeroporto,SDBV,24º52'15''S,047º45'30''W,-24.870833333333334,-47.75833333333333,26,20,W,1,1,0,INFERIDA_DESCRICAO,13
SDBW,"SÃO PAULO / HELPN Banespa República, SP",heliponto,heliponto,SDBW,23º32'38''S,046º38'57''W,-23.54388888888889,-46.649166666666666,2676,21,W,1,1,0,INFERIDA_DESCRICAO,13
SDBY,"BARIRI / Bariri, SP",aeroporto,aeroporto,SDBY,22º04'09''S,048º42'23''W,-22.069166666666668,-48.70638888888889,1594,20,W,1,1,0,INFERIDA_DESCRICAO,13
SDBZ,"BARUERI / HELPN KMS, SP",heliponto,heliponto,SDBZ,23º30'19''S,046º50'41''W,-23.505277777777778,-46.844722222222224,2521,21,W,1,1,0,INFERIDA_DESCRICAO,14
SDCA,"CAPÃO BONITO / Capão Bonito, SP",aeroporto,aeroporto,SDCA,24º01'57''S,048º21'30''W,-24.0325,-48.358333333333334,2402,20,W,1,1,0,INFERIDA_DESCRICAO,14
SDCB,"CUBATÃO / HELPN Refinaria Presidente Bernardes, SP",heliponto,heliponto,SDCB,23º53'18''S,046º25'42''W,-23.888333333333332,-46.42833333333333,23,21,W,1,1,0,INFERIDA_DESCRICAO,14
SDCD,"CATANDUVA / Catanduva, SP",aeroporto,aeroporto,SDCD,21º09'02''S,048º59'25''W,-21.150555555555552,-48.99027777777778,1841,20,W,1,1,0,INFERIDA_DESCRICAO,14
SDCE,"PIRAPORA / Faz. Marambaia, MG",aeroporto,aeroporto,SDCE,17º26'18''S,044º56'13''W,-17.438333333333333,-44.93694444444444,1766,22,W,1,1,0,INFERIDA_DESCRICAO,14
SDCF,"SÃO PAULO / HELPN CBS, SP",heliponto,heliponto,SDCF,23º35'05''S,046º40'17''W,-23.584722222222222,-46.671388888888885,2653,21,W,1,1,0,INFERIDA_DESCRICAO,14
SDCG,"SÃO PAULO DE OLIVENÇA / Senadora Eunice Michiles, AM",aeroporto,aeroporto,SDCG,03º28'10''S,068º57'30''W,-3.4694444444444446,-68.95833333333334,335,10,W,1,1,0,INFERIDA_DESCRICAO,14
SDCH,"SÃO PAULO / HELPN Band, SP",heliponto,heliponto,SDCH,23º38'35''S,046º44'10''W,-23.643055555555556,-46.736111111111114,2589,21,W,1,1,0,INFERIDA_DESCRICAO,14
SDCI,"MACAÉ / HELPN Cabiúnas, RJ",heliponto,heliponto,SDCI,22º16'54''S,041º43'03''W,-22.281666666666666,-41.7175,66,23,W,1,1,0,INFERIDA_DESCRICAO,14
SDCK,"SÃO PAULO / HELPN Condomínio Edifício ltaquere, SP",heliponto,heliponto,SDCK,23º34'56''S,046º40'56''W,-23.58222222222222,-46.68222222222222,2621,21,W,1,1,0,INFERIDA_DESCRICAO,14
SDCL,"CERQUEIRA CÉSAR / Faz.Campo Alegre, SP",aeroporto,aeroporto,SDCL,23º09'15''S,049º12'32''W,-23.154166666666665,-49.20888888888889,2182,20,W,1,1,0,INFERIDA_DESCRICAO,14
SDCM,"SÃO DESIDÉRIO / Sete Povos, BA",aeroporto,aeroporto,SDCM,22º52'22''S,042º00'42''W,-22.872777777777777,-42.01166666666666,2957,23,W,1,1,0,INFERIDA_DESCRICAO,14
SDCO,"SOROCABA / Sorocaba, SP",aeroporto,aeroporto,SDCO,23º28'59''S,047º29'11''W,-23.483055555555556,-47.48638888888889,2077,21,W,1,1,0,INFERIDA_DESCRICAO,14
SDCP,"AMPARO / HELPN Faz. Sant’anna, SP",heliponto,heliponto,SDCP,22º44'12''S,046º44'47''W,-22.736666666666668,-46.74638888888889,2598,21,W,1,1,0,INFERIDA_DESCRICAO,14
SDCQ,"COTIA / HELPN Mediterrâneo, SP",heliponto,heliponto,SDCQ,23º35'35''S,046º51'10''W,-23.593055555555555,-46.85277777777778,2648,21,W,1,1,0,INFERIDA_DESCRICAO,14
SDCR,"ITANHAÉM / Faz. Caiçara, SP",aeroporto,aeroporto,SDCR,24º04'16''S,046º49'46''W,-24.07111111111111,-46.82944444444445,39,21,W,1,1,0,INFERIDA_DESCRICAO,14
SDCS,"EUNÁPOLIS / HELPN Veracel, BA",heliponto,heliponto,SDCS,16º05'31''S,039º24'46''W,-16.091944444444444,-39.41277777777778,480,24,W,1,1,0,INFERIDA_DESCRICAO,14
SDCU,"CASIMIRO DE ABREU / Brig. Francisco Pinto de Moura, RJ",aeroporto,aeroporto,SDCU,22º33'15''S,042º06'54''W,-22.554166666666667,-42.115,18,23,W,1,1,0,INFERIDA_DESCRICAO,14
SDCV,"SÃO PAULO / HELPN Citibank, SP",heliponto,heliponto,SDCV,23º33'54''S,046º39'13''W,-23.565,-46.65361111111111,2997,21,W,1,1,0,INFERIDA_DESCRICAO,14
SDCW,"COLÔMBIA / Faz. Paloma, SP",aeroporto,aeroporto,SDCW,20º19'34''S,048º49'42''W,-20.32611111111111,-48.82833333333333,1706,21,W,1,1,0,INFERIDA_DESCRICAO,14
SDCY,"SÃO PAULO / HELPN Camargo Corrêa, SP",heliponto,heliponto,SDCY,23º35'31''S,046º41'13''W,-23.591944444444444,-46.68694444444444,2572,21,W,1,1,0,INFERIDA_DESCRICAO,14
SDCZ,"MANGARATIBA / Faz. Bom Jardim, RJ",aeroporto,aeroporto,SDCZ,22º56'10''S,044º05'55''W,-22.93611111111111,-44.09861111111111,16,22,W,1,1,0,INFERIDA_DESCRICAO,14
SDDA,"SANTO ANDRÉ / HELPN Deputado Adib Chammas, SP",heliponto,heliponto,SDDA,23º38'32''S,046º31'58''W,-23.642222222222223,-46.532777777777774,2554,21,W,1,1,0,INFERIDA_DESCRICAO,14
SDDC,"DUQUE DE CAXIAS / HELPN Panco 10, RJ",heliponto,heliponto,SDDC,22º40'00''S,043º17'46''W,-22.666666666666668,-43.29611111111111,58,23,W,1,1,0,INFERIDA_DESCRICAO,14
SDDF,"SÃO PAULO / HELPN Sul América Seguros, SP",heliponto,heliponto,SDDF,23º36'28''S,046º42'02''W,-23.60777777777778,-46.70055555555556,2555,21,W,1,1,0,INFERIDA_DESCRICAO,14
SDDG,"SÃO PAULO / HELPN Hospital Samaritano, SP",heliponto,heliponto,SDDG,23º32'19''S,046º39'45''W,-23.538611111111113,-46.6625,2966,21,W,1,1,0,INFERIDA_DESCRICAO,14
SDDH,"SÃO PAULO / HELPN Birmann 29, SP",heliponto,heliponto,SDDH,23º35'15''S,046º40'51''W,-23.5875,-46.68083333333333,2614,21,W,1,1,0,INFERIDA_DESCRICAO,14
SDDJ,"MONÇÕES / Faz. Santa Maria, SP",aeroporto,aeroporto,SDDJ,20º50'56''S,050º04'46''W,-20.848888888888887,-50.07944444444445,1525,20,W,1,1,0,INFERIDA_DESCRICAO,14
SDDK,"OCAUÇU / Saint-Exupéry, SP",aeroporto,aeroporto,SDDK,22º28'58''S,049º59'02''W,-22.482777777777777,-49.98388888888889,1846,20,W,1,1,0,INFERIDA_DESCRICAO,14
SDDL,"TATUÍ / Faz. Dois Lagos, SP",aeroporto,aeroporto,SDDL,23º18'27''S,047º56'02''W,-23.3075,-47.93388888888889,1916,21,W,1,1,0,INFERIDA_DESCRICAO,14
SDDM,"RIO DE JANEIRO / HELPN Dona Marta, RJ",heliponto,heliponto,SDDM,22º56'42''S,043º11'49''W,-22.945,-43.19694444444444,1145,23,W,1,1,0,INFERIDA_DESCRICAO,14
SDDN,"ANDRADINA / Andradina, SP",aeroporto,aeroporto,SDDN,20º55'33''S,051º23'02''W,-20.925833333333333,-51.38388888888889,1247,19,W,1,1,0,INFERIDA_DESCRICAO,14
SDDO,"RIO DE JANEIRO / HELPN Cândido Mendes, RJ",heliponto,heliponto,SDDO,22º54'15''S,043º10'31''W,-22.904166666666665,-43.17527777777777,467,23,W,1,1,0,INFERIDA_DESCRICAO,14
SDDP,"SÃO PAULO / HELPN Delta Plaza, SP",heliponto,heliponto,SDDP,23º34'03''S,046º38'45''W,-23.5675,-46.645833333333336,2918,21,W,1,1,0,INFERIDA_DESCRICAO,14
SDDR,"DRACENA / Dracena, SP",aeroporto,aeroporto,SDDR,21º27'40''S,051º36'24''W,-21.461111111111112,-51.60666666666667,1220,19,W,1,1,0,INFERIDA_DESCRICAO,14
SDDT,"MACAÉ / HELPN de Imbetiba (Base 60), RJ",heliponto,heliponto,SDDT,22º23'16''S,041º46'21''W,-22.387777777777778,-41.7725,18,23,W,1,1,0,INFERIDA_DESCRICAO,14
SDDV,"PALMARES PAULISTA / Usina Catanduva, SP",aeroporto,aeroporto,SDDV,21º07'37''S,048º50'41''W,-21.126944444444444,-48.844722222222224,1860,20,W,1,1,0,INFERIDA_DESCRICAO,14
SDDW,"GUARUJÁ / HELPN Delmar, SP",heliponto,heliponto,SDDW,23º55'16''S,046º12'57''W,-23.921111111111113,-46.215833333333336,7,21,W,1,1,0,INFERIDA_DESCRICAO,14
SDDX,"POPULINA / Faz. Paiquerê, SP",aeroporto,aeroporto,SDDX,19º53'17''S,050º30'51''W,-19.888055555555557,-50.51416666666667,1483,20,W,1,1,0,INFERIDA_DESCRICAO,14
SDEA,"SÃO PAULO / HELPN Edifício HSBC Tower, SP",heliponto,heliponto,SDEA,23º34'59''S,046º41'02''W,-23.583055555555557,-46.68388888888889,2619,21,W,1,1,0,INFERIDA_DESCRICAO,14
SDEB,"SÃO JOSÉ DOS CAMPOS / HELPN Ericson do Brasil, SP",heliponto,heliponto,SDEB,23º03'43''S,045º46'57''W,-23.061944444444446,-45.7825,1875,22,W,1,1,0,INFERIDA_DESCRICAO,14
SDED,"IPEÚNA / Edra do Brasil, SP",aeroporto,aeroporto,SDED,22º26'25''S,047º42'06''W,-22.440277777777776,-47.70166666666667,2008,21,W,1,1,0,INFERIDA_DESCRICAO,14
SDEE,"ITAÍ / Rancho Villela, SP",aeroporto,aeroporto,SDEE,23º34'13''S,048º51'48''W,-23.57027777777778,-48.86333333333334,1801,20,W,1,1,0,INFERIDA_DESCRICAO,14
SDEF,"SÃO PAULO / HELPN Edifício Morumbi Office Tower, SP",heliponto,heliponto,SDEF,23º37'24''S,046º41'46''W,-23.623333333333335,-46.69611111111111,2619,21,W,1,1,0,INFERIDA_DESCRICAO,14
SDEG,"MARTINÓPOLIS / Faz. Nova Califórnia, SP",aeroporto,aeroporto,SDEG,22º27'58''S,051º12'04''W,-22.46611111111111,-51.20111111111111,1450,19,W,1,1,0,INFERIDA_DESCRICAO,14
SDEJ,"ITAPETININGA / Faz. Guará do Pinhal, SP",aeroporto,aeroporto,SDEJ,23º39'57''S,048º04'25''W,-23.66583333333333,-48.07361111111111,2036,20,W,1,1,0,INFERIDA_DESCRICAO,14
SDEK,"SÃO SEBASTIÃO / HELPN Barra do Una, SP",heliponto,heliponto,SDEK,23º44'09''S,045º44'49''W,-23.735833333333336,-45.746944444444445,43,21,W,1,1,0,INFERIDA_DESCRICAO,14
SDEL,"SÃO PAULO / HELPN Condomínio Edifício Spazio JK, SP",heliponto,heliponto,SDEL,23º35'26''S,046º40'06''W,-23.590555555555554,-46.66833333333333,2684,21,W,1,1,0,INFERIDA_DESCRICAO,14
SDEM,"ÁLVARES MACHADO / Estância Machado, SP",aeroporto,aeroporto,SDEM,22º06'04''S,051º27'06''W,-22.101111111111113,-51.45166666666667,1388,19,W,1,1,0,INFERIDA_DESCRICAO,14
SDEO,"BOA ESPERANÇA DO SUL / Faz. Entre Rios, SP",aeroporto,aeroporto,SDEO,21º52'44''S,048º39'34''W,-21.878888888888888,-48.659444444444446,1709,20,W,1,1,0,INFERIDA_DESCRICAO,14
SDEP,"PRESIDENTE EPITÁCIO / Presidente Epitácio, SP",aeroporto,aeroporto,SDEP,21º46'32''S,052º09'47''W,-21.775555555555556,-52.16305555555555,974,19,W,1,1,0,INFERIDA_DESCRICAO,14
SDEQ,"SÃO PAULO / HELPN Vigor, SP",heliponto,heliponto,SDEQ,23º31'59''S,046º36'12''W,-23.533055555555556,-46.60333333333333,2434,21,W,1,1,0,INFERIDA_DESCRICAO,14
SDER,"SUD MENUCCI / Faz. Entre Rios, SP",aeroporto,aeroporto,SDER,20º45'54''S,050º51'25''W,-20.765,-50.856944444444444,1207,19,W,1,1,0,INFERIDA_DESCRICAO,14
SDES,"SALES DE OLIVEIRA / Estância Colorado, SP",aeroporto,aeroporto,SDES,20º45'37''S,047º51'43''W,-20.760277777777777,-47.86194444444445,2370,21,W,1,1,0,INFERIDA_DESCRICAO,14
SDET,"TIETÊ / Tietê, SP",aeroporto,aeroporto,SDET,23º06'17''S,047º43'28''W,-23.104722222222225,-47.724444444444444,1644,21,W,1,1,0,INFERIDA_DESCRICAO,15
SDEU,"CAJAMAR / HELPN Empresarial Anhangüera, SP",heliponto,heliponto,SDEU,23º23'05''S,046º49'54''W,-23.384722222222223,-46.83166666666667,2658,21,W,1,1,0,INFERIDA_DESCRICAO,15
SDEV,"SÃO PAULO / HELPN Centro Empresarial Vari, SP",heliponto,heliponto,SDEV,23º29'59''S,046º37'22''W,-23.499722222222225,-46.62277777777778,2668,21,W,1,1,0,INFERIDA_DESCRICAO,15
SDEW,"MOGI DAS CRUZES / HELPN Grupo Júlio Simões - SEDE, SP",heliponto,heliponto,SDEW,23º32'29''S,046º13'45''W,-23.54138888888889,-46.22916666666667,2461,21,W,1,1,0,INFERIDA_DESCRICAO,15
SDEY,"DIADEMA / HELPN Imigrantes, SP",heliponto,heliponto,SDEY,23º41'20''S,046º36'19''W,-23.68888888888889,-46.60527777777778,2554,21,W,1,1,0,INFERIDA_DESCRICAO,15
SDEZ,"SÃO PAULO / HELPN Unibanco Eusébio Matoso, SP",heliponto,heliponto,SDEZ,23º34'21''S,046º41'56''W,-23.572499999999998,-46.69888888888889,2680,21,W,1,1,0,INFERIDA_DESCRICAO,15
SDFA,"PEREIRA BARRETO / Faz. Bonança, SP",aeroporto,aeroporto,SDFA,20º40'38''S,051º01'52''W,-20.677222222222223,-51.03111111111111,1200,19,W,1,1,0,INFERIDA_DESCRICAO,15
SDFC,"ALTAIR / Faz. Constância, SP",aeroporto,aeroporto,SDFC,20º29'19''S,049º11'17''W,-20.488611111111112,-49.18805555555555,1673,20,W,1,1,0,INFERIDA_DESCRICAO,15
SDFD,"FERNANDÓPOLIS / Fernandópolis, SP",aeroporto,aeroporto,SDFD,20º16'36''S,050º12'50''W,-20.276666666666667,-50.21388888888889,1640,20,W,1,1,0,INFERIDA_DESCRICAO,15
SDFE,"BELA VISTA / Faz. Santo Antônio, MS",aeroporto,aeroporto,SDFE,22º04'05''S,056º42'09''W,-22.068055555555556,-56.7025,633,15,W,1,1,0,INFERIDA_DESCRICAO,15
SDFF,"ARARAQUARA / Faz. Fittipaldi Citrus, SP",aeroporto,aeroporto,SDFF,21º51'16''S,048º17'45''W,-21.854444444444447,-48.295833333333334,1673,21,W,1,1,0,INFERIDA_DESCRICAO,15
SDFG,"ARAPEÍ / HELPN Faz. Guanabara, SP",heliponto,heliponto,SDFG,22º39'32''S,044º27'56''W,-22.65888888888889,-44.46555555555556,1591,22,W,1,1,0,INFERIDA_DESCRICAO,15
SDFH,"SANTA ROSA DO VITERBO / Faz. Amália, SP",aeroporto,aeroporto,SDFH,21º26'42''S,047º22'19''W,-21.445,-47.371944444444445,2318,21,W,1,1,0,INFERIDA_DESCRICAO,15
SDFK,"MARABÁ PAULISTA / Faz. Figueira, SP",aeroporto,aeroporto,SDFK,22º04'08''S,052º09'32''W,-22.06888888888889,-52.15888888888889,1234,18,W,1,1,0,INFERIDA_DESCRICAO,15
SDFL,"ITAPETININGA / Faz. Santa Albana, SP",aeroporto,aeroporto,SDFL,23º34'16''S,048º17'00''W,-23.57111111111111,-48.28333333333333,2051,20,W,1,1,0,INFERIDA_DESCRICAO,15
SDFM,"TEODORO SAMPAIO / Faz. Santa Maria, SP",aeroporto,aeroporto,SDFM,22º17'20''S,052º15'21''W,-22.28888888888889,-52.255833333333335,1083,18,W,1,1,0,INFERIDA_DESCRICAO,15
SDFN,"FARTURA / Faz. São Francisco, SP",aeroporto,aeroporto,SDFN,23º28'30''S,049º32'38''W,-23.474999999999998,-49.54388888888889,1703,20,W,1,1,0,INFERIDA_DESCRICAO,15
SDFO,"SANTANA DO PARNAÍBA / HELPN Centro Gráfico - Folha, SP",heliponto,heliponto,SDFO,23º27'56''S,046º51'36''W,-23.465555555555554,-46.86,2535,21,W,1,1,0,INFERIDA_DESCRICAO,15
SDFP,"SÃO PAULO / HELPN Folha de São Paulo, SP",heliponto,heliponto,SDFP,23º32'16''S,046º38'45''W,-23.53777777777778,-46.645833333333336,2612,21,W,1,1,0,INFERIDA_DESCRICAO,15
SDFQ,"RIO DE JANEIRO / HELPN Centro Empresarial Botafogo, RJ",heliponto,heliponto,SDFQ,22º56'40''S,043º10'54''W,-22.944444444444446,-43.181666666666665,188,23,W,1,1,0,INFERIDA_DESCRICAO,15
SDFS,"DOURADOS / HELPN Faz. Santa Gertrudes, SP",heliponto,heliponto,SDFS,22º05'32''S,048º20'49''W,-22.092222222222222,-48.346944444444446,2119,21,W,1,1,0,INFERIDA_DESCRICAO,15
SDFT,"ITAPIRA / Virgulino de Oliveira, SP",aeroporto,aeroporto,SDFT,22º24'52''S,046º48'32''W,-22.41444444444444,-46.80888888888889,2152,21,W,1,1,0,INFERIDA_DESCRICAO,15
SDFU,"PRESIDENTE EPITÁCIO / Faz. Ponte Funda, SP",aeroporto,aeroporto,SDFU,21º52'14''S,052º09'47''W,-21.870555555555555,-52.16305555555555,984,19,W,1,1,0,INFERIDA_DESCRICAO,15
SDFV,"SÃO PAULO / HELPN Federação Paulista de Futebol, SP",heliponto,heliponto,SDFV,23º31'18''S,046º40'02''W,-23.521666666666665,-46.66722222222222,2477,21,W,1,1,0,INFERIDA_DESCRICAO,15
SDFW,"SÃO PAULO / HELPN Condomínio Edifício San Paolo, SP",heliponto,heliponto,SDFW,23º34'36''S,046º41'16''W,-23.576666666666668,-46.687777777777775,2726,21,W,1,1,0,INFERIDA_DESCRICAO,15
SDFX,"CASA NOVA / Casa Nova, BA",aeroporto,aeroporto,SDFX,09º09'35''S,040º56'17''W,-9.159722222222223,-40.93805555555555,1247,23,W,1,1,0,INFERIDA_DESCRICAO,15
SDFY,"OSVALDO CRUZ / Faz. lpameri, SP",aeroporto,aeroporto,SDFY,21º37'53''S,050º48'32''W,-21.63138888888889,-50.80888888888889,1280,19,W,1,1,0,INFERIDA_DESCRICAO,15
SDFZ,"SÃO PAULO / HELPN Vivo Barra Funda, SP",heliponto,heliponto,SDFZ,23º30'33''S,046º40'52''W,-23.509166666666665,-46.68111111111111,2441,21,W,1,1,0,INFERIDA_DESCRICAO,15
SDGA,"GUARUJÁ / HELPN Acapulco, SP",heliponto,heliponto,SDGA,23º57'18''S,046º12'05''W,-23.955,-46.20138888888889,36,21,W,1,1,0,INFERIDA_DESCRICAO,15
SDGB,"GUAÍRA / Usina Colorado, SP",aeroporto,aeroporto,SDGB,20º16'37''S,048º10'55''W,-20.276944444444442,-48.18194444444444,1988,21,W,1,1,0,INFERIDA_DESCRICAO,15
SDGC,"GARÇA / Garça, SP",aeroporto,aeroporto,SDGC,22º11'01''S,049º39'22''W,-22.183611111111112,-49.65611111111111,2182,20,W,1,1,0,INFERIDA_DESCRICAO,15
SDGD,"BOTUCATU / HELPN Eucatex, SP",heliponto,heliponto,SDGD,22º59'39''S,048º34'06''W,-22.99416666666667,-48.568333333333335,2664,20,W,1,1,0,INFERIDA_DESCRICAO,15
SDGE,"SÃO CAETANO DO SUL / HELPN Casas Bahia, SP",heliponto,heliponto,SDGE,23º36'37''S,046º34'14''W,-23.610277777777778,-46.57055555555556,2522,21,W,1,1,0,INFERIDA_DESCRICAO,15
SDGF,"OCAUÇU / Faz. Fartura, SP",aeroporto,aeroporto,SDGF,22º22'02''S,049º56'49''W,-22.36722222222222,-49.94694444444444,1647,20,W,1,1,0,INFERIDA_DESCRICAO,15
SDGI,"CAMPINAS / HELPN Fazenda Guariroba, SP",heliponto,heliponto,SDGI,22º55'22''S,046º54'25''W,-22.922777777777778,-46.90694444444444,2297,21,W,1,1,0,INFERIDA_DESCRICAO,15
SDGJ,"GUAIMBÊ / Faz. Suíssa, SP",aeroporto,aeroporto,SDGJ,21º54'44''S,049º51'27''W,-21.91222222222222,-49.8575,1748,20,W,1,1,0,INFERIDA_DESCRICAO,15
SDGK,"GUARARAPES / Faz. Gurucaia, SP",aeroporto,aeroporto,SDGK,21º29'41''S,050º44'02''W,-21.494722222222222,-50.73388888888889,1345,19,W,1,1,0,INFERIDA_DESCRICAO,15
SDGL,"RIO DE JANEIRO / HELPN Catedral Mundial da Fé, RJ",heliponto,heliponto,SDGL,22º52'51''S,043º16'29''W,-22.880833333333335,-43.27472222222222,154,23,W,1,1,0,INFERIDA_DESCRICAO,15
SDGM,"SÃO PAULO / HELPN Gazeta Mercantil, SP",heliponto,heliponto,SDGM,23º39'15''S,046º43'00''W,-23.654166666666665,-46.71666666666667,2566,21,W,1,1,0,INFERIDA_DESCRICAO,15
SDGO,"GUARULHOS / HELPN Itapemirim, SP",heliponto,heliponto,SDGO,23º27'16''S,046º29'09''W,-23.454444444444444,-46.48583333333333,2543,21,W,1,1,0,INFERIDA_DESCRICAO,15
SDGP,"AVARÉ / Hotel Fazenda Capricho, SP",aeroporto,aeroporto,SDGP,23º13'28''S,048º47'46''W,-23.224444444444444,-48.79611111111111,2099,20,W,1,1,0,INFERIDA_DESCRICAO,15
SDGQ,"SÃO PAULO / HELPN Banco Sofisa, SP",heliponto,heliponto,SDGQ,23º33'46''S,046º39'21''W,-23.56277777777778,-46.655833333333334,2864,21,W,1,1,0,INFERIDA_DESCRICAO,15
SDGR,"GUARARAPES / Guararapes, SP",aeroporto,aeroporto,SDGR,21º15'47''S,050º39'11''W,-21.263055555555557,-50.653055555555554,1312,19,W,1,1,0,INFERIDA_DESCRICAO,15
SDGS,"SÃO PAULO / HELPN Bertolucci, SP",heliponto,heliponto,SDGS,23º35'08''S,046º40'49''W,-23.585555555555555,-46.680277777777775,2657,21,W,1,1,0,INFERIDA_DESCRICAO,15
SDGT,"CAMPOS NOVOS PAULISTA / Faz. Alvorada, SP",aeroporto,aeroporto,SDGT,22º31'30''S,050º02'45''W,-22.525,-50.045833333333334,1895,20,W,1,1,0,INFERIDA_DESCRICAO,15
SDGV,"COTIA / HELPN CPM Granja Viana, SP",heliponto,heliponto,SDGV,23º35'58''S,046º49'57''W,-23.599444444444444,-46.8325,2710,21,W,1,1,0,INFERIDA_DESCRICAO,15
SDGW,"SÃO PAULO / HELPN JKFC, SP",heliponto,heliponto,SDGW,23º35'12''S,046º40'29''W,-23.586666666666666,-46.67472222222222,2648,21,W,1,1,0,INFERIDA_DESCRICAO,15
SDGX,"SÃO PAULO / HELPN Shering Plough, SP",heliponto,heliponto,SDGX,23º37'37''S,046º42'28''W,-23.626944444444444,-46.70777777777778,2494,21,W,1,1,0,INFERIDA_DESCRICAO,15
SDGY,"ARAÇATUBA / Faz. Anhagai, SP",aeroporto,aeroporto,SDGY,20º55'39''S,050º44'36''W,-20.927500000000002,-50.74333333333333,1181,20,W,1,1,0,INFERIDA_DESCRICAO,15
SDGZ,"OSASCO / HELPN Bradesco Cidade de Deus, SP",heliponto,heliponto,SDGZ,23º32'56''S,046º46'20''W,-23.54888888888889,-46.77222222222222,2529,21,W,1,1,0,INFERIDA_DESCRICAO,15
SDHA,"SÃO PAULO / HELPN HASP, SP",heliponto,heliponto,SDHA,23º30'48''S,046º38'39''W,-23.513333333333332,-46.64416666666666,2379,21,W,1,1,0,INFERIDA_DESCRICAO,15
SDHB,"OSASCO / HELPN Bradesco, SP",heliponto,heliponto,SDHB,23º32'53''S,046º46'06''W,-23.548055555555557,-46.76833333333333,2467,21,W,1,1,0,INFERIDA_DESCRICAO,15
SDHC,"GETULINA / Faz. Koga, SP",aeroporto,aeroporto,SDHC,21º52'19''S,049º58'49''W,-21.871944444444445,-49.98027777777778,1292,20,W,1,1,0,INFERIDA_DESCRICAO,15
SDHD,"NITERÓI / HELPN Hospital de Clínicas de Niterói, RJ",heliponto,heliponto,SDHD,22º53'40''S,043º06'57''W,-22.894444444444446,-43.115833333333335,188,23,W,1,1,0,INFERIDA_DESCRICAO,15
SDHE,"ITAPIRA / Faz. Herdade, SP",aeroporto,aeroporto,SDHE,22º29'33''S,046º50'37''W,-22.4925,-46.843611111111116,2494,21,W,1,1,0,INFERIDA_DESCRICAO,15
SDHG,"OSASCO / HELPN Málaga, SP",heliponto,heliponto,SDHG,23º28'54''S,046º46'41''W,-23.481666666666666,-46.778055555555554,2526,21,W,1,1,0,INFERIDA_DESCRICAO,16
SDHH,"PAULÍNEA / HELPN Comercial Campineira de Combustíveis, SP",heliponto,heliponto,SDHH,22º45'27''S,047º09'29''W,-22.7575,-47.158055555555556,1959,21,W,1,1,0,INFERIDA_DESCRICAO,16
SDHI,"SÃO PAULO / HELPN Hospital Gastroclínica, SP",heliponto,heliponto,SDHI,23º35'42''S,046º39'06''W,-23.595,-46.651666666666664,2566,21,W,1,1,0,INFERIDA_DESCRICAO,16
SDHJ,"SÃO PAULO / HELPN Hospital da Polícia Militar, SP",heliponto,heliponto,SDHJ,23º28'22''S,046º37'17''W,-23.472777777777775,-46.62138888888889,2592,21,W,1,1,0,INFERIDA_DESCRICAO,16
SDHL,"RIO DE JANEIRO / Heliporto Lagoa, RJ",heliponto,heliponto,SDHL,22º58'32''S,043º13'07''W,-22.975555555555555,-43.218611111111116,10,23,W,1,1,0,INFERIDA_DESCRICAO,16
SDHM,"SÃO PAULO / HELPN Helicentro Morumbi, SP",heliponto,heliponto,SDHM,23º35'43''S,046º44'43''W,-23.595277777777778,-46.74527777777778,2428,21,W,1,1,0,INFERIDA_DESCRICAO,16
SDHN,"SÃO PAULO / HELPN Philips, SP",heliponto,heliponto,SDHN,23º36'29''S,046º41'49''W,-23.608055555555556,-46.69694444444444,2667,21,W,1,1,0,INFERIDA_DESCRICAO,16
SDHO,"SANTO ANDRÉ / HELPN Bradesco - Santo André, SP",heliponto,heliponto,SDHO,23º39'21''S,046º31'42''W,-23.65583333333333,-46.52833333333333,2523,21,W,1,1,0,INFERIDA_DESCRICAO,16
SDHQ,"SÃO PAULO / HELPN Shopping Leste Aricanduva, SP",heliponto,heliponto,SDHQ,23º34'03''S,046º30'17''W,-23.5675,-46.50472222222222,2434,21,W,1,1,0,INFERIDA_DESCRICAO,16
SDHS,"SÃO JOSÉ DOS CAMPOS / HELPN TECSAT, SP",heliponto,heliponto,SDHS,23º14'34''S,045º55'58''W,-23.24277777777778,-45.93277777777777,1975,21,W,1,1,0,INFERIDA_DESCRICAO,16
SDHT,"SÃO PAULO / HELPN Cetenco Plaza - Torre Norte, SP",heliponto,heliponto,SDHT,23º33'29''S,046º39'27''W,-23.558055555555555,-46.6575,2943,21,W,1,1,0,INFERIDA_DESCRICAO,16
SDHU,"RIO DE JANEIRO / HELPN Morro da Urca, RJ",heliponto,heliponto,SDHU,22º57'06''S,043º09'57''W,-22.951666666666664,-43.16583333333333,692,23,W,1,1,0,INFERIDA_DESCRICAO,16
SDHV,"SÃO PAULO / HELPN Hospital Albert Einstein, SP",heliponto,heliponto,SDHV,23º36'01''S,046º42'54''W,-23.60027777777778,-46.715,2828,21,W,1,1,0,INFERIDA_DESCRICAO,16
SDHW,"SÃO PAULO / HELPN Hospital Bandeirantes, SP",heliponto,heliponto,SDHW,23º33'26''S,046º38'04''W,-23.557222222222222,-46.63444444444444,2598,21,W,1,1,0,INFERIDA_DESCRICAO,16
SDHY,"SÃO PAULO / HELPN Edifício São Luiz Gonzaga, SP",heliponto,heliponto,SDHY,23º33'23''S,046º39'39''W,-23.55638888888889,-46.66083333333333,3008,21,W,1,1,0,INFERIDA_DESCRICAO,16
SDHZ,"CAMPINAS / HELPN Hospital Vera Cruz, SP",heliponto,heliponto,SDHZ,22º54'15''S,047º04'04''W,-22.904166666666665,-47.06777777777778,2406,21,W,1,1,0,INFERIDA_DESCRICAO,16
SDIA,"SÃO PAULO / HELPN ltaú Boavista, SP",heliponto,heliponto,SDIA,23º32'45''S,046º37'47''W,-23.545833333333334,-46.62972222222222,2525,21,W,1,1,0,INFERIDA_DESCRICAO,16
SDIB,"ESPIRÍTO SANTO DO PINHAL / Irmãos Ribeiro, SP",aeroporto,aeroporto,SDIB,22º09'42''S,046º46'36''W,-22.161666666666665,-46.776666666666664,3018,21,W,1,1,0,INFERIDA_DESCRICAO,16
SDID,"ITARARÉ / Itararé, SP",aeroporto,aeroporto,SDID,24º08'07''S,049º19'42''W,-24.135277777777777,-49.32833333333333,2598,20,W,1,1,0,INFERIDA_DESCRICAO,16
SDIG,"IBITINGA / Ibitinga, SP",aeroporto,aeroporto,SDIG,21º44'50''S,048º51'21''W,-21.747222222222224,-48.85583333333334,1780,20,W,1,1,0,INFERIDA_DESCRICAO,16
SDIH,"BIRITIBA MIRIM / Faz. Irohy, SP",aeroporto,aeroporto,SDIH,23º33'56''S,046º04'10''W,-23.565555555555555,-46.06944444444445,2467,21,W,1,1,0,INFERIDA_DESCRICAO,16
SDIJ,"ITABORAÍ / HELPN Panco 13, RJ",heliponto,heliponto,SDIJ,22º45'23''S,042º53'25''W,-22.75638888888889,-42.890277777777776,112,23,W,1,1,0,INFERIDA_DESCRICAO,16
SDIL,"ANGRA DOS REIS / Faz. Pedra Branca, RJ",aeroporto,aeroporto,SDIL,22º54'10''S,044º17'18''W,-22.902777777777775,-44.288333333333334,10,22,W,1,1,0,INFERIDA_DESCRICAO,16
SDIM,"ITANHAÉM / Itanhaém, SP",aeroporto,aeroporto,SDIM,24º09'53''S,046º47'08''W,-24.16472222222222,-46.785555555555554,13,21,W,1,1,0,INFERIDA_DESCRICAO,16
SDIO,"ITÁPOLIS / Itápolis, SP",aeroporto,aeroporto,SDIO,21º35'59''S,048º49'58''W,-21.599722222222223,-48.83277777777778,1739,20,W,1,1,0,INFERIDA_DESCRICAO,16
SDIP,"CAÇAPAVA / Faz. Centro de Vôo a Vela Ipuã, SP",aeroporto,aeroporto,SDIP,23º02'36''S,045º46'32''W,-23.043333333333337,-45.775555555555556,1913,22,W,1,1,0,INFERIDA_DESCRICAO,16
SDIQ,"ANGRA DOS REIS / HELPN Goettems, RJ",heliponto,heliponto,SDIQ,23º02'53''S,044º11'42''W,-23.048055555555557,-44.19499999999999,8,22,W,1,1,0,INFERIDA_DESCRICAO,16
SDIS,"ARANDU / HELPN The Eagle’s Nest, SP",heliponto,heliponto,SDIS,23º14'51''S,049º01'46''W,-23.247500000000002,-49.029444444444444,1867,20,W,1,1,0,INFERIDA_DESCRICAO,16
SDIT,"SÃO PAULO / HELPN ltaú NPD Paulista, SP",heliponto,heliponto,SDIT,23º34'36''S,046º39'29''W,-23.576666666666668,-46.658055555555556,2558,21,W,1,1,0,INFERIDA_DESCRICAO,16
SDIV,"ITUVERAVA / Ituverava, SP",aeroporto,aeroporto,SDIV,20º22'31''S,047º46'07''W,-20.37527777777778,-47.76861111111111,2044,21,W,1,1,0,INFERIDA_DESCRICAO,16
SDIW,"SÃO PAULO / HELPN Edifício São Paulo Trade Building, SP",heliponto,heliponto,SDIW,23º35'38''S,046º41'20''W,-23.593888888888888,-46.68888888888888,2628,21,W,1,1,0,INFERIDA_DESCRICAO,16
SDIY,"SÃO BERNARDO DO CAMPO / HELPN Fab. de Motores Rolls Royce, SP",heliponto,heliponto,SDIY,23º41'56''S,046º33'42''W,-23.698888888888888,-46.56166666666666,2575,21,W,1,1,0,INFERIDA_DESCRICAO,16
SDIZ,"CARDOSO / Faz. São Paulo, SP",aeroporto,aeroporto,SDIZ,20º09'20''S,049º56'05''W,-20.155555555555555,-49.93472222222222,1656,20,W,1,1,0,INFERIDA_DESCRICAO,16
SDJA,"ITIRAPINA / Dr. José Augusto de Arruda Botelho, SP",aeroporto,aeroporto,SDJA,22º11'41''S,047º51'42''W,-22.19472222222222,-47.861666666666665,2569,21,W,1,1,0,INFERIDA_DESCRICAO,16
SDJC,"JABOTICABAL / Jaboticabal, SP",aeroporto,aeroporto,SDJC,21º13'48''S,048º17'05''W,-21.229999999999997,-48.28472222222222,2024,21,W,1,1,0,INFERIDA_DESCRICAO,16
SDJD,"JUNDIAÍ / Jundiaí, SP",aeroporto,aeroporto,SDJD,23º10'54''S,046º56'37''W,-23.18166666666667,-46.94361111111111,2484,21,W,1,1,0,INFERIDA_DESCRICAO,16
SDJE,"JACAREÍ / HELPN Avibrás II B, SP",heliponto,heliponto,SDJE,23º20'45''S,045º49'30''W,-23.34583333333333,-45.825,2133,22,W,1,1,0,INFERIDA_DESCRICAO,16
SDJF,"BURI / Faz. Jequitibá, SP",aeroporto,aeroporto,SDJF,23º50'43''S,048º26'53''W,-23.845277777777778,-48.448055555555555,2310,20,W,1,1,0,INFERIDA_DESCRICAO,16
SDJG,"SANTA CRUZ DO RIO PARDO / Faz. Ponte Preta, SP",aeroporto,aeroporto,SDJG,22º44'00''S,049º29'00''W,-22.733333333333334,-49.483333333333334,1689,20,W,1,1,0,INFERIDA_DESCRICAO,16
SDJI,"JACAREÍ / HELPN Avibrás II, SP",heliponto,heliponto,SDJI,23º19'35''S,045º49'02''W,-23.32638888888889,-45.81722222222223,2395,22,W,1,1,0,INFERIDA_DESCRICAO,16
SDJJ,"SÃO PAULO / HELPN Francisco Mellão, SP",heliponto,heliponto,SDJJ,23º35'36''S,046º41'17''W,-23.593333333333334,-46.68805555555555,2634,21,W,1,1,0,INFERIDA_DESCRICAO,16
SDJL,"JALES / Jales, SP",aeroporto,aeroporto,SDJL,20º17'28''S,050º32'40''W,-20.291111111111114,-50.544444444444444,1496,20,W,1,1,0,INFERIDA_DESCRICAO,16
SDJM,"JUNDIAÍ / HELPN Sítio Santo Antônio, SP",heliponto,heliponto,SDJM,23º07'57''S,046º55'42''W,-23.1325,-46.92833333333333,2520,21,W,1,1,0,INFERIDA_DESCRICAO,16
SDJN,"JARDINÓPOLIS / Faz. São Luiz, SP",aeroporto,aeroporto,SDJN,21º06'02''S,047º45'02''W,-21.100555555555555,-47.75055555555556,1772,21,W,1,1,0,INFERIDA_DESCRICAO,16
SDJO,"SÃO JOAQUIM DA BARRA / São Joaquim da Barra, SP",aeroporto,aeroporto,SDJO,20º35'36''S,047º50'32''W,-20.593333333333334,-47.842222222222226,2136,21,W,1,1,0,INFERIDA_DESCRICAO,16
SDJQ,"PEREIRA BARRETO / Faz. São Joaquim O.B., SP",aeroporto,aeroporto,SDJQ,20º49'45''S,051º00'32''W,-20.829166666666666,-51.00888888888889,1276,19,W,1,1,0,INFERIDA_DESCRICAO,16
SDJR,"SÃO JOSÉ DO RIO PRETO / Faz. Santa Inês, SP",aeroporto,aeroporto,SDJR,20º52'57''S,049º23'33''W,-20.8825,-49.3925,1804,20,W,1,1,0,INFERIDA_DESCRICAO,16
SDJT,"JUNDIAÍ / HELPN J. Toledo, SP",heliponto,heliponto,SDJT,23º10'29''S,046º54'30''W,-23.174722222222222,-46.90833333333333,2287,21,W,1,1,0,INFERIDA_DESCRICAO,16
SDJU,"SÃO PAULO / HELPN Hospital São Luiz, SP",heliponto,heliponto,SDJU,23º35'25''S,046º40'22''W,-23.590277777777775,-46.672777777777775,2536,21,W,1,1,0,INFERIDA_DESCRICAO,16
SDJW,"SÃO PAULO / HELPN Hospital Cidade Jardim, SP",heliponto,heliponto,SDJW,23º35'27''S,046º42'12''W,-23.590833333333332,-46.70333333333333,2552,21,W,1,1,0,INFERIDA_DESCRICAO,16
SDJY,"SÃO PAULO / HELPN Paulista Capital Plaza - The Flat, SP",heliponto,heliponto,SDJY,23º34'16''S,046º38'46''W,-23.57111111111111,-46.64611111111111,2953,21,W,1,1,0,INFERIDA_DESCRICAO,16
SDJZ,"MORRO AGUDO / Faz. Barra do Agudo, SP",aeroporto,aeroporto,SDJZ,20º48'30''S,048º13'19''W,-20.808333333333334,-48.221944444444446,1608,21,W,1,1,0,INFERIDA_DESCRICAO,16
SDKB,"CASA BRANCA / Casa Branca, SP",aeroporto,aeroporto,SDKB,21º47'17''S,047º03'20''W,-21.78805555555556,-47.05555555555555,2346,21,W,1,1,0,INFERIDA_DESCRICAO,16
SDKC,"GÁLIA / Faz. Eldorado, SP",aeroporto,aeroporto,SDKC,22º18'13''S,049º27'44''W,-22.303611111111113,-49.46222222222222,1771,20,W,1,1,0,INFERIDA_DESCRICAO,16
SDKD,"SÃO PAULO / HELPN Condomínio América Business Park, SP",heliponto,heliponto,SDKD,23º37'06''S,046º42'11''W,-23.618333333333332,-46.70305555555556,2490,21,W,1,1,0,INFERIDA_DESCRICAO,17
SDKF,"CURACÁ / Juazeiro, BA",aeroporto,aeroporto,SDKF,09º09'22''S,040º05'50''W,-9.15611111111111,-40.09722222222222,1220,23,W,1,1,0,INFERIDA_DESCRICAO,17
SDKG,"CERQUEIRA CÉSAR / Faz. Gávea, SP",aeroporto,aeroporto,SDKG,23º13'30''S,049º10'45''W,-23.224999999999998,-49.17916666666667,2030,20,W,1,1,0,INFERIDA_DESCRICAO,17
SDKH,"RIBEIRÃO PRETO / HELPN Edifício New Century, SP",heliponto,heliponto,SDKH,21º12'19''S,047º48'35''W,-21.205277777777777,-47.80972222222222,2179,21,W,1,1,0,INFERIDA_DESCRICAO,17
SDKI,"SÃO JOSÉ DOS CAMPOS / HELPN CL, SP",heliponto,heliponto,SDKI,23º13'28''S,045º54'25''W,-23.224444444444444,-45.90694444444444,1993,21,W,1,1,0,INFERIDA_DESCRICAO,17
SDKJ,"FORMOSA DO RIO PRETO / Formosa do Rio Preto, BA",aeroporto,aeroporto,SDKJ,11º01'21''S,045º11'30''W,-11.0225,-45.19166666666666,1598,22,W,1,1,0,INFERIDA_DESCRICAO,17
SDKK,"MOCOCA / Mococa, SP",aeroporto,aeroporto,SDKK,21º29'16''S,047º02'04''W,-21.48777777777778,-47.03444444444444,2116,21,W,1,1,0,INFERIDA_DESCRICAO,17
SDKM,"SÃO PAULO / HELPN Hotel Emiliano, SP",heliponto,heliponto,SDKM,23º33'57''S,046º39'55''W,-23.565833333333334,-46.665277777777774,2716,21,W,1,1,0,INFERIDA_DESCRICAO,17
SDKN,"MINEIROS DO TIETÊ / Faz. e Haras Bela Vista, SP",aeroporto,aeroporto,SDKN,22º26'17''S,048º24'20''W,-22.438055555555557,-48.40555555555555,2339,20,W,1,1,0,INFERIDA_DESCRICAO,17
SDKO,"COLÔMBIA / Faz. Campo Grande, SP",aeroporto,aeroporto,SDKO,20º15'28''S,048º47'15''W,-20.25777777777778,-48.7875,1830,21,W,1,1,0,INFERIDA_DESCRICAO,17
SDKP,"POMPÉIA / Faz. Jamaica, SP",aeroporto,aeroporto,SDKP,22º11'23''S,050º16'44''W,-22.189722222222223,-50.278888888888886,1611,20,W,1,1,0,INFERIDA_DESCRICAO,17
SDKQ,"GUARACI / Faz. São João, SP",aeroporto,aeroporto,SDKQ,20º13'00''S,049º04'00''W,-20.216666666666665,-49.06666666666667,1673,20,W,1,1,0,INFERIDA_DESCRICAO,17
SDKR,"PONTES E LACERDA / Faz. Triângulo, MT",aeroporto,aeroporto,SDKR,15º10'30''S,059º10'16''W,-15.174999999999999,-59.17111111111111,1116,15,W,1,1,0,INFERIDA_DESCRICAO,17
SDKS,"RIO DE JANEIRO / HELPN Torre da Glória, RJ",heliponto,heliponto,SDKS,22º55'05''S,043º10'38''W,-22.918055555555558,-43.17722222222222,197,23,W,1,1,0,INFERIDA_DESCRICAO,17
SDKT,"SÃO PAULO / HELPN Edifício Dacon, SP",heliponto,heliponto,SDKT,23º34'05''S,046º41'02''W,-23.568055555555556,-46.68388888888889,2703,21,W,1,1,0,INFERIDA_DESCRICAO,17
SDKU,"INDAIATUBA / HELPN Itanhangá, SP",heliponto,heliponto,SDKU,23º03'39''S,047º11'07''W,-23.060833333333335,-47.18527777777778,2313,21,W,1,1,0,INFERIDA_DESCRICAO,17
SDKV,"SÃO PAULO / HELPN Rede Globo, SP",heliponto,heliponto,SDKV,23º36'49''S,046º41'46''W,-23.613611111111112,-46.69611111111111,2384,21,W,1,1,0,INFERIDA_DESCRICAO,17
SDKY,"SÃO PAULO / HELPN Hospital das Clínicas, SP",heliponto,heliponto,SDKY,23º33'28''S,046º40'08''W,-23.55777777777778,-46.66888888888889,2740,21,W,1,1,0,INFERIDA_DESCRICAO,17
SDLA,"PARATI / HELPN Condomínio Laranjeiras, RJ",heliponto,heliponto,SDLA,23º20'39''S,044º39'39''W,-23.344166666666666,-44.66083333333333,11,22,W,1,1,0,INFERIDA_DESCRICAO,17
SDLB,"SÃO PAULO / HELPN Metropolitan Office, SP",heliponto,heliponto,SDLB,23º34'51''S,046º40'57''W,-23.580833333333334,-46.6825,2670,21,W,1,1,0,INFERIDA_DESCRICAO,17
SDLC,"LUCÉLIA / Lucélia, SP",aeroporto,aeroporto,SDLC,21º44'58''S,051º01'06''W,-21.749444444444446,-51.01833333333333,1476,19,W,1,1,0,INFERIDA_DESCRICAO,17
SDLD,"RIBEIRÃO BRANCO / HELPN Faz. São Miguel, SP",heliponto,heliponto,SDLD,24º11'44''S,048º38'34''W,-24.195555555555554,-48.64277777777778,2894,20,W,1,1,0,INFERIDA_DESCRICAO,17
SDLE,"RIO DE CONTAS / Rio de Contas, BA",aeroporto,aeroporto,SDLE,13º35'15''S,041º47'21''W,-13.5875,-41.78916666666667,3576,23,W,1,1,0,INFERIDA_DESCRICAO,17
SDLF,"OSASCO / HELPN SBT, SP",heliponto,heliponto,SDLF,23º28'36''S,046º46'39''W,-23.476666666666667,-46.777499999999996,2639,21,W,1,1,0,INFERIDA_DESCRICAO,17
SDLG,"OUROLÂNDIA / Salviano Inácio Rocha, BA",aeroporto,aeroporto,SDLG,10º58'28''S,041º04'10''W,-10.974444444444444,-41.06944444444445,1890,23,W,1,1,0,INFERIDA_DESCRICAO,17
SDLJ,"PARAUAPEBAS / Igarapé Bahia, PA",aeroporto,aeroporto,SDLJ,06º02'52''S,050º34'47''W,-6.047777777777777,-50.57972222222222,2257,20,W,1,1,0,INFERIDA_DESCRICAO,17
SDLK,"CACULÉ / Caculé, BA",aeroporto,aeroporto,SDLK,14º29'56''S,042º15'50''W,-14.498888888888889,-42.263888888888886,2064,23,W,1,1,0,INFERIDA_DESCRICAO,17
SDLL,"LEME / Leme, SP",aeroporto,aeroporto,SDLL,22º13'37''S,047º22'56''W,-22.22694444444444,-47.382222222222225,2024,21,W,1,1,0,INFERIDA_DESCRICAO,17
SDLN,"CABO FRIO / Faz. Tosana, RJ",aeroporto,aeroporto,SDLN,22º35'59''S,042º01'44''W,-22.599722222222223,-42.028888888888886,26,23,W,1,1,0,INFERIDA_DESCRICAO,17
SDLO,"CAIRU / Faz. Pontal, BA",aeroporto,aeroporto,SDLO,13º33'52''S,038º56'20''W,-13.564444444444446,-38.93888888888888,12,23,W,1,1,0,INFERIDA_DESCRICAO,17
SDLP,"LENÇÓIS PAULISTA / Lençóis Paulista, SP",aeroporto,aeroporto,SDLP,22º34'38''S,048º46'31''W,-22.577222222222222,-48.775277777777774,2039,20,W,1,1,0,INFERIDA_DESCRICAO,17
SDLQ,"GUARARAPES / Faz. Perobal, SP",aeroporto,aeroporto,SDLQ,21º30'13''S,050º46'41''W,-21.503611111111113,-50.778055555555554,1339,19,W,1,1,0,INFERIDA_DESCRICAO,17
SDLR,"VALENTIN GENTIL / Faz. Sonho Dourado, SP",aeroporto,aeroporto,SDLR,20º28'02''S,050º08'32''W,-20.46722222222222,-50.14222222222222,1722,20,W,1,1,0,INFERIDA_DESCRICAO,17
SDLS,"GUARAREMA / HELPN Terminal Petrobrás - Guararema, SP",heliponto,heliponto,SDLS,23º24'51''S,045º58'00''W,-23.414166666666667,-45.96666666666667,1919,21,W,1,1,0,INFERIDA_DESCRICAO,17
SDLT,"LUTÉCIA / Faz.Santa Rita, SP",aeroporto,aeroporto,SDLT,22º11'58''S,050º22'25''W,-22.199444444444445,-50.37361111111111,1437,19,W,1,1,0,INFERIDA_DESCRICAO,17
SDLU,"BARRA BONITA / Faz. Santa Luíza, SP",aeroporto,aeroporto,SDLU,22º28'59''S,048º31'26''W,-22.483055555555556,-48.52388888888889,1782,20,W,1,1,0,INFERIDA_DESCRICAO,17
SDLV,"FLORESTÓPOLIS / Faz. São Francisco, PR",aeroporto,aeroporto,SDLV,22º55'15''S,051º21'07''W,-22.920833333333334,-51.35194444444445,1581,19,W,1,1,0,INFERIDA_DESCRICAO,17
SDLW,"CAMPO NOVO DO PARECIS / Faz. Campo Real, MT",aeroporto,aeroporto,SDLW,13º26'49''S,057º46'52''W,-13.446944444444444,-57.78111111111111,1804,16,W,1,1,0,INFERIDA_DESCRICAO,17
SDLX,"SÃO FÉLIX DO ARAGUAIA / Faz. Jacareúna, MT",aeroporto,aeroporto,SDLX,11º26'28''S,052º12'17''W,-11.44111111111111,-52.20472222222222,1417,20,W,1,1,0,INFERIDA_DESCRICAO,17
SDLY,"MATÃO / Matão, SP",aeroporto,aeroporto,SDLY,21º37'23''S,048º21'09''W,-21.623055555555556,-48.3525,2083,21,W,1,1,0,INFERIDA_DESCRICAO,17
SDMA,"TREMEMBÉ / Faz. Maristela, SP",aeroporto,aeroporto,SDMA,22º57'15''S,045º36'06''W,-22.954166666666666,-45.60166666666667,1804,22,W,1,1,0,INFERIDA_DESCRICAO,17
SDMB,"CAMPINAS / HELPN Benteler, SP",heliponto,heliponto,SDMB,23º00'04''S,047º07'10''W,-23.00111111111111,-47.11944444444445,2156,21,W,1,1,0,INFERIDA_DESCRICAO,17
SDMC,"MARICÁ / Maricá, RJ",aeroporto,aeroporto,SDMC,22º55'05''S,042º49'44''W,-22.918055555555558,-42.82888888888889,13,23,W,1,1,0,INFERIDA_DESCRICAO,17
SDME,"MATÃO / Marchesan S.A, SP",aeroporto,aeroporto,SDME,21º37'46''S,048º23'38''W,-21.629444444444445,-48.39388888888889,1942,21,W,1,1,0,INFERIDA_DESCRICAO,17
SDMF,"SÃO SEBASTIÃO / HELPN Maresias, SP",heliponto,heliponto,SDMF,23º47'15''S,045º34'23''W,-23.7875,-45.573055555555555,36,22,W,1,1,0,INFERIDA_DESCRICAO,17
SDMH,"MIRASSOL / Mirassol, SP",aeroporto,aeroporto,SDMH,20º48'26''S,049º29'10''W,-20.807222222222222,-49.486111111111114,1916,20,W,1,1,0,INFERIDA_DESCRICAO,17
SDMI,"SÃO PAULO / HELPN do Comando do 8º Distrito Naval, SP",heliponto,heliponto,SDMI,23º35'39''S,046º38'48''W,-23.594166666666666,-46.64666666666667,2580,21,W,1,1,0,INFERIDA_DESCRICAO,17
SDMJ,"MOGI-MIRIM / Mogi-Mirim, SP",aeroporto,aeroporto,SDMJ,22º24'36''S,046º54'19''W,-22.41,-46.905277777777776,2274,21,W,1,1,0,INFERIDA_DESCRICAO,17
SDML,"SÃO SEBASTIÃO / Plataforma Merluza, SP",plataforma,plataforma,,25º16'01''S,045º15'10''W,-25.266944444444444,-45.25277777777778,1,21,W,1,1,0,INFERIDA_DESCRICAO,17
SDMN,"CAPÃO BONITO / HELPN Meira Fernandes , SP",heliponto,heliponto,SDMN,23º55'00''S,048º25'34''W,-23.916666666666668,-48.42611111111111,2434,20,W,1,1,0,INFERIDA_DESCRICAO,17
SDMO,"MONTE ALTO / Monte Alto, SP",aeroporto,aeroporto,SDMO,21º15'41''S,048º31'47''W,-21.261388888888888,-48.52972222222222,2461,21,W,1,1,0,INFERIDA_DESCRICAO,17
SDMP,"MAIRIPORÃ / HELPN Erik, SP",heliponto,heliponto,SDMP,23º18'00''S,046º35'57''W,-23.3,-46.59916666666667,3707,21,W,1,1,0,INFERIDA_DESCRICAO,17
SDMR,"RIO DE JANEIRO / Marambaia, RJ",aeroporto,aeroporto,SDMR,23º03'59''S,043º52'47''W,-23.06638888888889,-43.87972222222222,16,22,W,1,1,0,INFERIDA_DESCRICAO,17
SDMS,"ANGRA DOS REIS / HELPN Marechiaro, RJ",heliponto,heliponto,SDMS,23º00'56''S,044º16'50''W,-23.015555555555554,-44.28055555555555,190,22,W,1,1,0,INFERIDA_DESCRICAO,17
SDMT,"SÃO PAULO / HELPN Banco Bradesco Av. Paulista, SP",heliponto,heliponto,SDMT,23º33'44''S,046º39'18''W,-23.56222222222222,-46.655,2896,21,W,1,1,0,INFERIDA_DESCRICAO,17
SDMU,"RIO DE JANEIRO / HELPN Multiplan, RJ",heliponto,heliponto,SDMU,22º54'34''S,043º10'32''W,-22.909444444444443,-43.175555555555555,351,23,W,1,1,0,INFERIDA_DESCRICAO,18
SDMV,"JAÚ / Faz. Morro Vermelho, SP",aeroporto,aeroporto,SDMV,22º16'32''S,048º36'45''W,-22.275555555555556,-48.612500000000004,1736,20,W,1,1,0,INFERIDA_DESCRICAO,18
SDMY,"MATÃO / Faz. Cambuhy, SP",aeroporto,aeroporto,SDMY,21º37'50''S,048º28'40''W,-21.630555555555556,-48.47777777777778,2008,21,W,1,1,0,INFERIDA_DESCRICAO,18
SDNB,"GUARUJÁ / HELPN Nobara-Guarujá, SP",heliponto,heliponto,SDNB,23º59'58''S,046º17'53''W,-23.999444444444446,-46.29805555555556,10,21,W,1,1,0,INFERIDA_DESCRICAO,18
SDNC,"TAUBATÉ / HELPN Panco V, SP",heliponto,heliponto,SDNC,23º02'04''S,045º35'17''W,-23.034444444444446,-45.588055555555556,1945,22,W,1,1,0,INFERIDA_DESCRICAO,18
SDND,"NARANDIBA / Faz. Nova Damasco, SP",aeroporto,aeroporto,SDND,22º28'58''S,051º31'49''W,-22.482777777777777,-51.530277777777776,1411,19,W,1,1,0,INFERIDA_DESCRICAO,18
SDNE,"MARABÁ PAULISTA / Faz. São Joaquim, SP",aeroporto,aeroporto,SDNE,22º11'58''S,051º58'25''W,-22.199444444444445,-51.97361111111111,1585,19,W,1,1,0,INFERIDA_DESCRICAO,18
SDNF,"UBERLÂNDIA / HELPN Center Shopping, MG",heliponto,heliponto,SDNF,18º54'14''S,048º15'30''W,-18.903888888888886,-48.25833333333333,2881,21,W,1,1,0,INFERIDA_DESCRICAO,18
SDNG,"NOVA MARINGÁ / Faz. São Gabriel, MT",aeroporto,aeroporto,SDNG,13º06'00''S,056º57'10''W,-13.1,-56.95277777777778,1197,17,W,1,1,0,INFERIDA_DESCRICAO,18
SDNH,"NOVO HORIZONTE / Novo Horizonte, SP",aeroporto,aeroporto,SDNH,21º29'52''S,049º14'04''W,-21.497777777777777,-49.23444444444444,1526,20,W,1,1,0,INFERIDA_DESCRICAO,18
SDNI,"COTIA / Nascimento I, SP",aeroporto,aeroporto,SDNI,23º37'11''S,046º59'01''W,-23.619722222222222,-46.98361111111111,3090,21,W,1,1,0,INFERIDA_DESCRICAO,18
SDNJ,"CAPÃO BONITO / Nascimento II, SP",aeroporto,aeroporto,SDNJ,24º04'29''S,048º13'29''W,-24.07472222222222,-48.224722222222226,2604,20,W,1,1,0,INFERIDA_DESCRICAO,18
SDNK,"PRIMAVERA DO LESTE / Faz. Vitória, MT",aeroporto,aeroporto,SDNK,14º57'54''S,054º03'03''W,-14.965,-54.05083333333333,2513,18,W,1,1,0,INFERIDA_DESCRICAO,18
SDNL,"NOVA EUROPA / Faz. São Francisco do Itaquerê, SP",aeroporto,aeroporto,SDNL,21º45'35''S,048º35'10''W,-21.759722222222223,-48.586111111111116,1877,20,W,1,1,0,INFERIDA_DESCRICAO,18
SDNN,"SÃO PAULO / HELPN Birmann 21, SP",heliponto,heliponto,SDNN,23º33'57''S,046º42'03''W,-23.565833333333334,-46.700833333333335,2496,21,W,1,1,0,INFERIDA_DESCRICAO,18
SDNO,"SÃO MANUEL / São Manuel, SP",aeroporto,aeroporto,SDNO,22º41'46''S,048º34'34''W,-22.69611111111111,-48.57611111111112,2395,20,W,1,1,0,INFERIDA_DESCRICAO,18
SDNP,"SÃO PAULO / HELPN Banespa S/A, SP",heliponto,heliponto,SDNP,23º32'45''S,046º38'13''W,-23.545833333333334,-46.636944444444445,2644,21,W,1,1,0,INFERIDA_DESCRICAO,18
SDNR,"SÃO PAULO / HELPN Banco Santander, SP",heliponto,heliponto,SDNR,23º39'04''S,046º42'49''W,-23.65111111111111,-46.71361111111111,2515,21,W,1,1,0,INFERIDA_DESCRICAO,18
SDNS,"PETRÓPOLIS / HELPN Samambaia, RJ",heliponto,heliponto,SDNS,22º27'45''S,043º07'50''W,-22.4625,-43.13055555555555,3167,23,W,1,1,0,INFERIDA_DESCRICAO,18
SDNU,"RIO DE JANEIRO / HELPN Ministro Nelson Hungria, RJ",heliponto,heliponto,SDNU,22º54'23''S,043º10'23''W,-22.906388888888888,-43.17305555555555,222,23,W,1,1,0,INFERIDA_DESCRICAO,18
SDNV,"ALTAMIRA / Aldeia Nacepoti, PA",aeroporto,aeroporto,SDNV,09º30'14''S,054º00'43''W,-9.50388888888889,-54.011944444444445,1001,19,W,1,1,0,INFERIDA_DESCRICAO,18
SDNW,"SÃO JOSÉ DO XINGU / Aldeia Piaraçú, MT",aeroporto,aeroporto,SDNW,10º47'18''S,053º04'18''W,-10.788333333333334,-53.07166666666667,1148,19,W,1,1,0,INFERIDA_DESCRICAO,18
SDNZ,"SONORA / Faz. Alto do Piquiri, MS",aeroporto,aeroporto,SDNZ,17º50'42''S,054º46'08''W,-17.845,-54.76888888888889,1640,18,W,1,1,0,INFERIDA_DESCRICAO,18
SDOB,"TAPIRATIBA / Faz. São José “OB”, SP",aeroporto,aeroporto,SDOB,21º25'30''S,046º45'13''W,-21.425,-46.75361111111111,2585,21,W,1,1,0,INFERIDA_DESCRICAO,18
SDOC,"SÃO PAULO / HELPN Hospital do Coração, SP",heliponto,heliponto,SDOC,23º34'23''S,046º38'35''W,-23.573055555555555,-46.643055555555556,2825,21,W,1,1,0,INFERIDA_DESCRICAO,18
SDOF,"IPOJUCA / HELPN Serrambi, PE",heliponto,heliponto,SDOF,08º32'59''S,035º00'26''W,-8.549722222222222,-35.007222222222225,16,22,W,1,1,0,INFERIDA_DESCRICAO,18
SDOG,"GUARUJÁ / HELPN Península, SP",heliponto,heliponto,SDOG,23º59'49''S,046º12'11''W,-23.996944444444445,-46.20305555555556,236,21,W,1,1,0,INFERIDA_DESCRICAO,18
SDOH,"POUSO ALEGRE / HELPN Cimed, MG",heliponto,heliponto,SDOH,22º15'57''S,046º56'29''W,-22.265833333333333,-46.94138888888889,2917,21,W,1,1,0,INFERIDA_DESCRICAO,18
SDOI,"BOITUVA / Centro Nacional de Pára-quedismo, SP",aeroporto,aeroporto,SDOI,23º17'53''S,047º41'31''W,-23.298055555555557,-47.69194444444444,2051,21,W,1,1,0,INFERIDA_DESCRICAO,18
SDOK,"JUNDIAÍ / HELPN Casas Bahia, SP",heliponto,heliponto,SDOK,23º14'15''S,046º51'53''W,-23.2375,-46.86472222222223,2517,21,W,1,1,0,INFERIDA_DESCRICAO,18
SDOL,"TAPURÁ / Agropesp, MT",aeroporto,aeroporto,SDOL,12º26'29''S,056º54'25''W,-12.44138888888889,-56.90694444444444,1001,17,W,1,1,0,INFERIDA_DESCRICAO,18
SDOM,"OSASCO / HELPN Hospital Montreal, SP",heliponto,heliponto,SDOM,23º32'13''S,045º46'31''W,-23.536944444444448,-45.775277777777774,2520,21,W,1,1,0,INFERIDA_DESCRICAO,18
SDON,"SÃO PAULO / HELPN Ônix, SP",heliponto,heliponto,SDON,23º33'06''S,046º43'18''W,-23.551666666666666,-46.72166666666667,2634,21,W,1,1,0,INFERIDA_DESCRICAO,18
SDOP,"HORTOLÂNDIA / HELPN ESM/Sigma Pharma 2, SP",heliponto,heliponto,SDOP,22º53'44''S,047º11'24''W,-22.895555555555553,-47.19,2127,21,W,1,1,0,INFERIDA_DESCRICAO,18
SDOR,"ORLÂNDIA / Faz. Mosquito, SP",aeroporto,aeroporto,SDOR,20º44'50''S,047º53'23''W,-20.747222222222224,-47.88972222222222,2415,21,W,1,1,0,INFERIDA_DESCRICAO,18
SDOS,"GUARUJÁ / HELPN Issac, SP",heliponto,heliponto,SDOS,23º54'34''S,046º10'02''W,-23.909444444444443,-46.16722222222222,39,21,W,1,1,0,INFERIDA_DESCRICAO,18
SDOT,"SÃO PAULO / HELPN Attilio Tinelli, SP",heliponto,heliponto,SDOT,23º35'55''S,046º41'38''W,-23.59861111111111,-46.693888888888885,2559,21,W,1,1,0,INFERIDA_DESCRICAO,18
SDOU,"OURINHOS / Ourinhos, SP",aeroporto,aeroporto,SDOU,22º58'25''S,049º54'41''W,-22.973611111111108,-49.91138888888889,1532,20,W,1,1,0,INFERIDA_DESCRICAO,18
SDOV,"MOZARLÂNDIA / Mozarlândia, GO",aeroporto,aeroporto,SDOV,14º44'41''S,050º34'14''W,-14.74472222222222,-50.57055555555556,1076,20,W,1,1,0,INFERIDA_DESCRICAO,18
SDOW,"OURILÂNDIA DO NORTE / Ourilândia do Norte, PA",aeroporto,aeroporto,SDOW,06º46'33''S,051º03'36''W,-6.775833333333333,-51.059999999999995,751,20,W,1,1,0,INFERIDA_DESCRICAO,18
SDOX,"SÃO CARLOS / Faz. Pixoxó, SP",aeroporto,aeroporto,SDOX,21º46'52''S,047º53'04''W,-21.78111111111111,-47.88444444444444,2133,21,W,1,1,0,INFERIDA_DESCRICAO,18
SDOY,"JACAREÍ / HELPN AMBEV, SP",heliponto,heliponto,SDOY,23º12'50''S,045º59'55''W,-23.21388888888889,-45.99861111111111,1854,21,W,1,1,0,INFERIDA_DESCRICAO,18
SDOZ,"APIACÁS / Aldeia Pontal, MT",aeroporto,aeroporto,SDOZ,08º06'03''S,058º17'04''W,-8.100833333333332,-58.28444444444444,869,16,W,1,1,0,INFERIDA_DESCRICAO,18
SDPA,"MANGARATIBA / Faz. Portobello, RJ",aeroporto,aeroporto,SDPA,22º55'39''S,044º04'48''W,-22.927500000000002,-44.080000000000005,20,22,W,1,1,0,INFERIDA_DESCRICAO,18
SDPD,"PINDAMONHANGABA / Pindamonhangaba, SP",aeroporto,aeroporto,SDPD,22º56'37''S,045º25'53''W,-22.94361111111111,-45.43138888888889,1919,22,W,1,1,0,INFERIDA_DESCRICAO,18
SDPE,"SOROCABA / HELPN Pirelli Eden, SP",heliponto,heliponto,SDPE,23º24'46''S,047º25'32''W,-23.412777777777777,-47.425555555555555,1832,21,W,1,1,0,INFERIDA_DESCRICAO,18
SDPF,HELPN Soufer paulínea,heliponto,heliponto,SDPF,22º43'37''S,047º10'04''W,-22.72694444444444,-47.16777777777777,0,21,W,1,1,0,INFERIDA_DESCRICAO,18
SDPG,"ANDRADINA / Faz. Progresso, SP",aeroporto,aeroporto,SDPG,21º03'16''S,051º24'22''W,-21.054444444444446,-51.40611111111111,1198,19,W,1,1,0,INFERIDA_DESCRICAO,18
SDPH,"SÃO PAULO / HELPN Porto do Sol Hotel, SP",heliponto,heliponto,SDPH,23º32'19''S,046º39'10''W,-23.538611111111113,-46.65277777777778,2690,21,W,1,1,0,INFERIDA_DESCRICAO,18
SDPJ,"SÃO PAULO / HELPN Panco 7, SP",heliponto,heliponto,SDPJ,23º31'37''S,046º29'24''W,-23.526944444444442,-46.49,2579,21,W,1,1,0,INFERIDA_DESCRICAO,18
SDPK,"SÃO PAULO / HELPN Panco I, SP",heliponto,heliponto,SDPK,23º31'40''S,046º29'40''W,-23.52777777777778,-46.49444444444445,2652,21,W,1,1,0,INFERIDA_DESCRICAO,18
SDPL,"SÃO PAULO / HELPN Sofitel São Paulo, SP",heliponto,heliponto,SDPL,23º35'34''S,046º38'59''W,-23.592777777777776,-46.64972222222222,2697,21,W,1,1,0,INFERIDA_DESCRICAO,18
SDPM,"SÃO PAULO / HELPN Palácio dos Bandeirantes, SP",heliponto,heliponto,SDPM,23º36'02''S,046º42'47''W,-23.600555555555555,-46.713055555555556,2600,21,W,1,1,0,INFERIDA_DESCRICAO,18
SDPN,"PENÁPOLIS / Penápolis, SP",aeroporto,aeroporto,SDPN,21º24'37''S,050º01'55''W,-21.410277777777775,-50.03194444444444,1371,20,W,1,1,0,INFERIDA_DESCRICAO,18
SDPO,"SÃO PAULO / HELPN Plaza Centenário, SP",heliponto,heliponto,SDPO,23º36'19''S,046º51'36''W,-23.60527777777778,-46.86,2826,21,W,1,1,0,INFERIDA_DESCRICAO,19
SDPP,"PARANAPANEMA / Faz. Fortaleza, SP",aeroporto,aeroporto,SDPP,23º17'36''S,048º48'49''W,-23.293333333333337,-48.81361111111111,1952,20,W,1,1,0,INFERIDA_DESCRICAO,19
SDPR,"CAMPINAS / HELPN Pirelli S/A, SP",heliponto,heliponto,SDPR,22º56'34''S,047º08'59''W,-22.942777777777778,-47.14972222222222,2100,21,W,1,1,0,INFERIDA_DESCRICAO,19
SDPS,"SANTA ISABEL / HELPN Pedreira Sargon, SP",heliponto,heliponto,SDPS,23º21'23''S,046º16'48''W,-23.35638888888889,-46.28,2631,21,W,1,1,0,INFERIDA_DESCRICAO,19
SDPT,"SÃO PAULO / HELPN Parque Paulista, SP",heliponto,heliponto,SDPT,23º33'35''S,046º39'32''W,-23.559722222222224,-46.65888888888889,2897,21,W,1,1,0,INFERIDA_DESCRICAO,19
SDPU,"RIO DE JANEIRO / HELPN Paquetá, RJ",heliponto,heliponto,SDPU,22º46'02''S,043º06'47''W,-22.76722222222222,-43.113055555555555,10,23,W,1,1,0,INFERIDA_DESCRICAO,19
SDPV,"PRESIDENTE VENCESLAU / Presidente Venceslau, SP",aeroporto,aeroporto,SDPV,21º53'36''S,051º53'04''W,-21.893333333333334,-51.88444444444444,1460,19,W,1,1,0,INFERIDA_DESCRICAO,19
SDPW,"PIRACICABA / Piracicaba, SP",aeroporto,aeroporto,SDPW,22º42'38''S,047º37'10''W,-22.710555555555555,-47.61944444444445,1887,21,W,1,1,0,INFERIDA_DESCRICAO,19
SDPY,"PIRAÇUNUNGA / Piraçununga, SP",aeroporto,aeroporto,SDPY,22º01'35''S,047º25'10''W,-22.02638888888889,-47.419444444444444,2241,21,W,1,1,0,INFERIDA_DESCRICAO,19
SDQA,"SÃO PAULO / HELPN Centro Empresarial Nações Unidas Torre Oeste, SP",heliponto,heliponto,SDQA,23º36'35''S,046º41'50''W,-23.609722222222224,-46.697222222222216,2736,21,W,1,1,0,INFERIDA_DESCRICAO,19
SDQB,"SÃO PAULO / HELPN Edifício Berrini 500, SP",heliponto,heliponto,SDQB,23º36'03''S,046º41'30''W,-23.600833333333334,-46.69166666666666,2648,21,W,1,1,0,INFERIDA_DESCRICAO,19
SDQC,"SÃO PAULO / HELPN Quarto Comar, SP",heliponto,heliponto,SDQC,23º33'50''S,046º36'45''W,-23.56388888888889,-46.612500000000004,2329,21,W,1,1,0,INFERIDA_DESCRICAO,19
SDQE,"PONTA PORÃ / Faz. Carambola, MS",aeroporto,aeroporto,SDQE,22º34'10''S,055º38'10''W,-22.569444444444443,-55.63611111111111,2041,16,W,1,1,0,INFERIDA_DESCRICAO,19
SDQF,"ITAPECERICA DA SERRA / HELPN ITA, SP",heliponto,heliponto,SDQF,23º42'05''S,046º49'43''W,-23.70138888888889,-46.828611111111115,2638,21,W,1,1,0,INFERIDA_DESCRICAO,19
SDQG,"CAIABU / Faz. Nova Floresta, SP",aeroporto,aeroporto,SDQG,21º53'58''S,051º11'13''W,-21.899444444444445,-51.18694444444444,1460,19,W,1,1,0,INFERIDA_DESCRICAO,19
SDQH,"TIBAGI / Faz. da Ilha, PR",aeroporto,aeroporto,SDQH,24º38'59''S,050º21'45''W,-24.649722222222223,-50.362500000000004,2812,19,W,1,1,0,INFERIDA_DESCRICAO,19
SDQI,"INDAIATUBA / HELPN Faz. Quilombo, SP",heliponto,heliponto,SDQI,23º04'20''S,047º05'27''W,-23.072222222222223,-47.090833333333336,2361,21,W,1,1,0,INFERIDA_DESCRICAO,19
SDQJ,"RIO DE JANEIRO / HELPN Disco, RJ",heliponto,heliponto,SDQJ,22º59'05''S,043º14'10''W,-22.984722222222224,-43.236111111111114,187,23,W,1,1,0,INFERIDA_DESCRICAO,19
SDQL,"NIOAQUE / Faz. Cerro Azul, MS",aeroporto,aeroporto,SDQL,21º11'19''S,055º44'04''W,-21.18861111111111,-55.73444444444444,1191,16,W,1,1,0,INFERIDA_DESCRICAO,19
SDQM,"RIBEIRÃO PRETO / HELPN Helicentro Ribeirão Preto, SP",heliponto,heliponto,SDQM,21º12'37''S,047º46'12''W,-21.210277777777776,-47.769999999999996,1837,21,W,1,1,0,INFERIDA_DESCRICAO,19
SDQN,"NIOAQUE / Faz. Tangará, MS",aeroporto,aeroporto,SDQN,20º53'55''S,055º42'36''W,-20.898611111111112,-55.71,919,16,W,1,1,0,INFERIDA_DESCRICAO,19
SDQO,"MORUNGABA / HELPN Faz. São Quirino, SP",heliponto,heliponto,SDQO,22º55'02''S,046º50'44''W,-22.91722222222222,-46.845555555555556,2513,21,W,1,1,0,INFERIDA_DESCRICAO,19
SDQP,"SÃO PAULO / HELPN Parque Cultural Paulista, SP",heliponto,heliponto,SDQP,23º34'18''S,046º38'42''W,-23.571666666666665,-46.644999999999996,2959,21,W,1,1,0,INFERIDA_DESCRICAO,19
SDQQ,"QUATÁ / Companhia Agrícola de Quatá, SP",aeroporto,aeroporto,SDQQ,22º17'17''S,050º38'25''W,-22.28805555555556,-50.640277777777776,1919,19,W,1,1,0,INFERIDA_DESCRICAO,19
SDQS,"SÃO PAULO / HELPN Berrini, SP",heliponto,heliponto,SDQS,23º36'04''S,046º41'30''W,-23.601111111111113,-46.69166666666666,2572,21,W,1,1,0,INFERIDA_DESCRICAO,19
SDQT,"SÃO PAULO / HELPN Office Tower Itaim, SP",heliponto,heliponto,SDQT,23º34'52''S,046º40'44''W,-23.58111111111111,-46.678888888888885,2644,21,W,1,1,0,INFERIDA_DESCRICAO,19
SDQV,"CÁCERES / Faz. Santa Fé, MT",aeroporto,aeroporto,SDQV,16º08'24''S,058º30'54''W,-16.14,-58.515,676,15,W,1,1,0,INFERIDA_DESCRICAO,19
SDQW,"SORRISO / Faz. Criciúma, MT",aeroporto,aeroporto,SDQW,13º24'36''S,055º14'01''W,-13.41,-55.23361111111111,1575,18,W,1,1,0,INFERIDA_DESCRICAO,19
SDQY,"CAMPINAS / HELPN Shopping Center Iguatemi, SP",heliponto,heliponto,SDQY,22º53'27''S,047º01'47''W,-22.890833333333333,-47.02972222222222,2356,21,W,1,1,0,INFERIDA_DESCRICAO,19
SDQZ,"BARRA DO GARÇAS / Faz. Espinhaço II, MT",aeroporto,aeroporto,SDQZ,15º23'50''S,052º04'29''W,-15.397222222222222,-52.07472222222223,991,19,W,1,1,0,INFERIDA_DESCRICAO,19
SDRA,"SÃO MIGUEL ARCANJO / Faz. das Represas, SP",aeroporto,aeroporto,SDRA,23º52'23''S,048º02'14''W,-23.873055555555556,-48.03722222222222,2271,20,W,1,1,0,INFERIDA_DESCRICAO,19
SDRB,"SÃO PAULO / HELPN Renaissance Hotel, SP",heliponto,heliponto,SDRB,23º33'32''S,046º39'42''W,-23.55888888888889,-46.66166666666666,2952,21,W,1,1,0,INFERIDA_DESCRICAO,19
SDRC,"RANCHARIA / Faz. Santana, SP",aeroporto,aeroporto,SDRC,22º10'55''S,050º51'57''W,-22.181944444444447,-50.865833333333335,1608,19,W,1,1,0,INFERIDA_DESCRICAO,19
SDRD,"SANTA RITA DO PASSA QUATRO / Adhemar Ribeiro, SP",aeroporto,aeroporto,SDRD,21º38'33''S,047º28'16''W,-21.6425,-47.471111111111114,2776,21,W,1,1,0,INFERIDA_DESCRICAO,19
SDRE,"RIO DE JANEIRO / HELPN Recreio, RJ",heliponto,heliponto,SDRE,23º00'28''S,043º26'49''W,-23.00777777777778,-43.44694444444444,26,23,W,1,1,0,INFERIDA_DESCRICAO,19
SDRF,"RIO CLARO / Faz. Recanto Feliz, RJ",aeroporto,aeroporto,SDRF,22º44'46''S,044º03'03''W,-22.746111111111112,-44.05083333333333,1750,22,W,1,1,0,INFERIDA_DESCRICAO,19
SDRG,"PINHAIS / HELPN Graciosa, PR",heliponto,heliponto,SDRG,25º23'30''S,049º09'21''W,-25.391666666666666,-49.155833333333334,2986,19,W,1,1,0,INFERIDA_DESCRICAO,19
SDRH,"CAMPO GRANDE / Faz. Chaparral, MS",aeroporto,aeroporto,SDRH,20º50'40''S,054º31'34''W,-20.844444444444445,-54.52611111111111,1509,17,W,1,1,0,INFERIDA_DESCRICAO,19
SDRI,"RIO DE JANEIRO / HELPN Rio Sul Center, RJ",heliponto,heliponto,SDRI,22º57'28''S,043º10'38''W,-22.95777777777778,-43.17722222222222,532,23,W,1,1,0,INFERIDA_DESCRICAO,19
SDRJ,"RIO DE JANEIRO/HELPN Prefeitura do Rio de Janeiro, RJ",heliponto,heliponto,SDRJ,22º58'13''S,043º12'36''W,-22.970277777777778,-43.21,7,23,W,1,1,0,INFERIDA_DESCRICAO,19
SDRK,"RIO CLARO / Rio Claro, SP",aeroporto,aeroporto,SDRK,22º25'52''S,047º33'51''W,-22.43111111111111,-47.564166666666665,1991,21,W,1,1,0,INFERIDA_DESCRICAO,19
SDRL,"SÃO PAULO / HELPN Faria Lima, SP",heliponto,heliponto,SDRL,23º34'02''S,046º41'34''W,-23.56722222222222,-46.69277777777778,2622,21,W,1,1,0,INFERIDA_DESCRICAO,19
SDRN,"SÃO PAULO / HELPN Zarzur, SP",heliponto,heliponto,SDRN,23º34'11''S,046º41'59''W,-23.56972222222222,-46.69972222222222,2606,21,W,1,1,0,INFERIDA_DESCRICAO,19
SDRQ,"PORTO SEGURO / HELPN Dr. Rudolf Imanuel Schneider, BA",heliponto,heliponto,SDRQ,16º26'26''S,039º05'00''W,-16.440555555555555,-39.083333333333336,3,24,W,1,1,0,INFERIDA_DESCRICAO,19
SDRR,"AVARÉ / Avaré-Arandu, SP",aeroporto,aeroporto,SDRR,23º05'35''S,048º59'03''W,-23.093055555555555,-48.98416666666667,2657,20,W,1,1,0,INFERIDA_DESCRICAO,19
SDRS,"RESENDE / Resende, RJ",aeroporto,aeroporto,SDRS,22º28'43''S,044º28'54''W,-22.47861111111111,-44.48166666666667,1320,22,W,1,1,0,INFERIDA_DESCRICAO,19
SDRU,"INÚBIA PAULISTA / Faz. Caramuru, SP",aeroporto,aeroporto,SDRU,21º41'38''S,050º56'10''W,-21.69388888888889,-50.93611111111111,1285,19,W,1,1,0,INFERIDA_DESCRICAO,19
SDRV,"SÃO PAULO / HELPN VR, SP",heliponto,heliponto,SDRV,23º35'40''S,046º42'25''W,-23.594444444444445,-46.706944444444446,2614,21,W,1,1,0,INFERIDA_DESCRICAO,19
SDRW,"CANÁPOLIS / Faz. Pirapitinga, MG",aeroporto,aeroporto,SDRW,18º46'39''S,049º13'54''W,-18.7775,-49.23166666666667,2172,21,W,1,1,0,INFERIDA_DESCRICAO,19
SDRX,"CORUMBÁ / Faz. Palmeiras, MS",aeroporto,aeroporto,SDRX,17º58'01''S,057º01'59''W,-17.966944444444444,-57.033055555555556,499,16,W,1,1,0,INFERIDA_DESCRICAO,19
SDRY,"AMAMBAÍ / Faz. São Paulo, MS",aeroporto,aeroporto,SDRY,22º57'10''S,054º50'43''W,-22.952777777777776,-54.84527777777778,1493,17,W,1,1,0,INFERIDA_DESCRICAO,19
SDRZ,"PORTO MURTINHO / Faz. Marabá, MS",aeroporto,aeroporto,SDRZ,21º41'14''S,057º21'29''W,-21.68722222222222,-57.35805555555556,499,15,W,1,1,0,INFERIDA_DESCRICAO,19
SDSB,"RIFAINA / Faz. São Sebastião, SP",aeroporto,aeroporto,SDSB,19º59'45''S,047º31'26''W,-19.995833333333334,-47.52388888888889,1705,21,W,1,1,0,INFERIDA_DESCRICAO,19
SDSC,"SÃO CARLOS / São Carlos, SP",aeroporto,aeroporto,SDSC,21º52'35''S,047º54'12''W,-21.87638888888889,-47.90333333333333,2649,21,W,1,1,0,INFERIDA_DESCRICAO,19
SDSE,"GABRIEL MONTEIRO / Sítio Santa Helena, SP",aeroporto,aeroporto,SDSE,21º28'24''S,050º36'56''W,-21.473333333333333,-50.61555555555556,1414,19,W,1,1,0,INFERIDA_DESCRICAO,19
SDSF,"RIO DE JANEIRO / HELPN Shering Plough, RJ",heliponto,heliponto,SDSF,22º57'46''S,043º22'21''W,-22.962777777777777,-43.3725,10,23,W,1,1,0,INFERIDA_DESCRICAO,20
SDSG,"SÃO MANUEL / HELPN Faz. Nossa Senhora da Conceição, SP",heliponto,heliponto,SDSG,22º45'09''S,048º31'16''W,-22.7525,-48.52111111111111,2231,20,W,1,1,0,INFERIDA_DESCRICAO,20
SDSH,"BAURU / Faz. Shangrilá, SP",aeroporto,aeroporto,SDSH,22º17'44''S,049º12'44''W,-22.295555555555556,-49.21222222222222,1755,20,W,1,1,0,INFERIDA_DESCRICAO,20
SDSI,"SÃO PAULO / HELPN SESI / FIESP, SP",heliponto,heliponto,SDSI,23º33'48''S,046º39'15''W,-23.563333333333333,-46.65416666666667,2986,21,W,1,1,0,INFERIDA_DESCRICAO,20
SDSJ,"ORLÂNDIA / Faz. São João, SP",aeroporto,aeroporto,SDSJ,20º44'44''S,047º56'01''W,-20.745555555555555,-47.933611111111105,2172,21,W,1,1,0,INFERIDA_DESCRICAO,20
SDSK,"SAQUAREMA / Saquarema, RJ",aeroporto,aeroporto,SDSK,22º55'47''S,042º30'25''W,-22.929722222222225,-42.50694444444444,26,23,W,1,1,0,INFERIDA_DESCRICAO,20
SDSL,"SÃO PAULO / HELPN Hospital Sírio e Libanês, SP",heliponto,heliponto,SDSL,23º33'26''S,046º39'16''W,-23.557222222222222,-46.654444444444444,2755,21,W,1,1,0,INFERIDA_DESCRICAO,20
SDSM,"SÃO MANUEL / Faz. Nossa Senhora da Conceição, SP",aeroporto,aeroporto,SDSM,22º45'53''S,048º32'33''W,-22.764722222222222,-48.5425,2482,20,W,1,1,0,INFERIDA_DESCRICAO,20
SDSN,"SÃO PAULO / HELPN São Luiz, SP",heliponto,heliponto,SDSN,23º35'26''S,046º41'12''W,-23.590555555555554,-46.68666666666666,2582,21,W,1,1,0,INFERIDA_DESCRICAO,20
SDSO,"PIQUEROBI / Faz. São Geraldo, SP",aeroporto,aeroporto,SDSO,22º00'14''S,051º48'40''W,-22.003888888888888,-51.81111111111111,1476,19,W,1,1,0,INFERIDA_DESCRICAO,20
SDSQ,"SANTA RITA DO PASSA QUATRO / Usina Santa Rita, SP",aeroporto,aeroporto,SDSQ,21º43'25''S,047º39'25''W,-21.723611111111108,-47.65694444444444,2067,21,W,1,1,0,INFERIDA_DESCRICAO,20
SDSR,"IBIÚNA / HELPN Subestação São Roque, SP",heliponto,heliponto,SDSR,23º39'33''S,047º06'12''W,-23.659166666666664,-47.10333333333333,2867,21,W,1,1,0,INFERIDA_DESCRICAO,20
SDST,"SÃO CARLOS / Faz. Santa Terezinha da Barra, SP",aeroporto,aeroporto,SDST,21º52'55''S,047º46'34''W,-21.881944444444446,-47.77611111111111,2385,21,W,1,1,0,INFERIDA_DESCRICAO,20
SDSU,"SUMARÉ / HELPN Pirelli Sumaré, SP",heliponto,heliponto,SDSU,22º48'02''S,047º11'32''W,-22.800555555555555,-47.19222222222222,1557,21,W,1,1,0,INFERIDA_DESCRICAO,20
SDSV,"GUARIBA / Faz. Santa Cândida, SP",aeroporto,aeroporto,SDSV,21º19'40''S,048º10'16''W,-21.32777777777778,-48.17111111111111,2080,21,W,1,1,0,INFERIDA_DESCRICAO,20
SDSY,"SEROPÉDICA / HELPN Panco lll, RJ",heliponto,heliponto,SDSY,22º42'48''S,043º41'33''W,-22.71333333333333,-43.692499999999995,126,22,W,1,1,0,INFERIDA_DESCRICAO,20
SDSZ,"SÃO PAULO / HELPN Banco Safra, SP",heliponto,heliponto,SDSZ,23º33'30''S,046º39'35''W,-23.558333333333334,-46.65972222222222,2973,21,W,1,1,0,INFERIDA_DESCRICAO,20
SDTA,"TATUÍ / HELPN Tatuí, SP",heliponto,heliponto,SDTA,23º19'55''S,047º52'48''W,-23.331944444444446,-47.88,2083,21,W,1,1,0,INFERIDA_DESCRICAO,20
SDTB,"ATIBAIA / Atibaia, SP",aeroporto,aeroporto,SDTB,23º07'40''S,046º34'29''W,-23.12777777777778,-46.57472222222223,2592,21,W,1,1,0,INFERIDA_DESCRICAO,20
SDTC,"SÃO PAULO / HELPN Edifício Edel Trade Center, SP",heliponto,heliponto,SDTC,23º36'10''S,046º39'39''W,-23.602777777777778,-46.66083333333333,2732,21,W,1,1,0,INFERIDA_DESCRICAO,20
SDTE,"ARANDU / Faz. Tapijara, SP",aeroporto,aeroporto,SDTE,23º13'12''S,049º04'31''W,-23.22,-49.07527777777778,1929,20,W,1,1,0,INFERIDA_DESCRICAO,20
SDTF,"TATUÍ / Tatuí, SP",aeroporto,aeroporto,SDTF,23º19'55''S,047º52'48''W,-23.331944444444446,-47.88,2083,21,W,1,1,0,INFERIDA_DESCRICAO,20
SDTG,"SÃO PAULO / HELPN Edifício Atrium IV, SP",heliponto,heliponto,SDTG,23º35'34''S,046º41'09''W,-23.592777777777776,-46.68583333333333,2508,21,W,1,1,0,INFERIDA_DESCRICAO,20
SDTH,"ITATINGA / HELPN DIMEP, SP",heliponto,heliponto,SDTH,23º08'51''S,048º29'43''W,-23.1475,-48.49527777777778,2323,20,W,1,1,0,INFERIDA_DESCRICAO,20
SDTI,"TUPI PAULISTA / Tupi Paulista, SP",aeroporto,aeroporto,SDTI,21º23'35''S,051º35'56''W,-21.393055555555556,-51.598888888888894,1198,19,W,1,1,0,INFERIDA_DESCRICAO,20
SDTJ,"SÃO PAULO / HELPN Edifício Atrium V, SP",heliponto,heliponto,SDTJ,23º35'45''S,046º41'04''W,-23.59583333333333,-46.68444444444444,2594,21,W,1,1,0,INFERIDA_DESCRICAO,20
SDTK,"PARATI / Parati, RJ",aeroporto,aeroporto,SDTK,23º13'28''S,044º43'13''W,-23.224444444444444,-44.72027777777778,10,22,W,1,1,0,INFERIDA_DESCRICAO,20
SDTL,"SÃO PAULO / HELPN Telesp, SP",heliponto,heliponto,SDTL,23º31'15''S,046º40'41''W,-23.520833333333332,-46.67805555555555,2366,21,W,1,1,0,INFERIDA_DESCRICAO,20
SDTM,"BARUERI / HELPN Crystal Tower, SP",heliponto,heliponto,SDTM,23º29'33''S,046º51'11''W,-23.4925,-46.85305555555556,2827,21,W,1,1,0,INFERIDA_DESCRICAO,20
SDTN,"SERTÃOZINHO / Usina Açucareira Santo Antônio, SP",aeroporto,aeroporto,SDTN,21º07'19''S,047º57'08''W,-21.121944444444445,-47.952222222222225,1969,21,W,1,1,0,INFERIDA_DESCRICAO,20
SDTO,"UBARANA / Faz. Cataco, SP",aeroporto,aeroporto,SDTO,21º15'49''S,049º47'35''W,-21.26361111111111,-49.793055555555554,1447,20,W,1,1,0,INFERIDA_DESCRICAO,20
SDTP,"TUPÃ / Tupã, SP",aeroporto,aeroporto,SDTP,21º53'24''S,050º30'21''W,-21.89,-50.505833333333335,1805,19,W,1,1,0,INFERIDA_DESCRICAO,20
SDTQ,"APARECIDA DO RIO DOCE / Faz. Santa Thereza, GO",aeroporto,aeroporto,SDTQ,18º13'58''S,051º12'08''W,-18.232777777777777,-51.202222222222225,2149,20,W,1,1,0,INFERIDA_DESCRICAO,20
SDTR,"PORTO MURTINHO / Faz. Bandeirantes, MS",aeroporto,aeroporto,SDTR,20º53'00''S,057º25'04''W,-20.883333333333333,-57.41777777777777,499,15,W,1,1,0,INFERIDA_DESCRICAO,20
SDTS,"JARAGUARI / Faz. Planalto, MS",aeroporto,aeroporto,SDTS,20º20'29''S,054º24'57''W,-20.341388888888886,-54.41583333333333,2329,17,W,1,1,0,INFERIDA_DESCRICAO,20
SDTT,"ARAÇATUBA / Faz. Barra do Traitu, SP",aeroporto,aeroporto,SDTT,21º14'49''S,050º29'25''W,-21.246944444444445,-50.49027777777778,1345,20,W,1,1,0,INFERIDA_DESCRICAO,20
SDTU,"SÃO PAULO / HELPN ltausa, SP",heliponto,heliponto,SDTU,23º35'25''S,046º40'22''W,-23.590277777777775,-46.672777777777775,2536,21,W,1,1,0,INFERIDA_DESCRICAO,20
SDTV,"SÃO PAULO / HELPN Tivoli Center, SP",heliponto,heliponto,SDTV,23º37'41''S,048º44'10''W,-23.628055555555555,-48.736111111111114,2608,20,W,1,1,0,INFERIDA_DESCRICAO,20
SDTW,"TERENOS / Faz. São João, MS",aeroporto,aeroporto,SDTW,20º19'34''S,055º06'02''W,-20.32611111111111,-55.10055555555556,919,17,W,1,1,0,INFERIDA_DESCRICAO,20
SDTX,"ILHA SOLTEIRA / Faz. São José, SP",aeroporto,aeroporto,SDTX,20º32'31''S,051º21'27''W,-20.541944444444447,-51.3575,1236,19,W,1,1,0,INFERIDA_DESCRICAO,20
SDTY,"PRADÓPOLlS / Usina São Martinho, SP",aeroporto,aeroporto,SDTY,21º20'21''S,048º06'48''W,-21.339166666666664,-48.11333333333334,1713,21,W,1,1,0,INFERIDA_DESCRICAO,20
SDTZ,"CORUMBÁ / Faz. Santa Júlia, MS",aeroporto,aeroporto,SDTZ,20º07'09''S,057º06'43''W,-20.11916666666667,-57.11194444444445,492,16,W,1,1,0,INFERIDA_DESCRICAO,20
SDUA,"AVEIRO / Agropastoril Sol Nascente, PA",aeroporto,aeroporto,SDUA,03º30'31''S,056º18'57''W,-3.508611111111111,-56.31583333333333,108,18,W,1,1,0,INFERIDA_DESCRICAO,20
SDUB,"UBATUBA / Ubatuba, SP",aeroporto,aeroporto,SDUB,23º26'29''S,045º04'34''W,-23.441388888888888,-45.07611111111112,13,22,W,1,1,0,INFERIDA_DESCRICAO,20
SDUD,"JABOTICABAL / Usina Santa Adélia, SP",aeroporto,aeroporto,SDUD,21º19'57''S,048º18'59''W,-21.3325,-48.31638888888889,1991,21,W,1,1,0,INFERIDA_DESCRICAO,20
SDUE,"PENÁPOLIS / Faz. Figueira, SP",aeroporto,aeroporto,SDUE,21º30'43''S,050º07'16''W,-21.511944444444445,-50.12111111111111,1526,20,W,1,1,0,INFERIDA_DESCRICAO,20
SDUF,"PORTO MURTINHO / Faz. Touro Peru, MS",aeroporto,aeroporto,SDUF,21º04'50''S,057º29'50''W,-21.080555555555556,-57.49722222222222,492,15,W,1,1,0,INFERIDA_DESCRICAO,20
SDUH,"RIBAS DO RIO PARDO / Faz. Sumaré, MS",aeroporto,aeroporto,SDUH,21º32'33''S,053º20'35''W,-21.5425,-53.34305555555556,1001,18,W,1,1,0,INFERIDA_DESCRICAO,20
SDUI,"SÃO PAULO / HELPN Centro Empresarial Iudice, SP",heliponto,heliponto,SDUI,23º30'47''S,046º41'40''W,-23.513055555555557,-46.69444444444444,2487,21,W,1,1,0,INFERIDA_DESCRICAO,20
SDUJ,"SÃO PAULO / HELPN Millennium, SP",heliponto,heliponto,SDUJ,23º35'03''S,046º40'58''W,-23.584166666666665,-46.68277777777777,2575,21,W,1,1,0,INFERIDA_DESCRICAO,20
SDUK,"ÁGUA BOA / Faz. Xaimite, MT",aeroporto,aeroporto,SDUK,14º05'48''S,052º54'07''W,-14.096666666666668,-52.901944444444446,1601,19,W,1,1,0,INFERIDA_DESCRICAO,20
SDUL,"RIBEIRÃO PRETO / Usina Santa Lydia, SP",aeroporto,aeroporto,SDUL,21º12'06''S,047º55'14''W,-21.201666666666664,-47.92055555555555,2270,21,W,1,1,0,INFERIDA_DESCRICAO,20
SDUM,"SÃO PAULO / HELPN Uniban, SP",heliponto,heliponto,SDUM,23º30'23''S,046º35'49''W,-23.50638888888889,-46.596944444444446,2568,21,W,1,1,0,INFERIDA_DESCRICAO,20
SDUN,"ITAPERUNA / Itaperuna, RJ",aeroporto,aeroporto,SDUN,21º13'10''S,041º52'32''W,-21.21944444444444,-41.87555555555556,410,23,W,1,1,0,INFERIDA_DESCRICAO,20
SDUQ,"PARAGUAÇU PAULISTA / Paraguaçu Paulista, SP",aeroporto,aeroporto,SDUQ,22º25'37''S,050º36'25''W,-22.426944444444445,-50.606944444444444,1525,19,W,1,1,0,INFERIDA_DESCRICAO,21
SDUR,"PONTA GROSSA / Iberá, PR",aeroporto,aeroporto,SDUR,25º03'07''S,050º11'27''W,-25.051944444444445,-50.19083333333333,2937,19,W,1,1,0,INFERIDA_DESCRICAO,21
SDUS,"APIACÁS / Mayrowy, MT",aeroporto,aeroporto,SDUS,07º57'22''S,057º50'20''W,-7.956111111111111,-57.83888888888889,689,17,W,1,1,0,INFERIDA_DESCRICAO,21
SDUT,"SÃO PAULO / HELPN Hotel Transamérica, SP",heliponto,heliponto,SDUT,23º39'03''S,046º43'22''W,-23.65083333333333,-46.72277777777778,2379,21,W,1,1,0,INFERIDA_DESCRICAO,21
SDUW,"BOTELHO / HELPN Faz. Sertãozinho, MG",heliponto,heliponto,SDUW,21º38'31''S,046º20'32''W,-21.641944444444444,-46.342222222222226,2739,22,W,1,1,0,INFERIDA_DESCRICAO,21
SDUX,"BRUSQUE / HELPN Havan, SC",heliponto,heliponto,SDUX,27º06'25''S,048º54'27''W,-27.106944444444444,-48.9075,253,19,W,1,1,0,INFERIDA_DESCRICAO,21
SDUZ,"OURINHOS / Usina São Luiz, SP",aeroporto,aeroporto,SDUZ,22º56'54''S,049º45'58''W,-22.948333333333334,-49.76611111111111,1068,20,W,1,1,0,INFERIDA_DESCRICAO,21
SDV03,AV03 UTR-1,waypoint,,,04º43'45''S,064º45'45''W,-4.729166666666667,-64.7625,0,15,W,1,0,0,INFERIDA_DESCRICAO,21
SDVA,"VARGEM GRANDE DO SUL / Faz. Campo Vitória, SP",aeroporto,aeroporto,SDVA,21º49'56''S,046º57'20''W,-21.83222222222222,-46.955555555555556,2329,21,W,1,1,0,INFERIDA_DESCRICAO,21
SDVB,"SOROCABA / HELPN INA Brasil, SP",heliponto,heliponto,SDVB,23º26'16''S,047º24'51''W,-23.43777777777778,-47.41416666666667,2072,21,W,1,1,0,INFERIDA_DESCRICAO,21
SDVC,"SÃO PAULO / HELPN Cometa Vila Maria, SP",heliponto,heliponto,SDVC,23º31'01''S,048º34'44''W,-23.516944444444444,-48.57888888888889,2418,20,W,1,1,0,INFERIDA_DESCRICAO,21
SDVD,"PETRÓPOLIS / HELPN Vila Real, RJ",heliponto,heliponto,SDVD,22º24'33''S,043º08'53''W,-22.409166666666664,-43.14805555555556,2254,23,W,1,1,0,INFERIDA_DESCRICAO,21
SDVE,"VERA CRUZ / Vera Cruz, SP",aeroporto,aeroporto,SDVE,22º13'49''S,049º49'07''W,-22.230277777777776,-49.81861111111112,2100,20,W,1,1,0,INFERIDA_DESCRICAO,21
SDVG,"VOTUPORANGA / Votuporanga, SP",aeroporto,aeroporto,SDVG,20º27'26''S,050º00'09''W,-20.45722222222222,-50.0025,1667,20,W,1,1,0,INFERIDA_DESCRICAO,21
SDVI,"TANGARÁ DA SERRA / Comandante Gastão, MT",aeroporto,aeroporto,SDVI,14º38'44''S,057º30'10''W,-14.645555555555555,-57.50277777777778,1391,16,W,1,1,0,INFERIDA_DESCRICAO,21
SDVJ,"SANTA MARIA DAS BARREIRAS / Faz. Santa Marta, PA",aeroporto,aeroporto,SDVJ,08º43'21''S,050º27'18''W,-8.7225,-50.455000000000005,807,20,W,1,1,0,INFERIDA_DESCRICAO,21
SDVL,"VALENÇA / Valença, RJ",aeroporto,aeroporto,SDVL,22º14'34''S,043º42'49''W,-22.24277777777778,-43.71361111111111,1903,23,W,1,1,0,INFERIDA_DESCRICAO,21
SDVN,"AMAMBAÍ / Faz. Santíssima Trindade, MS",aeroporto,aeroporto,SDVN,23º17'13''S,054º50'28''W,-23.286944444444448,-54.84111111111111,1299,16,W,1,1,0,INFERIDA_DESCRICAO,21
SDVO,"SÃO PAULO / HELPN Varam, SP",heliponto,heliponto,SDVO,23º34'03''S,046º39'20''W,-23.5675,-46.65555555555555,2926,21,W,1,1,0,INFERIDA_DESCRICAO,21
SDVQ,"PORTO MURTINHO / Faz. Baia das Conchas, MS",aeroporto,aeroporto,SDVQ,21º11'38''S,057º38'18''W,-21.19388888888889,-57.638333333333335,351,15,W,1,1,0,INFERIDA_DESCRICAO,21
SDVR,"FERRAZ DE VASCONCELOS / HELPN Hospital Dr. Osíris Florindo Coelho, SP",heliponto,heliponto,SDVR,23º32'16''S,046º21'29''W,-23.53777777777778,-46.35805555555556,2723,21,W,1,1,0,INFERIDA_DESCRICAO,21
SDVS,"PONTAL / Faz. Vassoural, SP",aeroporto,aeroporto,SDVS,21º04'23''S,048º01'56''W,-21.073055555555555,-48.032222222222224,1801,21,W,1,1,0,INFERIDA_DESCRICAO,21
SDVT,"MOGI DAS CRUZES / HELPN Helbor Tower, SP",heliponto,heliponto,SDVT,23º31'22''S,046º11'44''W,-23.522777777777776,-46.19555555555555,2634,21,W,1,1,0,INFERIDA_DESCRICAO,21
SDVU,"PEIXOTO DE AZEVEDO / Aldeia Kremoro, MT",aeroporto,aeroporto,SDVU,07º12'35''S,052º54'19''W,-7.209722222222222,-52.905277777777776,3281,19,W,1,1,0,INFERIDA_DESCRICAO,21
SDVV,"SUZANO / HELPN Cragea-Suzano, SP",heliponto,heliponto,SDVV,23º38'31''S,046º19'20''W,-23.641944444444444,-46.32222222222222,2523,21,W,1,1,0,INFERIDA_DESCRICAO,21
SDVW,"TAUBATÉ / HELPN Volkswagen do Brasil - Fábrica III, SP",heliponto,heliponto,SDVW,23º03'38''S,045º38'02''W,-23.060555555555556,-45.63388888888889,1873,22,W,1,1,0,INFERIDA_DESCRICAO,21
SDVX,"DESCALVADO / HELPN Estância Flamboyants, SP",heliponto,heliponto,SDVX,21º52'01''S,047º37'42''W,-21.866944444444446,-47.62833333333333,2336,21,W,1,1,0,INFERIDA_DESCRICAO,21
SDVY,"TERESÓPOLIS / HELPN Le Canton, RJ",heliponto,heliponto,SDVY,22º23'08''S,042º51'12''W,-22.385555555555555,-42.85333333333333,2726,23,W,1,1,0,INFERIDA_DESCRICAO,21
SDVZ,"CURITIBA / HELPN Life Hotel, PR",heliponto,heliponto,SDVZ,25º25'29''S,049º16'09''W,-25.424722222222222,-49.26916666666666,3183,19,W,1,1,0,INFERIDA_DESCRICAO,21
SDWA,"ANGRA DOS REIS / HELPN Aerogalo, RJ",heliponto,heliponto,SDWA,23º02'28''S,044º11'41''W,-23.041111111111114,-44.19472222222222,98,22,W,1,1,0,INFERIDA_DESCRICAO,21
SDWB,"SÃO PAULO / HELPN Cyk, SP",heliponto,heliponto,SDWB,23º33'58''S,046º39'06''W,-23.566111111111113,-46.651666666666664,2986,21,W,1,1,0,INFERIDA_DESCRICAO,21
SDWC,"ALTAMIRA / Aldeia Baú, PA",aeroporto,aeroporto,SDWC,07º21'37''S,054º49'47''W,-7.360277777777777,-54.82972222222222,699,18,W,1,1,0,INFERIDA_DESCRICAO,21
SDWD,"BARRETOS / Faz. Califórnia, SP",aeroporto,aeroporto,SDWD,20º25'51''S,048º36'18''W,-20.430833333333336,-48.605000000000004,1856,21,W,1,1,0,INFERIDA_DESCRICAO,21
SDWE,"JABOTICABAL / Usina São Carlos, SP",aeroporto,aeroporto,SDWE,21º17'03''S,048º09'46''W,-21.284166666666668,-48.16277777777778,1919,21,W,1,1,0,INFERIDA_DESCRICAO,21
SDWG,"MARABÁ PAULISTA / Faz. Itapiranga, SP",aeroporto,aeroporto,SDWG,22º03'47''S,051º55'29''W,-22.063055555555557,-51.92472222222222,1394,19,W,1,1,0,INFERIDA_DESCRICAO,21
SDWH,"JOSÉ BONIFÁCIO / Faz. Avanhandava, SP",aeroporto,aeroporto,SDWH,21º11'22''S,049º56'13''W,-21.189444444444444,-49.93694444444444,1444,20,W,1,1,0,INFERIDA_DESCRICAO,21
SDWI,"GRAVATÁ / Faz. Lagoa do Cavalo, PE",aeroporto,aeroporto,SDWI,08º10'18''S,035º38'03''W,-8.171666666666667,-35.634166666666665,1709,22,W,1,1,0,INFERIDA_DESCRICAO,21
SDWJ,"ALTAMIRA / Aldeia Kubenkroke, PA",aeroporto,aeroporto,SDWJ,08º43'31''S,053º23'25''W,-8.725277777777778,-53.390277777777776,1099,19,W,1,1,0,INFERIDA_DESCRICAO,21
SDWK,"IGARAPAVA / Junqueira, SP",aeroporto,aeroporto,SDWK,20º00'06''S,047º46'03''W,-20.001666666666665,-47.7675,1850,21,W,1,1,0,INFERIDA_DESCRICAO,21
SDWL,"ITUPEVA / Três Marias, SP",aeroporto,aeroporto,SDWL,23º11'30''S,047º04'30''W,-23.191666666666666,-47.075,2033,21,W,1,1,0,INFERIDA_DESCRICAO,21
SDWM,"PEIXOTO DE AZEVEDO / Aldeia de Metuktire, MT",aeroporto,aeroporto,SDWM,10º03'49''S,052º59'48''W,-10.063611111111111,-52.99666666666667,2953,19,W,1,1,0,INFERIDA_DESCRICAO,21
SDWN,"COLÔMBIA / Faz. Barreiro Grande, SP",aeroporto,aeroporto,SDWN,20º20'51''S,048º46'21''W,-20.3475,-48.7725,1856,21,W,1,1,0,INFERIDA_DESCRICAO,21
SDWP,"CAMPOS DO JORDÃO / HELPN Palácio Boa Vista, SP",heliponto,heliponto,SDWP,22º44'09''S,045º36'24''W,-22.735833333333336,-45.60666666666667,5834,22,W,1,1,0,INFERIDA_DESCRICAO,21
SDWR,"MIRANDÓPOLIS / Faz. Primavera, SP",aeroporto,aeroporto,SDWR,21º04'40''S,051º08'40''W,-21.07777777777778,-51.144444444444446,1627,19,W,1,1,0,INFERIDA_DESCRICAO,21
SDWS,"BARUERI / HELPN West Gate, SP",heliponto,heliponto,SDWS,23º30'10''S,046º50'53''W,-23.502777777777776,-46.84805555555556,2694,21,W,1,1,0,INFERIDA_DESCRICAO,21
SDWT,"SÃO PAULO / HELPN World Trade Center, SP",heliponto,heliponto,SDWT,23º36'34''S,046º41'48''W,-23.609444444444446,-46.696666666666665,2657,21,W,1,1,0,INFERIDA_DESCRICAO,21
SDWU,"PORTO MURTINHO / Faz. Anahí, MS",aeroporto,aeroporto,SDWU,21º42'30''S,057º44'26''W,-21.708333333333332,-57.74055555555556,279,15,W,1,1,0,INFERIDA_DESCRICAO,21
SDWX,"ITAITUBA / Pista Sol Nascente, PA",aeroporto,aeroporto,SDWX,05º29'27''S,057º12'57''W,-5.490833333333334,-57.215833333333336,541,17,W,1,1,0,INFERIDA_DESCRICAO,21
SDWY,"SÃO PAULO / HELPN Central Towers Paulista, SP",heliponto,heliponto,SDWY,23º33'53''S,046º38'27''W,-23.564722222222223,-46.64083333333333,2808,21,W,1,1,0,INFERIDA_DESCRICAO,21
SDXC,"BAURU / HELPN Cesp, SP",heliponto,heliponto,SDXC,22º17'16''S,049º05'56''W,-22.28777777777778,-49.098888888888894,1959,20,W,1,1,0,INFERIDA_DESCRICAO,21
SDXD,"SÃO PAULO / HELPN lBM Tutóia, SP",heliponto,heliponto,SDXD,23º34'21''S,046º39'23''W,-23.572499999999998,-46.656388888888884,2786,21,W,1,1,0,INFERIDA_DESCRICAO,21
SDXE,"JABOTICABAL / Chácara Serradinho, SP",aeroporto,aeroporto,SDXE,21º15'53''S,048º21'24''W,-21.264722222222222,-48.35666666666667,2037,21,W,1,1,0,INFERIDA_DESCRICAO,21
SDXF,"ALTO PARAÍSO / Alto Paraíso, GO",aeroporto,aeroporto,SDXF,14º07'06''S,047º31'41''W,-14.118333333333334,-47.528055555555554,4413,22,W,1,1,0,INFERIDA_DESCRICAO,21
SDXG,"MANAUS / HELPN Tropical Ponta Negra Flat, AM",heliponto,heliponto,SDXG,03º03'50''S,060º06'25''W,-3.0638888888888887,-60.106944444444444,263,15,W,1,1,0,INFERIDA_DESCRICAO,21
SDXH,"ITU / HELPN Gandini, SP",heliponto,heliponto,SDXH,23º15'04''S,047º19'31''W,-23.25111111111111,-47.32527777777778,1926,21,W,1,1,0,INFERIDA_DESCRICAO,22
SDXI,"SÃO DOMINGOS DO CAPIM / Faz. Cajueiro, PA",aeroporto,aeroporto,SDXI,04º14'19''S,048º28'36''W,-4.238611111111111,-48.47666666666667,577,20,W,1,1,0,INFERIDA_DESCRICAO,22
SDXJ,"COSTA RICA / Costa Rica, MS",aeroporto,aeroporto,SDXJ,18º29'12''S,053º09'12''W,-18.486666666666668,-53.15333333333333,2428,19,W,1,1,0,INFERIDA_DESCRICAO,22
SDXL,"CORDEIRO / HELPN Faz. Santa Clara, RJ",heliponto,heliponto,SDXL,22º02'16''S,042º20'13''W,-22.03777777777778,-42.33694444444445,1411,23,W,1,1,0,INFERIDA_DESCRICAO,22
SDXO,"SUD MENUCCI / Faz. Santa Maria da Mata, SP",aeroporto,aeroporto,SDXO,20º43'39''S,050º58'18''W,-20.7275,-50.97166666666667,1142,19,W,1,1,0,INFERIDA_DESCRICAO,22
SDXP,"GUARAREMA / HELPN Guararema Parque Hotel, SP",heliponto,heliponto,SDXP,23º25'26''S,046º01'13''W,-23.42388888888889,-46.02027777777778,2034,21,W,1,1,0,INFERIDA_DESCRICAO,22
SDXQ,"CASTILHO / Faz. Flamboyant, SP",aeroporto,aeroporto,SDXQ,20º54'25''S,051º34'32''W,-20.90694444444444,-51.57555555555556,1112,19,W,1,1,0,INFERIDA_DESCRICAO,22
SDXR,"CARACOL / Faz. Vaca Mocha, MS",aeroporto,aeroporto,SDXR,22º13'32''S,057º09'17''W,-22.225555555555555,-57.15472222222222,463,15,W,1,1,0,INFERIDA_DESCRICAO,22
SDXS,"SÃO PAULO / HELPN Mar Girios, SP",heliponto,heliponto,SDXS,23º35'39''S,046º42'21''W,-23.594166666666666,-46.70583333333334,2592,21,W,1,1,0,INFERIDA_DESCRICAO,22
SDXT,"RIO NEGRO / Faz. Boa Vista, MS",aeroporto,aeroporto,SDXT,19º26'08''S,055º03'46''W,-19.435555555555556,-55.062777777777775,1100,17,W,1,1,0,INFERIDA_DESCRICAO,22
SDXU,"PACAEMBU / Faz. Araçatuba, SP",aeroporto,aeroporto,SDXU,21º20'36''S,051º15'06''W,-21.343333333333334,-51.251666666666665,1401,19,W,1,1,0,INFERIDA_DESCRICAO,22
SDXV,"LOUVEIRA / HELPN Magazine Luiza, SP",heliponto,heliponto,SDXV,23º07'02''S,046º59'32''W,-23.11722222222222,-46.992222222222225,2362,21,W,1,1,0,INFERIDA_DESCRICAO,22
SDXX,"QUELUZ / HELPN Faz. Santa Vitória, SP",heliponto,heliponto,SDXX,22º30'34''S,044º45'03''W,-22.509444444444444,-44.75083333333333,1755,22,W,1,1,0,INFERIDA_DESCRICAO,22
SDXY,"XANGRI-LÁ / HELPN Atlântida Ilhas Park, RS",heliponto,heliponto,SDXY,29º46'49''S,050º02'45''W,-29.780277777777776,-50.045833333333334,30,17,W,1,1,0,INFERIDA_DESCRICAO,22
SDYA,"SÃO PAULO / HELPN Carmo Couri, SP",heliponto,heliponto,SDYA,23º35'48''S,046º41'07''W,-23.596666666666664,-46.68527777777778,2585,21,W,1,1,0,INFERIDA_DESCRICAO,22
SDYB,"ITAPETININGA / Faz. São José do Bom Retiro, SP",aeroporto,aeroporto,SDYB,23º47'07''S,048º20'24''W,-23.78527777777778,-48.34,2234,20,W,1,1,0,INFERIDA_DESCRICAO,22
SDYC,"ARMAÇÃO DOS BÚZIOS / HELPN Amarras, RJ",heliponto,heliponto,SDYC,22º46'29''S,041º54'06''W,-22.77472222222222,-41.901666666666664,124,23,W,1,1,0,INFERIDA_DESCRICAO,22
SDYD,"ANGRA DOS REIS / HELPN Senna, RJ",heliponto,heliponto,SDYD,23º02'25''S,044º11'49''W,-23.040277777777778,-44.19694444444444,16,22,W,1,1,0,INFERIDA_DESCRICAO,22
SDYE,"ITATIBA / HELPN Hotel Faz. Dona Carolina, SP",heliponto,heliponto,SDYE,22º56'28''S,046º42'03''W,-22.941111111111113,-46.700833333333335,2625,21,W,1,1,0,INFERIDA_DESCRICAO,22
SDYF,"LUCAS DO RIO VERDE / Faz. Irmãos Munaretto, MT",aeroporto,aeroporto,SDYF,13º06'24''S,055º59'35''W,-13.106666666666666,-55.99305555555556,1408,17,W,1,1,0,INFERIDA_DESCRICAO,22
SDYH,"CAMPINAS / HELPN José Roberto Magalhães Teixeira, SP",heliponto,heliponto,SDYH,22º55'45''S,047º04'58''W,-22.929166666666667,-47.08277777777778,2297,21,W,1,1,0,INFERIDA_DESCRICAO,22
SDYI,"OSASCO / HELPN VIA Oeste - Castelo 1, SP",heliponto,heliponto,SDYI,23º31'14''S,046º46'26''W,-23.520555555555553,-46.77388888888889,2402,21,W,1,1,0,INFERIDA_DESCRICAO,22
SDYJ,"REGENTE FEIJÓ / José Martins da Silva, SP",aeroporto,aeroporto,SDYJ,22º13'32''S,051º20'53''W,-22.225555555555555,-51.34805555555556,1663,19,W,1,1,0,INFERIDA_DESCRICAO,22
SDYK,"NITERÓI / HELPN Tower 2000, RJ",heliponto,heliponto,SDYK,22º53'32''S,043º07'05''W,-22.892222222222223,-43.11805555555556,187,23,W,1,1,0,INFERIDA_DESCRICAO,22
SDYL,"ANGRA DOS REIS / HELPN RM-Angra, RJ",heliponto,heliponto,SDYL,23º01'24''S,044º17'25''W,-23.023333333333333,-44.290277777777774,112,22,W,1,1,0,INFERIDA_DESCRICAO,22
SDYM,"LIMEIRA / Limeira, SP",aeroporto,aeroporto,SDYM,22º36'14''S,047º24'43''W,-22.60388888888889,-47.411944444444444,2172,21,W,1,1,0,INFERIDA_DESCRICAO,22
SDYN,"TACIBA / Faz. Esmeralda, SP",aeroporto,aeroporto,SDYN,25º48'17''S,043º13'35''W,-25.804722222222225,-43.22638888888889,1365,22,W,1,1,0,INFERIDA_DESCRICAO,22
SDYO,"SÃO PAULO / HELPN Hospital Santa Marcelina, SP",heliponto,heliponto,SDYO,23º33'15''S,046º27'41''W,-23.554166666666667,-46.46138888888889,2684,21,W,1,1,0,INFERIDA_DESCRICAO,22
SDYP,"PIRACAIA / HELPN Piracaia, SP",heliponto,heliponto,SDYP,22º59'10''S,046º20'04''W,-22.98611111111111,-46.33444444444444,2887,21,W,1,1,0,INFERIDA_DESCRICAO,22
SDYR,"SÃO PAULO / HELPN Panco II, SP",heliponto,heliponto,SDYR,23º35'58''S,046º41'58''W,-23.599444444444444,-46.69944444444444,2789,21,W,1,1,0,INFERIDA_DESCRICAO,22
SDYV,"SÃO PAULO / HELPN Secovi, SP",heliponto,heliponto,SDYV,23º36'12''S,046º38'53''W,-23.603333333333335,-46.64805555555556,2625,21,W,1,1,0,INFERIDA_DESCRICAO,22
SDYX,"CAMPO MAIOR / Campo Maior, PI",aeroporto,aeroporto,SDYX,04º51'15''S,042º15'38''W,-4.854166666666666,-42.260555555555555,490,22,W,1,1,0,INFERIDA_DESCRICAO,22
SDYY,"CAMPINAS / HELPN Lucent, SP",heliponto,heliponto,SDYY,22º51'01''S,047º01'24''W,-22.85027777777778,-47.02333333333333,2188,21,W,1,1,0,INFERIDA_DESCRICAO,22
SDYZ,"SÃO PAULO / HELPN Kuka, SP",heliponto,heliponto,SDYZ,23º34'06''S,046º36'05''W,-23.56833333333333,-46.60138888888889,2457,21,W,1,1,0,INFERIDA_DESCRICAO,22
SDZA,"PIRAJUÍ / Faz. Santa Maria, SP",aeroporto,aeroporto,SDZA,22º00'20''S,049º24'40''W,-22.005555555555556,-49.41111111111111,1804,20,W,1,1,0,INFERIDA_DESCRICAO,22
SDZB,"GUARUJÁ / HELPN ICS - Guarujá, SP",heliponto,heliponto,SDZB,23º59'08''S,046º17'04''W,-23.985555555555557,-46.28444444444444,5,21,W,1,1,0,INFERIDA_DESCRICAO,22
SDZD,"SOROCABA / HELPN Flextronics Internacional, SP",heliponto,heliponto,SDZD,23º25'31''S,047º21'43''W,-23.42527777777778,-47.36194444444445,1939,21,W,1,1,0,INFERIDA_DESCRICAO,22
SDZH,"PINDAMONHANGABA / Faz. Santa Helena, SP",aeroporto,aeroporto,SDZH,22º53'31''S,045º29'38''W,-22.891944444444444,-45.49388888888889,1804,22,W,1,1,0,INFERIDA_DESCRICAO,22
SDZM,"ITAPEVA / Faz. São Marco, SP",aeroporto,aeroporto,SDZM,23º55'18''S,048º49'11''W,-23.921666666666667,-48.819722222222225,2254,20,W,1,1,0,INFERIDA_DESCRICAO,22
SDZR,"GUARIBA / Faz. Cruzeiro, SP",aeroporto,aeroporto,SDZR,21º24'44''S,048º19'43''W,-21.41222222222222,-48.328611111111115,2116,21,W,1,1,0,INFERIDA_DESCRICAO,22
SDZT,"GUARACI / Faz. Posses do Rio Grande, SP",aeroporto,aeroporto,SDZT,20º18'39''S,048º58'37''W,-20.310833333333335,-48.97694444444445,1581,21,W,1,1,0,INFERIDA_DESCRICAO,22
SDZU,"PRESIDENTE EPITÁCIO / Faz. Anhumas, SP",aeroporto,aeroporto,SDZU,22º07'21''S,052º11'52''W,-22.1225,-52.19777777777777,1001,18,W,1,1,0,INFERIDA_DESCRICAO,22
SDZW,"ANDRADINA / Faz. Ipanema, SP",aeroporto,aeroporto,SDZW,20º48'42''S,051º17'39''W,-20.811666666666667,-51.29416666666666,1180,19,W,1,1,0,INFERIDA_DESCRICAO,22
SDZZ,"NOVA EUROPA / Sítio São José, SP",aeroporto,aeroporto,SDZZ,21º47'52''S,048º32'38''W,-21.797777777777778,-48.54388888888889,1790,21,W,1,1,0,INFERIDA_DESCRICAO,22
SEA1,SPEARFISH,plataforma,plataforma,9PXH,22º37'10''S,040º07'46''W,-22.619444444444444,-40.129444444444445,0,22,W,1,1,0,INFERIDA_DESCRICAO,22
SEAEXP,PLATAFORMA / Sea Explorer,plataforma,plataforma,9PXA,23º41'00''S,041º33'22''W,-23.683333333333334,-41.55611111111111,49,23,W,1,1,0,INFERIDA_DESCRICAO,22
SEAM,NAVIO / Sealion Amazom,plataforma,plataforma,9PSZ,25º40'09''S,043º10'55''W,-25.66916666666667,-43.18194444444444,0,22,W,1,1,0,INFERIDA_DESCRICAO,22
SECR,"SEVEN CRUZEIRO, BS  21XX3370-6274",plataforma,plataforma,9PZR,23º56'34''S,041º20'20''W,-23.942777777777778,-41.33888888888889,89,22,W,1,1,0,INFERIDA_DESCRICAO,22
SEDO,SEA1 DORADO,plataforma,plataforma,9PLD,24º55'53''S,042º36'09''W,-24.93138888888889,-42.6025,0,23,W,1,1,0,INFERIDA_DESCRICAO,22
SEGNU,SEGNU,waypoint,,,22º55'40''S,042º04'29''W,-22.92777777777778,-42.07472222222223,,23,W,1,0,1,INFERIDA_DESCRICAO,22
SEIL,NAVIO / Seillean FPSO,plataforma,plataforma,9PSI,00º00'00''S,000º00'00''W,0,0,,5,W,0,0,1,INFERIDA_DESCRICAO,22
SEMA,"NAVIO / SEVEN MAR, BS - 21XX3370-6220",plataforma,plataforma,9PSM,24º48'05''S,042º42'12''W,-24.80138888888889,-42.70333333333333,70,23,W,1,1,0,INFERIDA_DESCRICAO,22
SEOC,NAVIO / SEVEN OCEAN,plataforma,plataforma,9POS,25º48'00''S,043º14'00''W,-25.8,-43.233333333333334,0,22,W,1,1,0,INFERIDA_DESCRICAO,22
SEP 3,Akoofs,waypoint,,,25º12'09''S,042º32'05''W,-25.2025,-42.53472222222222,0,22,W,1,0,0,INFERIDA_DESCRICAO,22
SEPIA,Campo de Sépia,waypoint,,,25º17'00''S,042º32'00''W,-25.283333333333335,-42.53333333333333,0,22,W,1,0,0,INFERIDA_DESCRICAO,22
SEPO,"NAVIO / SEVEN PHOENIX, BS - 21XX3370-6230",plataforma,plataforma,9PFZ,22º29'50''S,039º55'57''W,-22.497222222222224,-39.9325,47,22,W,1,1,0,INFERIDA_DESCRICAO,23
SESU,SEVEN SUN,plataforma,plataforma,9PVN,22º10'57''S,039º57'12''W,-22.1825,-39.95333333333333,91,22,W,1,1,0,INFERIDA_DESCRICAO,23
SEVO,NAVIO / SEVEN POLARIS,plataforma,plataforma,9PSP,25º48'13''S,043º15'12''W,-25.803611111111113,-43.25333333333333,0,22,W,1,1,0,INFERIDA_DESCRICAO,23
SGES,Guarani International Airport,aeroporto,aeroporto,SGES,25º27'32''S,054º50'51''W,-25.45888888888889,-54.847500000000004,0,17,W,1,1,0,INFERIDA_DESCRICAO,23
SIAA,"MAIRIPORÃ / HELPN Aeroandrés, SP",heliponto,heliponto,SIAA,23º23'41''S,046º38'18''W,-23.39472222222222,-46.638333333333335,3248,21,W,1,1,0,INFERIDA_DESCRICAO,23
SIAC,"CAMPOS DOS GOITACAZES / HELPN Hospital de Guaruz, RJ",heliponto,heliponto,SIAC,21º44'27''S,041º18'43''W,-21.740833333333335,-41.31194444444444,33,23,W,1,1,0,INFERIDA_DESCRICAO,23
SIAD,"PORTO MURTINHO / Estância Regina, MS",aeroporto,aeroporto,SIAD,21º00'32''S,057º20'53''W,-21.00888888888889,-57.34805555555556,394,15,W,1,1,0,INFERIDA_DESCRICAO,23
SIAE,"GUARATINGUETÁ / HELPN BASF Guaratinguetá, SP",heliponto,heliponto,SIAE,22º47'10''S,045º10'14''W,-22.78611111111111,-45.17055555555555,1772,22,W,1,1,0,INFERIDA_DESCRICAO,23
SIAF,"SAPEZAL / Faz. São José, MT",aeroporto,aeroporto,SIAF,13º44'28''S,058º53'08''W,-13.74111111111111,-58.885555555555555,1903,15,W,1,1,0,INFERIDA_DESCRICAO,23
SIAG,"GOIÂNIA / HELPN Serrinha, GO",heliponto,heliponto,SIAG,16º43'16''S,049º15'52''W,-16.72111111111111,-49.26444444444444,2802,21,W,1,1,0,INFERIDA_DESCRICAO,23
SIAH,"SERRA / HELPN Vitória Apart Hospital, ES",heliponto,heliponto,SIAH,20º14'13''S,040º16'44''W,-20.236944444444447,-40.278888888888886,62,24,W,1,1,0,INFERIDA_DESCRICAO,23
SIAL,"IPOJUCA / HELPN Summer Ville, PE",heliponto,heliponto,SIAL,08º26'07''S,034º58'57''W,-8.435277777777777,-34.9825,23,22,W,1,1,0,INFERIDA_DESCRICAO,23
SIAM,"MORRO AGUDO / Faz. Palmital, SP",aeroporto,aeroporto,SIAM,20º41'47''S,048º17'11''W,-20.69638888888889,-48.28638888888889,1709,21,W,1,1,0,INFERIDA_DESCRICAO,23
SIAN,"PORTO ALEGRE / HELPN Hospital Dom Vicente Scherer, RS",heliponto,heliponto,SIAN,30º01'50''S,051º13'13''W,-30.030555555555555,-51.22027777777778,184,17,W,1,1,0,INFERIDA_DESCRICAO,23
SIAO,"CORGUINHO / Faz. Araras, MS",aeroporto,aeroporto,SIAO,19º37'47''S,055º15'07''W,-19.629722222222224,-55.25194444444445,1493,17,W,1,1,0,INFERIDA_DESCRICAO,23
SIAP,"ACEGUÁ/ Ana Paula, RS",aeroporto,aeroporto,SIAP,31º44'16''S,054º05'22''W,-31.73777777777778,-54.089444444444446,584,14,W,1,1,0,INFERIDA_DESCRICAO,23
SIAR,"IBIRAREMA/ Faz. Bom Retiro, SP",aeroporto,aeroporto,SIAR,22º47'57''S,050º02'46''W,-22.799166666666668,-50.04611111111111,1617,20,W,1,1,0,INFERIDA_DESCRICAO,23
SIAT,"MADRE DE DEUS / HELPN Temadre, BA",heliponto,heliponto,SIAT,12º44'19''S,038º36'05''W,-12.73861111111111,-38.60138888888889,16,23,W,1,1,0,INFERIDA_DESCRICAO,23
SIAU,"BARÃO DE MELGAÇO / Faz. Jatobá, MT",aeroporto,aeroporto,SIAU,16º29'00''S,056º16'12''W,-16.483333333333334,-56.269999999999996,404,17,W,1,1,0,INFERIDA_DESCRICAO,23
SIAV,"CARAPICUIBA / HELPN Helipark, SP",heliponto,heliponto,SIAV,23º33'53''S,046º49'48''W,-23.564722222222223,-46.830000000000005,2592,21,W,1,1,0,INFERIDA_DESCRICAO,23
SIBA,"AQUIDAUANA / Faz. Jatobá, MS",aeroporto,aeroporto,SIBA,20º05'57''S,055º55'37''W,-20.099166666666665,-55.926944444444445,400,16,W,1,1,0,INFERIDA_DESCRICAO,23
SIBC,"CAMPOS DOS GOITACAZES / Vila de Tocos, RJ",aeroporto,aeroporto,SIBC,21º52'40''S,041º17'41''W,-21.87777777777778,-41.29472222222222,26,23,W,1,1,0,INFERIDA_DESCRICAO,23
SIBD,"MARABÁ / Benedito Mutran, PA",aeroporto,aeroporto,SIBD,05º45'29''S,049º10'33''W,-5.758055555555556,-49.17583333333333,551,20,W,1,1,0,INFERIDA_DESCRICAO,23
SIBE,"FORTALEZA / HELPN Marina Park, CE",heliponto,heliponto,SIBE,03º43'07''S,038º31'54''W,-3.718611111111111,-38.531666666666666,16,21,W,1,1,0,INFERIDA_DESCRICAO,23
SIBG,"SÃO PAULO / HELPN Banco Induscred, SP",heliponto,heliponto,SIBG,23º33'50''S,046º39'19''W,-23.56388888888889,-46.655277777777776,2881,21,W,1,1,0,INFERIDA_DESCRICAO,23
SIBH,"SÃO PAULO / HELPN Helicidade, SP",heliponto,heliponto,SIBH,23º32'48''S,046º44'13''W,-23.546666666666667,-46.73694444444445,2418,21,W,1,1,0,INFERIDA_DESCRICAO,23
SIBL,"BELÉM / HELPN Clínica Porto Dias, PA",heliponto,heliponto,SIBL,01º26'15''S,048º27'30''W,-1.4375,-48.458333333333336,167,20,W,1,1,0,INFERIDA_DESCRICAO,23
SIBM,"SÃO CAETANO DO SUL / HELPN Helicentro ABC, SP",heliponto,heliponto,SIBM,23º37'01''S,046º34'49''W,-23.616944444444446,-46.58027777777778,2421,21,W,1,1,0,INFERIDA_DESCRICAO,23
SIBO,"BOA ESPERANÇA / São Luiz, PR",aeroporto,aeroporto,SIBO,24º15'45''S,052º47'32''W,-24.2625,-52.79222222222222,1919,18,W,1,1,0,INFERIDA_DESCRICAO,23
SIBP,"GUARULHOS / HELPN Ambev - Filial Guarulhos, SP",heliponto,heliponto,SIBP,23º19'07''S,046º22'12''W,-23.31861111111111,-46.37,2805,21,W,1,1,0,INFERIDA_DESCRICAO,23
SIBQ,BARROCO LOPES / HELPN - MACAÉ,heliponto,heliponto,SIBQ,22º19'20''S,041º44'42''W,-22.322222222222223,-41.745,2487,21,W,1,1,0,INFERIDA_DESCRICAO,23
SIBR,"BRODOWSKI / HELPN Chácara Recanto Tranqüilo, SP",heliponto,heliponto,SIBR,20º58'55''S,047º40'10''W,-20.981944444444444,-47.669444444444444,2795,21,W,1,1,0,INFERIDA_DESCRICAO,23
SIBS,"SÃO SEBASTIÃO / HELPN Terminal Petrobras - São Sebastião, SP",heliponto,heliponto,SIBS,23º47'55''S,045º24'00''W,-23.798611111111114,-45.4,16,22,W,1,1,0,INFERIDA_DESCRICAO,23
SIBT,"AMERICANA / HELPN Transportadora Americana II, SP",heliponto,heliponto,SIBT,22º43'50''S,047º17'05''W,-22.730555555555554,-47.28472222222222,2005,21,W,1,1,0,INFERIDA_DESCRICAO,23
SIBV,"NOVA ALVORADA DO SUL / Faz. Bela Vista, MS",aeroporto,aeroporto,SIBV,21º26'55''S,054º29'19''W,-21.448611111111113,-54.48861111111111,1083,17,W,1,1,0,INFERIDA_DESCRICAO,23
SIBX,"BURITAMA / Rosana Camargo, SP",aeroporto,aeroporto,SIBX,21º05'28''S,050º14'36''W,-21.09111111111111,-50.24333333333333,1345,20,W,1,1,0,INFERIDA_DESCRICAO,23
SIBY,"MONTEIRO / Monteiro, PB",aeroporto,aeroporto,SIBY,07º52'42''S,037º08'12''W,-7.878333333333334,-37.13666666666666,2031,22,W,1,1,0,INFERIDA_DESCRICAO,23
SICC,"ARARAS / HELPN Faz. Campo Alto, SP",heliponto,heliponto,SICC,22º23'20''S,047º17'12''W,-22.38888888888889,-47.28666666666666,2067,21,W,1,1,0,INFERIDA_DESCRICAO,23
SICD,"CARDOSO MOREIRA/ HELPN Mima 2, RJ",heliponto,heliponto,SICD,21º34'43''S,041º26'47''W,-21.578611111111112,-41.44638888888888,131,23,W,1,1,0,INFERIDA_DESCRICAO,23
SICE,"FORTALEZA / HELPN Ypioca, CE",heliponto,heliponto,SICE,03º49'31''S,038º28'53''W,-3.8252777777777776,-38.481388888888894,66,21,W,1,1,0,INFERIDA_DESCRICAO,23
SICH,"TRÊS LAGOAS / Faz. Serrinha, MS",aeroporto,aeroporto,SICH,20º39'39''S,052º20'24''W,-20.660833333333333,-52.34,1188,19,W,1,1,0,INFERIDA_DESCRICAO,23
SICI,"SOROCABA / HELPN Conjunto Hospitalar de Sorocaba, SP",heliponto,heliponto,SICI,23º30'34''S,047º27'29''W,-23.509444444444444,-47.45805555555556,2083,21,W,1,1,0,INFERIDA_DESCRICAO,23
SICJ,"SAPEZAL / Gaivota Aviação Agrícola, MT",aeroporto,aeroporto,SICJ,13º27'36''S,058º46'30''W,-13.459999999999999,-58.775,1706,16,W,1,1,0,INFERIDA_DESCRICAO,23
SICK,"CAPELINHA / Cidade Capelinha, MG",aeroporto,aeroporto,SICK,17º40'58''S,042º31'52''W,-17.68277777777778,-42.53111111111111,3113,23,W,1,1,0,INFERIDA_DESCRICAO,23
SICL,"ANGRA DOS REIS / HELPN Praia da Piraquara, RJ",heliponto,heliponto,SICL,22º59'11''S,044º26'34''W,-22.98638888888889,-44.44277777777778,79,22,W,1,1,0,INFERIDA_DESCRICAO,23
SICM,"BRASILÂNDIA / Faz. N. S. de Fátima, MS",aeroporto,aeroporto,SICM,21º32'20''S,052º06'38''W,-21.53888888888889,-52.11055555555556,984,19,W,1,1,0,INFERIDA_DESCRICAO,23
SICN,"SANDOVALINA / Faz. Vista Bonita, SP",aeroporto,aeroporto,SICN,22º30'12''S,051º48'46''W,-22.503333333333334,-51.812777777777775,1348,19,W,1,1,0,INFERIDA_DESCRICAO,23
SICO,"LUCAS DO RIO VERDE / SOLAG - Sol e Lua Aviação Agrícola, MT",aeroporto,aeroporto,SICO,13º19'11''S,056º02'49''W,-13.319722222222222,-56.04694444444444,1453,17,W,1,1,0,INFERIDA_DESCRICAO,23
SICR,"MAIRIPORÃ / HELPN Cantareira, SP",heliponto,heliponto,SICR,23º22'39''S,046º37'31''W,-23.3775,-46.625277777777775,2657,21,W,1,1,0,INFERIDA_DESCRICAO,23
SICT,"CAMPINAS / HELPN Elektro, SP",heliponto,heliponto,SICT,22º59'46''S,047º06'21''W,-22.996111111111112,-47.10583333333334,2041,21,W,1,1,0,INFERIDA_DESCRICAO,23
SICU,"ITATIBA / HELPN Chamonix, SP",heliponto,heliponto,SICU,22º58'42''S,046º52'06''W,-22.97833333333333,-46.86833333333333,2631,21,W,1,1,0,INFERIDA_DESCRICAO,23
SICV,"GUARUJÁ / HELPN Porto Marina Astúrias, SP",heliponto,heliponto,SICV,23º59'50''S,046º17'33''W,-23.997222222222224,-46.2925,7,21,W,1,1,0,INFERIDA_DESCRICAO,23
SICW,"CAMPO ALEGRE DE GOIÁS / Faz. Santa Fé, GO",aeroporto,aeroporto,SICW,17º27'50''S,047º49'54''W,-17.46388888888889,-47.83166666666667,3094,21,W,1,1,0,INFERIDA_DESCRICAO,23
SICX,"SALVADOR / HELPN Edifício Salvador Trade Center, BA",heliponto,heliponto,SICX,12º59'02''S,038º27'13''W,-12.983888888888888,-38.453611111111115,349,23,W,1,1,0,INFERIDA_DESCRICAO,23
SICZ,"SÃO PAULO / HELPN Edifício Comercial Lorena, SP",heliponto,heliponto,SICZ,23º34'23''S,046º39'29''W,-23.573055555555555,-46.658055555555556,2641,21,W,1,1,0,INFERIDA_DESCRICAO,24
SIDA,"SÃO PAULO / HELPN Edifício Dakota, SP",heliponto,heliponto,SIDA,23º35'39''S,046º41'00''W,-23.594166666666666,-46.68333333333333,2550,21,W,1,1,0,INFERIDA_DESCRICAO,24
SIDB,"COELHO NETO / Dr. Almir Lopes de Oliveira Melo, MA",aeroporto,aeroporto,SIDB,04º16'08''S,043º00'02''W,-4.268888888888889,-43.00055555555556,174,21,W,1,1,0,INFERIDA_DESCRICAO,24
SIDC,"RIO DAS OSTRAS/HELPN Pátio de Treinamento da HSE - TRAINING, RJ",heliponto,heliponto,SIDC,22º26'37''S,041º52'19''W,-22.44361111111111,-41.871944444444445,187,23,W,1,1,0,INFERIDA_DESCRICAO,24
SIDD,"MARACAJU / Faz. São João do Monte Alto, MS",aeroporto,aeroporto,SIDD,21º29'50''S,055º15'50''W,-21.497222222222224,-55.263888888888886,1476,17,W,1,1,0,INFERIDA_DESCRICAO,24
SIDE,"SÃO PAULO / HELPN Polícia Federal, SP",heliponto,heliponto,SIDE,23º30'46''S,048º22'13''W,-23.512777777777778,-48.37027777777778,2438,20,W,1,1,0,INFERIDA_DESCRICAO,24
SIDF,"AMERICANA / HELPN Umicore, SP",heliponto,heliponto,SIDF,22º41'42''S,047º21'20''W,-22.695,-47.355555555555554,1706,21,W,1,1,0,INFERIDA_DESCRICAO,24
SIDK,"CURITIBA / HELPN Centro Século XXI, PR",heliponto,heliponto,SIDK,25º26'05''S,049º16'34''W,-25.434722222222224,-49.27611111111111,3286,19,W,1,1,0,INFERIDA_DESCRICAO,24
SIDL,"SÃO PAULO / HELPN Deus é Amor, SP",heliponto,heliponto,SIDL,23º33'21''S,046º37'29''W,-23.555833333333332,-46.624722222222225,2474,21,W,1,1,0,INFERIDA_DESCRICAO,24
SIDM,"BARRA DO GARÇAS / Faz. Cibrapa, MT",aeroporto,aeroporto,SIDM,15º02'18''S,052º05'54''W,-15.038333333333334,-52.098333333333336,821,19,W,1,1,0,INFERIDA_DESCRICAO,24
SIDN,"IPERÓ / Faz. Ipanema, SP",aeroporto,aeroporto,SIDN,23º25'32''S,047º34'53''W,-23.425555555555558,-47.581388888888895,1985,21,W,1,1,0,INFERIDA_DESCRICAO,24
SIDO,SIEM DORADO,aeroporto,aeroporto,SIDO,24º59'04''S,042º34'03''W,-24.984444444444446,-42.5675,0,22,W,1,1,0,INFERIDA_DESCRICAO,24
SIDP,Heliponto / VALE DAS PALMEIRAS,heliponto,heliponto,SIDP,22º23'18''S,041º51'21''W,-22.388333333333332,-41.85583333333334,12,21,W,1,1,0,INFERIDA_DESCRICAO,24
SIDQ,"ANGRA DOS REIS / HELPN das Quaresmas, RJ",heliponto,heliponto,SIDQ,23º00'55''S,044º17'28''W,-23.01527777777778,-44.29111111111111,358,22,W,1,1,0,INFERIDA_DESCRICAO,24
SIDR,"MIRANDA / Retiro Piúva, MS",aeroporto,aeroporto,SIDR,19º50'08''S,056º42'13''W,-19.835555555555555,-56.703611111111115,328,16,W,1,1,0,INFERIDA_DESCRICAO,24
SIDS,"CORUMBÁ / Faz. Santa Lucinha, MS",aeroporto,aeroporto,SIDS,18º01'24''S,056º43'56''W,-18.023333333333333,-56.73222222222223,299,16,W,1,1,0,INFERIDA_DESCRICAO,24
SIDT,"RIO DE JANEIRO / HELPN Edise, RJ",heliponto,heliponto,SIDT,22º54'33''S,043º10'44''W,-22.909166666666664,-43.178888888888885,394,23,W,1,1,0,INFERIDA_DESCRICAO,24
SIDU,"AREAL / HELPN Biju, RJ",heliponto,heliponto,SIDU,22º17'48''S,043º09'07''W,-22.296666666666667,-43.151944444444446,1969,23,W,1,1,0,INFERIDA_DESCRICAO,24
SIDV,"DIVINÓPOLIS / HELPN Zizinho, MG",heliponto,heliponto,SIDV,20º15'12''S,044º46'03''W,-20.253333333333334,-44.7675,2494,22,W,1,1,0,INFERIDA_DESCRICAO,24
SIDX,"FLORIANÓPOLIS / HELPN Polícia Federal - Florianópolis, SC",heliponto,heliponto,SIDX,27º34'22''S,048º31'55''W,-27.572777777777777,-48.53194444444444,98,19,W,1,1,0,INFERIDA_DESCRICAO,24
SIDY,"LUNARDELLI / Faz. Yanduy, PR",aeroporto,aeroporto,SIDY,24º04'39''S,051º49'10''W,-24.0775,-51.81944444444445,985,18,W,1,1,0,INFERIDA_DESCRICAO,24
SIEA,"GUARARAPES / Faz. Ibipora, SP",aeroporto,aeroporto,SIEA,21º27'48''S,050º47'48''W,-21.46333333333333,-50.79666666666667,1181,19,W,1,1,0,INFERIDA_DESCRICAO,24
SIEB,"DOIS IRMÃOS DO BURITI / Faz. Carrapicho, MS",aeroporto,aeroporto,SIEB,20º44'49''S,055º21'26''W,-20.746944444444445,-55.35722222222223,932,17,W,1,1,0,INFERIDA_DESCRICAO,24
SIEC,"PRESIDENTE EPITÁCIO / Faz. Anhumas II, SP",aeroporto,aeroporto,SIEC,22º02'33''S,052º17'29''W,-22.0425,-52.29138888888889,955,18,W,1,1,0,INFERIDA_DESCRICAO,24
SIEE,"SÃO PAULO / HELPN Melia Confort São Paulo, SP",heliponto,heliponto,SIEE,23º37'56''S,046º42'28''W,-23.63222222222222,-46.70777777777778,2502,21,W,1,1,0,INFERIDA_DESCRICAO,24
SIEF,"CAMPO GRANDE / Faz. São José, MS",aeroporto,aeroporto,SIEF,20º34'24''S,054º43'01''W,-20.573333333333334,-54.716944444444444,1722,17,W,1,1,0,INFERIDA_DESCRICAO,24
SIEG,"TAQUARUSSU / Faz. Santa Edwiges, MS",aeroporto,aeroporto,SIEG,22º39'11''S,053º23'35''W,-22.653055555555554,-53.393055555555556,951,18,W,1,1,0,INFERIDA_DESCRICAO,24
SIEI,"JOINVILLE / HELPN 8 Batalhão de Polícia, SC",heliponto,heliponto,SIEI,26º18'23''S,048º51'36''W,-26.30638888888889,-48.86,98,19,W,1,1,0,INFERIDA_DESCRICAO,24
SIEJ,"NOVA MONTE VERDE / Monte verde, MT",aeroporto,aeroporto,SIEJ,09º56'50''S,057º29'59''W,-9.947222222222223,-57.499722222222225,821,17,W,1,1,0,INFERIDA_DESCRICAO,24
SIEK,"SÃO JOSÉ DO RIO PRETO / HELPN Eurípedes Mineiro de Mello, SP",heliponto,heliponto,SIEK,20º49'22''S,049º23'24''W,-20.822777777777777,-49.39,1838,20,W,1,1,0,INFERIDA_DESCRICAO,24
SIEL,"CÁCERES / Faz. Várzea Funda, MT",aeroporto,aeroporto,SIEL,16º35'01''S,057º43'56''W,-16.58361111111111,-57.73222222222223,709,16,W,1,1,0,INFERIDA_DESCRICAO,24
SIEM,"SÃO BERNARDO DO CAMPO / HELPN BASF Imigrantes, SP",heliponto,heliponto,SIEM,23º43'09''S,046º35'58''W,-23.719166666666666,-46.599444444444444,2625,21,W,1,1,0,INFERIDA_DESCRICAO,24
SIEN,"GENERAL CARNEIRO / Faz. São Marcos, MT",aeroporto,aeroporto,SIEN,15º24'18''S,053º20'32''W,-15.405000000000001,-53.342222222222226,1503,19,W,1,1,0,INFERIDA_DESCRICAO,24
SIEO,"JAGUARIÚNA / HELPN AMBEV Jaguariúna, SP",heliponto,heliponto,SIEO,22º42'37''S,047º00'12''W,-22.710277777777776,-47.00333333333333,2192,21,W,1,1,0,INFERIDA_DESCRICAO,24
SIEP,"SÃO PAULO / HELPN Riachuelo / Matriz, SP",heliponto,heliponto,SIEP,23º30'03''S,046º38'46''W,-23.500833333333333,-46.64611111111111,2595,21,W,1,1,0,INFERIDA_DESCRICAO,24
SIER,"PIRACICABA / HELPN Cosan, SP",heliponto,heliponto,SIER,22º37'57''S,047º41'11''W,-22.6325,-47.686388888888885,1667,21,W,1,1,0,INFERIDA_DESCRICAO,24
SIET,"MIRANDA / Estância Tara, MS",aeroporto,aeroporto,SIET,20º05'18''S,056º43'29''W,-20.08833333333333,-56.724722222222226,607,16,W,1,1,0,INFERIDA_DESCRICAO,24
SIEU,"JAÚ / HELPN Diamante, SP",heliponto,heliponto,SIEU,22º22'24''S,048º41'35''W,-22.373333333333335,-48.69305555555555,1444,20,W,1,1,0,INFERIDA_DESCRICAO,24
SIEV,"BODOQUENA / Faz. Boca de Onça, MS",aeroporto,aeroporto,SIEV,20º46'01''S,056º42'22''W,-20.766944444444444,-56.70611111111111,1050,16,W,1,1,0,INFERIDA_DESCRICAO,24
SIEY,"BELO HORIZONTE / HELPN Palácio das Mangabeiras, MG",heliponto,heliponto,SIEY,19º57'12''S,043º54'44''W,-19.953333333333333,-43.91222222222222,3825,23,W,1,1,0,INFERIDA_DESCRICAO,24
SIEZ,"TIBAGI / Pedra Branca, PR",aeroporto,aeroporto,SIEZ,24º37'27''S,050º27'33''W,-24.624166666666667,-50.45916666666667,2953,19,W,1,1,0,INFERIDA_DESCRICAO,24
SIFA,"MIRANDA / Faz. Sete, MS",aeroporto,aeroporto,SIFA,19º47'08''S,056º28'26''W,-19.785555555555558,-56.473888888888894,328,16,W,1,1,0,INFERIDA_DESCRICAO,24
SIFB,"PARATI / HELPN Sítio Canhanheiro, RJ",heliponto,heliponto,SIFB,23º13'42''S,044º41'06''W,-23.22833333333333,-44.684999999999995,7,22,W,1,1,0,INFERIDA_DESCRICAO,24
SIFC,"MIRANDA / Faz. Cachoeirinha, MS",aeroporto,aeroporto,SIFC,20º22'56''S,056º16'08''W,-20.38222222222222,-56.26888888888889,722,16,W,1,1,0,INFERIDA_DESCRICAO,24
SIFD,"CÁCERES / Faz. Dois Irmãos, MT",aeroporto,aeroporto,SIFD,16º23'14''S,057º17'19''W,-16.38722222222222,-57.28861111111111,591,16,W,1,1,0,INFERIDA_DESCRICAO,24
SIFE,"NOVA FÁTIMA / Faz. Dinorá, PR",aeroporto,aeroporto,SIFE,23º24'59''S,050º36'03''W,-23.41638888888889,-50.600833333333334,2100,19,W,1,1,0,INFERIDA_DESCRICAO,24
SIFF,"CORUMBÁ / Faz. Firme, MS",aeroporto,aeroporto,SIFF,19º15'34''S,057º00'42''W,-19.259444444444444,-57.01166666666666,233,16,W,1,1,0,INFERIDA_DESCRICAO,24
SIFG,"BELO HORIZONTE / HELPN Life Center, MG",heliponto,heliponto,SIFG,19º56'07''S,043º55'28''W,-19.935277777777777,-43.92444444444444,3287,23,W,1,1,0,INFERIDA_DESCRICAO,24
SIFJ,"RIO BRILHANTE / Faz. Jurema, MS",aeroporto,aeroporto,SIFJ,21º48'19''S,054º14'47''W,-21.80527777777778,-54.24638888888889,709,17,W,1,1,0,INFERIDA_DESCRICAO,24
SIFK,"PETRÓPOLIS / HELPN Hospital Santa Teresa, RJ",heliponto,heliponto,SIFK,22º30'28''S,043º11'37''W,-22.50777777777778,-43.19361111111111,2753,23,W,1,1,0,INFERIDA_DESCRICAO,24
SIFL,"SENADOR CANEDO / HELPN Solar dos Viana, GO",heliponto,heliponto,SIFL,16º44'09''S,049º06'39''W,-16.735833333333336,-49.11083333333333,2342,21,W,1,1,0,INFERIDA_DESCRICAO,24
SIFM,"ARIPUANÃ / Faz. Mudança, MT",aeroporto,aeroporto,SIFM,09º54'44''S,060º51'43''W,-9.912222222222223,-60.86194444444445,499,15,W,1,1,0,INFERIDA_DESCRICAO,24
SIFN,"AUTAZES / Faz. Planura, AM",aeroporto,aeroporto,SIFN,03º35'37''S,059º39'08''W,-3.593611111111111,-59.65222222222222,188,16,W,1,1,0,INFERIDA_DESCRICAO,24
SIFQ,"FLORES DA CUNHA / Condomínio Menega, RS",aeroporto,aeroporto,SIFQ,29º02'40''S,051º08'20''W,-29.044444444444448,-51.138888888888886,2566,17,W,1,1,0,INFERIDA_DESCRICAO,24
SIFR,"ROMARIA/ Faz. Romaria, MG",aeroporto,aeroporto,SIFR,18º52'14''S,047º33'34''W,-18.870555555555555,-47.559444444444445,3310,21,W,1,1,0,INFERIDA_DESCRICAO,24
SIFS,"FOZ DO IGUAÇU / HELPN Iguassu II, PR",heliponto,heliponto,SIFS,25º30'41''S,054º35'01''W,-25.511388888888888,-54.58361111111111,584,16,W,1,1,0,INFERIDA_DESCRICAO,25
SIFT,"VILA BELA DA SS. TRINDADE / Faz. Travessão, MT",aeroporto,aeroporto,SIFT,16º08'52''S,060º07'00''W,-16.147777777777776,-60.11666666666667,906,14,W,1,1,0,INFERIDA_DESCRICAO,25
SIFU,"BARRA DO PIRAÍ / Faz. Ribeirão, RJ",aeroporto,aeroporto,SIFU,22º24'56''S,043º46'31''W,-22.415555555555553,-43.775277777777774,1319,22,W,1,1,0,INFERIDA_DESCRICAO,25
SIFV,"ARACRUZ / Primo Bitti, ES",aeroporto,aeroporto,SIFV,19º49'35''S,040º06'03''W,-19.82638888888889,-40.100833333333334,88,24,W,1,1,0,INFERIDA_DESCRICAO,25
SIFW,"CORUMBÁ / Faz. São Lourenço, MS",aeroporto,aeroporto,SIFW,17º43'06''S,057º00'05''W,-17.71833333333333,-57.00138888888889,400,16,W,1,1,0,INFERIDA_DESCRICAO,25
SIFX,"SÃO PAULO / HELPN Secretaria de Agricultura, SP",heliponto,heliponto,SIFX,23º38'52''S,046º37'40''W,-23.647777777777776,-46.62777777777778,2608,21,W,1,1,0,INFERIDA_DESCRICAO,25
SIFY,"PORTO MURTINHO / Faz. Yndiana, MS",aeroporto,aeroporto,SIFY,21º46'42''S,057º29'45''W,-21.778333333333332,-57.49583333333334,607,15,W,1,1,0,INFERIDA_DESCRICAO,25
SIFZ,"SÃO PAULO / HELPN Hungria 1100, SP",heliponto,heliponto,SIFZ,23º34'39''S,046º41'38''W,-23.5775,-46.693888888888885,2514,21,W,1,1,0,INFERIDA_DESCRICAO,25
SIGA,"RIO DE JANEIRO / HELPN Jardim Guanabara, RJ",heliponto,heliponto,SIGA,22º48'35''S,043º12'37''W,-22.809722222222224,-43.21027777777778,210,23,W,1,1,0,INFERIDA_DESCRICAO,25
SIGB,"GAROPABA / HELPN Mormaii, SC",heliponto,heliponto,SIGB,28º02'31''S,048º37'53''W,-28.041944444444447,-48.63138888888889,17,19,W,1,1,0,INFERIDA_DESCRICAO,25
SIGC,"CANANÉIA / HELPN Porto Cubatão, SP",heliponto,heliponto,SIGC,24º58'31''S,047º56'41''W,-24.975277777777777,-47.94472222222222,23,20,W,1,1,0,INFERIDA_DESCRICAO,25
SIGE,"GRAVATÁ / HELPN Lagoa do Cavalo, PE",heliponto,heliponto,SIGE,08º10'23''S,035º38'18''W,-8.173055555555555,-35.638333333333335,1722,22,W,1,1,0,INFERIDA_DESCRICAO,25
SIGF,"CHAPADA DOS GUIMARÃES / Faz. Jopejó, MT",aeroporto,aeroporto,SIGF,15º00'00''S,055º49'30''W,-15,-55.825,1020,17,W,1,1,0,INFERIDA_DESCRICAO,25
SIGG,"MAGÉ / HELPN Auto Viação Reginas II, RJ",heliponto,heliponto,SIGG,22º39'38''S,043º02'50''W,-22.660555555555554,-43.04722222222222,66,23,W,1,1,0,INFERIDA_DESCRICAO,25
SIGH,"GOIÂNIA / HELPN Adalberto S. Monturil, GO",heliponto,heliponto,SIGH,16º42'33''S,049º15'43''W,-16.709166666666665,-49.261944444444445,2759,21,W,1,1,0,INFERIDA_DESCRICAO,25
SIGI,"GOIÂNIA / HELPN Gabinete Militar, GO",heliponto,heliponto,SIGI,16º40'54''S,049º15'20''W,-16.68166666666667,-49.25555555555555,2523,21,W,1,1,0,INFERIDA_DESCRICAO,25
SIGJ,"RIO DE JANEIRO / HELPN Hospital HCA, RJ",heliponto,heliponto,SIGJ,22º55'11''S,043º11'41''W,-22.919722222222223,-43.19472222222222,103,23,W,1,1,0,INFERIDA_DESCRICAO,25
SIGK,"GUARULHOS / HELPN Cd Guarulhos, SP",heliponto,heliponto,SIGK,23º26'46''S,046º26'39''W,-23.44611111111111,-46.44416666666666,2648,21,W,1,1,0,INFERIDA_DESCRICAO,25
SIGL,"NOVA ANDRADINA / Faz. Boa Sorte, MS",aeroporto,aeroporto,SIGL,21º54'55''S,053º31'03''W,-21.915277777777778,-53.5175,1099,18,W,1,1,0,INFERIDA_DESCRICAO,25
SIGM,"CÁCERES / Faz. São Benedito, MT",aeroporto,aeroporto,SIGM,16º16'14''S,057º51'46''W,-16.270555555555553,-57.86277777777778,469,16,W,1,1,0,INFERIDA_DESCRICAO,25
SIGN,"GENERAL CARNEIRO / Asa Delta, MT",aeroporto,aeroporto,SIGN,15º34'17''S,053º14'01''W,-15.571388888888889,-53.23361111111111,1585,19,W,1,1,0,INFERIDA_DESCRICAO,25
SIGO,"GAÚCHA DO NORTE / Faz. Araguari, MT",aeroporto,aeroporto,SIGO,13º20'12''S,053º57'28''W,-13.336666666666668,-53.95777777777778,2126,19,W,1,1,0,INFERIDA_DESCRICAO,25
SIGR,"GRAMADO / HELPN Região das Hortências, RS",heliponto,heliponto,SIGR,29º21'42''S,050º51'11''W,-29.361666666666668,-50.85305555555556,2805,17,W,1,1,0,INFERIDA_DESCRICAO,25
SIGT,"ITABERÁ / Faz. Goiabeira, SP",aeroporto,aeroporto,SIGT,23º59'22''S,049º10'45''W,-23.989444444444445,-49.17916666666667,2260,20,W,1,1,0,INFERIDA_DESCRICAO,25
SIGU,"RIBAS DO RIO PARDO / Faz. Café no Bule, MS",aeroporto,aeroporto,SIGU,19º48'55''S,053º49'33''W,-19.81527777777778,-53.825833333333335,2199,18,W,1,1,0,INFERIDA_DESCRICAO,25
SIGV,"SÃO PAULO / HELPN Rede Record, SP",heliponto,heliponto,SIGV,23º31'25''S,046º39'43''W,-23.52361111111111,-46.661944444444444,2412,21,W,1,1,0,INFERIDA_DESCRICAO,25
SIGW,"CARACOL / Estância Miranda, MS",aeroporto,aeroporto,SIGW,21º54'52''S,057º08'38''W,-21.91444444444444,-57.14388888888889,640,15,W,1,1,0,INFERIDA_DESCRICAO,25
SIGX,"JUARA / Faz. Gairova, MT",aeroporto,aeroporto,SIGX,11º11'52''S,058º14'12''W,-11.197777777777778,-58.236666666666665,1083,16,W,1,1,0,INFERIDA_DESCRICAO,25
SIGY,"URUÇUÍ / Faz. Progresso, PI",aeroporto,aeroporto,SIGY,07º30'09''S,044º12'12''W,-7.5025,-44.20333333333333,1476,22,W,1,1,0,INFERIDA_DESCRICAO,25
SIGZ,"SÃO PAULO / HELPN Banco de Boston 2, SP",heliponto,heliponto,SIGZ,23º37'00''S,046º41'55''W,-23.616666666666667,-46.698611111111106,2830,21,W,1,1,0,INFERIDA_DESCRICAO,25
SIHA,"IRANDUBA / HELPN Hotel Ariau Amazon Towers, AM",heliponto,heliponto,SIHA,03º05'22''S,060º26'17''W,-3.0894444444444447,-60.43805555555555,99,15,W,1,1,0,INFERIDA_DESCRICAO,25
SIHB,"GRAJAÚ / Faz. Soberana, MA",aeroporto,aeroporto,SIHB,05º27'21''S,046º03'45''W,-5.4558333333333335,-46.0625,417,21,W,1,1,0,INFERIDA_DESCRICAO,25
SIHC,"VITÓRIA / HELPN Cel PM Cícero Dantas dos Santos, ES",heliponto,heliponto,SIHC,20º17'36''S,040º18'45''W,-20.293333333333337,-40.3125,172,24,W,1,1,0,INFERIDA_DESCRICAO,25
SIHD,"SÃO PAULO / HELPN Divena, SP",heliponto,heliponto,SIHD,23º35'53''S,046º37'20''W,-23.598055555555554,-46.62222222222222,2473,21,W,1,1,0,INFERIDA_DESCRICAO,25
SIHE,"SANTOS / HELPN Mendes, SP",heliponto,heliponto,SIHE,23º57'33''S,046º20'07''W,-23.959166666666665,-46.33527777777778,52,21,W,1,1,0,INFERIDA_DESCRICAO,25
SIHF,"BRASÍLIA / HELPN Campo de Exposição Torto, DF",heliponto,heliponto,SIHF,15º42'16''S,047º55'14''W,-15.704444444444444,-47.92055555555555,3445,21,W,1,1,0,INFERIDA_DESCRICAO,25
SIHG,"PIUM / Faz. Ponderosa, TO",aeroporto,aeroporto,SIHG,10º04'18''S,049º59'44''W,-10.071666666666667,-49.995555555555555,656,20,W,1,1,0,INFERIDA_DESCRICAO,25
SIHH,"RIO DE JANEIRO / HELPN Hotel Intercontinental, RJ",heliponto,heliponto,SIHH,22º59'52''S,043º15'40''W,-22.997777777777777,-43.26111111111111,33,23,W,1,1,0,INFERIDA_DESCRICAO,25
SIHI,"PIÇARRA / FAZ. Itaipavas, PA",aeroporto,aeroporto,SIHI,06º36'59''S,048º59'45''W,-6.616388888888888,-48.99583333333334,633,21,W,1,1,0,INFERIDA_DESCRICAO,25
SIHJ,"PALMAS / Sítio Flyer, TO",aeroporto,aeroporto,SIHJ,10º06'29''S,048º19'35''W,-10.108055555555556,-48.32638888888889,958,21,W,1,1,0,INFERIDA_DESCRICAO,25
SIHK,"SÃO PAULO / HELPN Hospital Santa Catarina, SP",heliponto,heliponto,SIHK,23º34'08''S,046º38'43''W,-23.56888888888889,-46.64527777777778,2844,21,W,1,1,0,INFERIDA_DESCRICAO,25
SIHL,"RIO DE JANEIRO / HELPN Rio Centro, RJ",heliponto,heliponto,SIHL,22º58'43''S,043º24'33''W,-22.97861111111111,-43.409166666666664,33,23,W,1,1,0,INFERIDA_DESCRICAO,25
SIHM,"FORTALEZA / HELPN Dragão do Ar, CE",heliponto,heliponto,SIHM,03º48'06''S,038º26'01''W,-3.8016666666666663,-38.433611111111105,33,21,W,1,1,0,INFERIDA_DESCRICAO,25
SIHN,"BELA VISTA / Estância Vacadiga, MS",aeroporto,aeroporto,SIHN,21º47'55''S,056º34'17''W,-21.798611111111114,-56.57138888888889,936,16,W,1,1,0,INFERIDA_DESCRICAO,25
SIHO,"ITU / HELPN Kia, SP",heliponto,heliponto,SIHO,23º17'02''S,047º15'58''W,-23.28388888888889,-47.26611111111111,2080,21,W,1,1,0,INFERIDA_DESCRICAO,25
SIHQ,"BRASÍLIA / HELPN Águas Claras , DF",heliponto,heliponto,SIHQ,15º49'16''S,048º01'13''W,-15.821111111111112,-48.02027777777778,3757,21,W,1,1,0,INFERIDA_DESCRICAO,25
SIHR,"BELO HORIZONTE / HELPN Roberta Lombardi, MG",heliponto,heliponto,SIHR,19º57'09''S,043º55'03''W,-19.9525,-43.9175,3602,23,W,1,1,0,INFERIDA_DESCRICAO,25
SIHS,"SÃO PAULO / HELPN Edifício Faria Lima Premium, SP",heliponto,heliponto,SIHS,23º46'23''S,046º35'32''W,-23.773055555555555,-46.592222222222226,2732,21,W,1,1,0,INFERIDA_DESCRICAO,25
SIHT,"ANGRA DOS REIS / HELPN Tanguá, RJ",heliponto,heliponto,SIHT,23º00'08''S,044º21'12''W,-23.002222222222223,-44.35333333333333,222,22,W,1,1,0,INFERIDA_DESCRICAO,25
SIHU,"POÇOS DE CALDAS / HELPN Unimed, MG",heliponto,heliponto,SIHU,21º46'56''S,046º35'32''W,-21.78222222222222,-46.592222222222226,3924,21,W,1,1,0,INFERIDA_DESCRICAO,25
SIHV,"PARACATU / Faz. Boa Sorte, MG",aeroporto,aeroporto,SIHV,17º12'40''S,046º36'52''W,-17.211111111111112,-46.614444444444445,2002,22,W,1,1,0,INFERIDA_DESCRICAO,25
SIHW,"RIBEIRÃO PRETO / Agrishow, SP",aeroporto,aeroporto,SIHW,21º13'08''S,047º52'35''W,-21.218888888888888,-47.87638888888889,1781,21,W,1,1,0,INFERIDA_DESCRICAO,25
SIHX,"SALVADOR / HELPN Hospital da Bahia, BA",heliponto,heliponto,SIHX,12º59'15''S,038º27'02''W,-12.987499999999999,-38.45055555555556,105,23,W,1,1,0,INFERIDA_DESCRICAO,25
SIHY,"CAMPOS DO JORDÃO / HELPN Mont Blanc, SP",heliponto,heliponto,SIHY,22º44'47''S,045º33'17''W,-22.74638888888889,-45.55472222222222,6102,22,W,1,1,0,INFERIDA_DESCRICAO,25
SIHZ,"IPOJUCA / HELPN Nannai Beach Resort, PE",heliponto,heliponto,SIHZ,08º26'05''S,034º59'00''W,-8.434722222222222,-34.983333333333334,9,22,W,1,1,0,INFERIDA_DESCRICAO,26
SIIA,"BRASNORTE / Faz. Paraná, MT",aeroporto,aeroporto,SIIA,11º42'00''S,058º13'05''W,-11.7,-58.21805555555556,653,16,W,1,1,0,INFERIDA_DESCRICAO,26
SIIE,"RIBAS DO RIO PARDO / Faz. Cachoeira Branca, MS",aeroporto,aeroporto,SIIE,20º53'31''S,053º24'15''W,-20.891944444444444,-53.40416666666667,1733,18,W,1,1,0,INFERIDA_DESCRICAO,26
SIIF,"VALPARAÍSO / HELPN Valparaíso, SP",heliponto,heliponto,SIIF,21º19'42''S,050º57'01''W,-21.328333333333333,-50.95027777777778,1181,19,W,1,1,0,INFERIDA_DESCRICAO,26
SIIG,"RANCHARIA / Elisa Camargo de Arruda Botelho, SP",aeroporto,aeroporto,SIIG,22º21'27''S,051º06'03''W,-22.3575,-51.100833333333334,1756,19,W,1,1,0,INFERIDA_DESCRICAO,26
SIIH,"SÃO PAULO / HELPN Torre 2000, SP",heliponto,heliponto,SIIH,23º33'42''S,046º41'18''W,-23.561666666666667,-46.68833333333333,2743,21,W,1,1,0,INFERIDA_DESCRICAO,26
SIII,"GUAÍRA / Dr. Heráclito da Motta Luiz, SP",aeroporto,aeroporto,SIII,20º25'59''S,048º13'28''W,-20.43305555555556,-48.224444444444444,1798,21,W,1,1,0,INFERIDA_DESCRICAO,26
SIIK,"RIBAS DO RIO PARDO / Faz. Santa Lídia, MS",aeroporto,aeroporto,SIIK,20º43'54''S,053º41'07''W,-20.731666666666666,-53.68527777777778,1811,18,W,1,1,0,INFERIDA_DESCRICAO,26
SIIL,"ANGRA DOS REIS / HELPN Ilha da Jipóia, RJ",heliponto,heliponto,SIIL,23º02'55''S,044º20'51''W,-23.048611111111114,-44.347500000000004,190,22,W,1,1,0,INFERIDA_DESCRICAO,26
SIIM,"RIO VERDE DO MATO GROSSO / Faz. Giruá, MS",aeroporto,aeroporto,SIIM,18º48'09''S,054º50'52''W,-18.802500000000002,-54.84777777777778,1408,17,W,1,1,0,INFERIDA_DESCRICAO,26
SIIO,"ANGRA DOS REIS / HELPN Itaorna, RJ",heliponto,heliponto,SIIO,23º00'17''S,044º27'56''W,-23.004722222222224,-44.46555555555556,157,22,W,1,1,0,INFERIDA_DESCRICAO,26
SIIP,"BRAGANÇA PAULISTA/ HELPN Quinta da Baroneza, SP",heliponto,heliponto,SIIP,22º58'38''S,046º42'14''W,-22.97722222222222,-46.70388888888889,2487,21,W,1,1,0,INFERIDA_DESCRICAO,26
SIIQ,"SONORA / Faz. Aracoxim, MS",aeroporto,aeroporto,SIIQ,17º23'51''S,053º43'07''W,-17.3975,-53.718611111111116,2198,18,W,1,1,0,INFERIDA_DESCRICAO,26
SIIR,"SÃO PAULO / HELPN Brascan Century Plaza, SP",heliponto,heliponto,SIIR,23º35'03''S,046º40'30''W,-23.584166666666665,-46.675,2761,21,W,1,1,0,INFERIDA_DESCRICAO,26
SIIS,"VILA ALTA / Faz. Uberaba, PR",aeroporto,aeroporto,SIIS,23º39'00''S,053º49'49''W,-23.65,-53.83027777777778,1100,17,W,1,1,0,INFERIDA_DESCRICAO,26
SIIU,"CAMPO FLORIDO / Santa Marta, MG",aeroporto,aeroporto,SIIU,19º38'37''S,048º42'03''W,-19.64361111111111,-48.700833333333335,2218,21,W,1,1,0,INFERIDA_DESCRICAO,26
SIIW,"SANTANA DO PARNAÍBA / HELPN TECNET 2, SP",heliponto,heliponto,SIIW,23º27'14''S,046º52'10''W,-23.453888888888887,-46.86944444444445,2899,21,W,1,1,0,INFERIDA_DESCRICAO,26
SIIX,"ÁGUA BOA / Faz. Córrego Fundo, MT",aeroporto,aeroporto,SIIX,13º44'13''S,052º35'22''W,-13.736944444444443,-52.589444444444446,1208,19,W,1,1,0,INFERIDA_DESCRICAO,26
SIIY,"BRASÍLIA / HELPN Brasil XXI, DF",heliponto,heliponto,SIIY,15º47'32''S,047º53'40''W,-15.792222222222222,-47.894444444444446,214,21,W,1,1,0,INFERIDA_DESCRICAO,26
SIIZ,"DIAMANTINO / Faz. Chalana, MT",aeroporto,aeroporto,SIIZ,14º09'52''S,057º09'46''W,-14.164444444444445,-57.16277777777778,2001,17,W,1,1,0,INFERIDA_DESCRICAO,26
SIJC,"CAMPOS DO JORDÃO / HELPN Hotel Campos do Jordão, SP",heliponto,heliponto,SIJC,22º43'06''S,045º34'06''W,-22.71833333333333,-45.568333333333335,5381,22,W,1,1,0,INFERIDA_DESCRICAO,26
SIJD,"SÃO PAULO / HELPN João Dias, SP",heliponto,heliponto,SIJD,23º38'30''S,046º43'05''W,-23.641666666666666,-46.71805555555556,2520,21,W,1,1,0,INFERIDA_DESCRICAO,26
SIJE,"CORUMBÁ / Faz. Joana Estância, MS",aeroporto,aeroporto,SIJE,20º00'25''S,057º23'30''W,-20.006944444444443,-57.391666666666666,476,15,W,1,1,0,INFERIDA_DESCRICAO,26
SIJF,"SÃO PAULO / HELPN Edifício Faria Lima Financial Center, SP",heliponto,heliponto,SIJF,23º35'08''S,046º40'59''W,-23.585555555555555,-46.683055555555555,2693,21,W,1,1,0,INFERIDA_DESCRICAO,26
SIJG,"GUARARAPES / Faz. Jaguaretê, SP",aeroporto,aeroporto,SIJG,21º26'36''S,050º43'24''W,-21.443333333333335,-50.723333333333336,1290,19,W,1,1,0,INFERIDA_DESCRICAO,26
SIJH,"CUBATÃO / HELPN Cosipa, SP",heliponto,heliponto,SIJH,23º51'36''S,046º23'06''W,-23.860000000000003,-46.385,20,21,W,1,1,0,INFERIDA_DESCRICAO,26
SIJJ,"ARAL MOREIRA / Faz. Salamanca, MS",aeroporto,aeroporto,SIJJ,22º48'31''S,055º32'00''W,-22.808611111111112,-55.53333333333333,1837,16,W,1,1,0,INFERIDA_DESCRICAO,26
SIJK,"VAZANTE / Vazante, MG",aeroporto,aeroporto,SIJK,17º57'18''S,046º51'42''W,-17.955,-46.861666666666665,2457,22,W,1,1,0,INFERIDA_DESCRICAO,26
SIJL,"VOLTA REDONDA/ HELPN Cimento Tupi , RJ",heliponto,heliponto,SIJL,22º31'16''S,044º07'46''W,-22.52111111111111,-44.129444444444445,1320,22,W,1,1,0,INFERIDA_DESCRICAO,26
SIJM,"BARÃO DE MELGAÇO / Faz. Santa Maria do Porto da Capivara, MT",aeroporto,aeroporto,SIJM,17º08'40''S,056º35'52''W,-17.144444444444446,-56.59777777777778,328,17,W,1,1,0,INFERIDA_DESCRICAO,26
SIJP,"RIO DE JANEIRO / HELPN Bolsa, RJ",heliponto,heliponto,SIJP,22º54'08''S,043º10'27''W,-22.90222222222222,-43.174166666666665,161,23,W,1,1,0,INFERIDA_DESCRICAO,26
SIJQ,"ARAUCÁRIA / HELPN Ryhad Palace Hotel, PR",heliponto,heliponto,SIJQ,25º34'57''S,049º24'01''W,-25.5825,-49.400277777777774,3081,19,W,1,1,0,INFERIDA_DESCRICAO,26
SIJR,"BALSA NOVA / Ely Rego, PR",aeroporto,aeroporto,SIJR,25º32'22''S,049º36'00''W,-25.539444444444445,-49.6,2592,19,W,1,1,0,INFERIDA_DESCRICAO,26
SIJT,"CAMPOS DOS GOITACAZES / HELPN Mina 3, RJ",heliponto,heliponto,SIJT,21º44'59''S,041º18'10''W,-21.749722222222225,-41.30277777777778,66,23,W,1,1,0,INFERIDA_DESCRICAO,26
SIJU,"JUÍNA / Faz. Areia Branca, MT",aeroporto,aeroporto,SIJU,11º47'02''S,058º27'12''W,-11.783888888888889,-58.45333333333333,1073,16,W,1,1,0,INFERIDA_DESCRICAO,26
SIJX,"SÃO PAULO / HELPN Internacional Plaza, SP",heliponto,heliponto,SIJX,23º35'27''S,046º40'53''W,-23.590833333333332,-46.68138888888889,2615,21,W,1,1,0,INFERIDA_DESCRICAO,26
SIJY,ITAJA[I,aeroporto,aeroporto,SIJY,26º48'00''S,048º48'00''W,-26.8,-48.8,0,22,W,1,1,0,INFERIDA_DESCRICAO,26
SIJZ,"ITAITUBA / Faz. Vera Paz, PA",aeroporto,aeroporto,SIJZ,07º23'41''S,056º45'53''W,-7.394722222222223,-56.764722222222225,801,17,W,1,1,0,INFERIDA_DESCRICAO,26
SIKC,"COLIDER / Colider, MT",aeroporto,aeroporto,SIKC,10º45'51''S,055º27'40''W,-10.764166666666666,-55.461111111111116,1266,18,W,1,1,0,INFERIDA_DESCRICAO,26
SIKD,"SÃO PAULO / HELPN SODEPA, SP",heliponto,heliponto,SIKD,23º34'24''S,046º44'00''W,-23.573333333333334,-46.733333333333334,2492,21,W,1,1,0,INFERIDA_DESCRICAO,26
SIKE,"CAUCAIA / HELPN Wobben Windpower, CE",heliponto,heliponto,SIKE,03º37'12''S,038º51'20''W,-3.62,-38.855555555555554,200,21,W,1,1,0,INFERIDA_DESCRICAO,26
SIKF,"SÃO PAULO / HELPN Iguatemi, SP",heliponto,heliponto,SIKF,23º34'34''S,046º41'09''W,-23.57611111111111,-46.68583333333333,2722,21,W,1,1,0,INFERIDA_DESCRICAO,26
SIKH,"INDAIATUBA / HELPN Hotel Vitória, SP",heliponto,heliponto,SIKH,23º05'03''S,047º10'59''W,-23.084166666666665,-47.183055555555555,1972,21,W,1,1,0,INFERIDA_DESCRICAO,26
SIKJ,"ALTA FLORESTA / Faz. Cristalino, MT",aeroporto,aeroporto,SIKJ,09º40'04''S,055º58'36''W,-9.667777777777777,-55.97666666666667,919,18,W,1,1,0,INFERIDA_DESCRICAO,26
SIKK,"ARCOS / Calciolândia, MG",aeroporto,aeroporto,SIKK,20º15'02''S,045º38'42''W,-20.250555555555554,-45.644999999999996,2180,22,W,1,1,0,INFERIDA_DESCRICAO,26
SIKL,"GOIÂNIA / HELPN Flamboyant, GO",heliponto,heliponto,SIKL,16º42'35''S,049º14'19''W,-16.709722222222222,-49.23861111111111,2739,21,W,1,1,0,INFERIDA_DESCRICAO,26
SIKM,"ARAME / Faz. Viamão, MA",aeroporto,aeroporto,SIKM,05º17'21''S,046º00'06''W,-5.289166666666667,-46.001666666666665,863,21,W,1,1,0,INFERIDA_DESCRICAO,26
SIKN,"ARAME / Faz. Bonanza, MA",aeroporto,aeroporto,SIKN,05º09'26''S,045º54'56''W,-5.157222222222223,-45.91555555555556,928,21,W,1,1,0,INFERIDA_DESCRICAO,26
SIKO,"MAUÉS / Faz. Pison, AM",aeroporto,aeroporto,SIKO,05º01'12''S,057º46'49''W,-5.02,-57.780277777777776,541,17,W,1,1,0,INFERIDA_DESCRICAO,26
SIKQ,"ITAITUBA / Faz. Samauma, PA",aeroporto,aeroporto,SIKQ,07º14'10''S,057º06'21''W,-7.236111111111112,-57.10583333333334,633,17,W,1,1,0,INFERIDA_DESCRICAO,26
SIKT,"SÃO PAULO / HELPN Joaquim Floriano, SP",heliponto,heliponto,SIKT,23º34'59''S,046º40'16''W,-23.583055555555557,-46.67111111111111,2687,21,W,1,1,0,INFERIDA_DESCRICAO,26
SIKU,"CAMPINAS / HELPN Northern Telecom do Brasil Indústria e Comércio LTDA, SP",heliponto,heliponto,SIKU,22º48'23''S,047º02'34''W,-22.80638888888889,-47.04277777777778,2159,21,W,1,1,0,INFERIDA_DESCRICAO,26
SIKV,"GOIÂNIA / HELPN Aldeia do Vale, GO",heliponto,heliponto,SIKV,16º36'27''S,049º11'29''W,-16.6075,-49.19138888888889,2490,21,W,1,1,0,INFERIDA_DESCRICAO,26
SIKY,"COSTA RICA / Faz. Beira Rio, MS",aeroporto,aeroporto,SIKY,18º43'10''S,053º20'15''W,-18.71944444444444,-53.337500000000006,2100,18,W,1,1,0,INFERIDA_DESCRICAO,26
SIKZ,"PARNARAMA / Faz. Olho Dagua, MA",aeroporto,aeroporto,SIKZ,05º40'00''S,043º32'06''W,-5.666666666666667,-43.535,390,22,W,1,1,0,INFERIDA_DESCRICAO,27
SILA,"JATEÍ / Faz. Santa Ada, MS",aeroporto,aeroporto,SILA,22º45'30''S,053º50'39''W,-22.758333333333333,-53.844166666666666,1247,17,W,1,1,0,INFERIDA_DESCRICAO,27
SILB,"CHAPADA DOS GUIMARÃES / Aviador Mario Luiz Spinelli, MT",aeroporto,aeroporto,SILB,15º00'12''S,055º30'04''W,-15.003333333333334,-55.50111111111111,1247,18,W,1,1,0,INFERIDA_DESCRICAO,27
SILC,"LUCAS DO RIO VERDE / Bom Futuro, MT",aeroporto,aeroporto,SILC,13º02'14''S,055º56'32''W,-13.037222222222223,-55.94222222222222,1690,17,W,1,1,0,INFERIDA_DESCRICAO,27
SILD,"BODOQUENA / Faz. Colorado, MS",aeroporto,aeroporto,SILD,20º37'50''S,056º46'19''W,-20.630555555555556,-56.77194444444444,512,16,W,1,1,0,INFERIDA_DESCRICAO,27
SILE,"SIRINHAEM / HELPN Usina Trapiche, PE",heliponto,heliponto,SILE,08º34'46''S,035º07'41''W,-8.579444444444444,-35.128055555555555,33,22,W,1,1,0,INFERIDA_DESCRICAO,27
SILF,"SÃO PAULO / HELPN New Century, SP",heliponto,heliponto,SILF,23º35'15''S,046º40'49''W,-23.5875,-46.680277777777775,2691,21,W,1,1,0,INFERIDA_DESCRICAO,27
SILH,"CAMPINAS / HELPN Parque Dom Pedro, SP",heliponto,heliponto,SILH,22º50'11''S,047º03'58''W,-22.836388888888887,-47.066111111111105,2097,21,W,1,1,0,INFERIDA_DESCRICAO,27
SILI,"ANGRA DOS REIS / Ilha dos Porcos Grandes, RJ",aeroporto,aeroporto,SILI,23º03'32''S,044º18'52''W,-23.05888888888889,-44.31444444444444,197,22,W,1,1,0,INFERIDA_DESCRICAO,27
SILJ,"LARANJAL DO JARI / ADRM do Gaúcho, AP",aeroporto,aeroporto,SILJ,00º49'20''S,052º30'50''W,-0.8222222222222222,-52.513888888888886,135,19,W,1,1,0,INFERIDA_DESCRICAO,27
SILK,"SÃO PAULO / HELPN O Estado de São Paulo, SP",heliponto,heliponto,SILK,23º30'44''S,046º40'15''W,-23.51222222222222,-46.670833333333334,2540,21,W,1,1,0,INFERIDA_DESCRICAO,27
SILL,"SÃO PAULO / HELPN Galia, SP",heliponto,heliponto,SILL,23º34'37''S,046º42'14''W,-23.576944444444443,-46.70388888888889,2517,21,W,1,1,0,INFERIDA_DESCRICAO,27
SILM,"FLORES DE GOIÁS / Faz. Regalito, GO",aeroporto,aeroporto,SILM,14º28'14''S,046º52'21''W,-14.470555555555556,-46.8725,1598,22,W,1,1,0,INFERIDA_DESCRICAO,27
SILN,"PARAGOMINAS / Faz. Rio Capim, PA",aeroporto,aeroporto,SILN,03º33'31''S,048º39'23''W,-3.558611111111111,-48.656388888888884,325,20,W,1,1,0,INFERIDA_DESCRICAO,27
SILO,"GUARULHOS / HELPN CFAPP, SP",heliponto,heliponto,SILO,23º28'16''S,046º24'55''W,-23.47111111111111,-46.415277777777774,2390,21,W,1,1,0,INFERIDA_DESCRICAO,27
SILP,"SALTO/ HELPN Lojas Cem, SP",heliponto,heliponto,SILP,23º09'09''S,047º16'04''W,-23.1525,-47.26777777777777,1982,21,W,1,1,0,INFERIDA_DESCRICAO,27
SILQ,"CASCAVEL / Clube de Ultraleves Aeroleve, PR",aeroporto,aeroporto,SILQ,24º55'36''S,053º29'54''W,-24.92666666666667,-53.498333333333335,2132,17,W,1,1,0,INFERIDA_DESCRICAO,27
SILR,"SÃO PAULO / HELPN One Hundred, SP",heliponto,heliponto,SILR,23º35'41''S,046º41'03''W,-23.59472222222222,-46.68416666666666,2550,21,W,1,1,0,INFERIDA_DESCRICAO,27
SILT,"SANTA FÉ DO SUL / Três Irmâos, SP",aeroporto,aeroporto,SILT,20º13'40''S,050º58'06''W,-20.227777777777778,-50.968333333333334,1460,19,W,1,1,0,INFERIDA_DESCRICAO,27
SILU,"BODOQUENA / Faz. Cristo, MS",aeroporto,aeroporto,SILU,19º51'57''S,056º59'14''W,-19.865833333333335,-56.98722222222222,427,16,W,1,1,0,INFERIDA_DESCRICAO,27
SILV,"GUARULHOS / HELPN Locar, SP",heliponto,heliponto,SILV,23º28'15''S,046º28'59''W,-23.47083333333333,-46.48305555555556,2720,21,W,1,1,0,INFERIDA_DESCRICAO,27
SILW,"BELA VISTA / Faz. Mata Assombrada, MS",aeroporto,aeroporto,SILW,21º43'38''S,056º30'33''W,-21.72722222222222,-56.509166666666665,912,16,W,1,1,0,INFERIDA_DESCRICAO,27
SILX,"PEIXOTO DE AZEVEDO / Faz. Jandaia, MT",aeroporto,aeroporto,SILX,10º30'38''S,053º39'01''W,-10.510555555555555,-53.650277777777774,1070,19,W,1,1,0,INFERIDA_DESCRICAO,27
SILY,"VILA ALTA / Faz. Três Marias, PR",aeroporto,aeroporto,SILY,23º30'43''S,053º48'15''W,-23.511944444444445,-53.80416666666667,1300,17,W,1,1,0,INFERIDA_DESCRICAO,27
SIMA,"CORUMBÁ / Faz. Mandiore, MS",aeroporto,aeroporto,SIMA,17º55'40''S,057º37'27''W,-17.92777777777778,-57.62416666666667,299,16,W,1,1,0,INFERIDA_DESCRICAO,27
SIMB,"SÃO CAETANO DO SUL / HELPN Monumental Business, SP",heliponto,heliponto,SIMB,23º36'51''S,046º34'09''W,-23.61416666666667,-46.56916666666667,2661,21,W,1,1,0,INFERIDA_DESCRICAO,27
SIMC,"PAULÍNEA / HELPN FIC, SP",heliponto,heliponto,SIMC,22º42'41''S,047º08'28''W,-22.711388888888887,-47.14111111111111,1985,21,W,1,1,0,INFERIDA_DESCRICAO,27
SIMD,"SÃO PAULO / HELPN Reseda Office, SP",heliponto,heliponto,SIMD,23º35'04''S,046º46'02''W,-23.584444444444443,-46.76722222222222,2566,21,W,1,1,0,INFERIDA_DESCRICAO,27
SIME,"DAVINÓPOLIS / Comandante Carlos Inácio Agnes, MA",aeroporto,aeroporto,SIME,05º34'36''S,047º25'22''W,-5.576666666666666,-47.422777777777775,443,21,W,1,1,0,INFERIDA_DESCRICAO,27
SIMF,"UNAÍ / Faz. São Miguel, MG",aeroporto,aeroporto,SIMF,15º58'23''S,046º42'34''W,-15.973055555555556,-46.70944444444445,3287,22,W,1,1,0,INFERIDA_DESCRICAO,27
SIMG,"PORTO MURTINHO / Faz. Seis Palmas, MS",aeroporto,aeroporto,SIMG,21º05'58''S,057º42'57''W,-21.099444444444444,-57.715833333333336,312,15,W,1,1,0,INFERIDA_DESCRICAO,27
SIMH,"CAIEIRAS / HELPN CRT - Caieiras, SP",heliponto,heliponto,SIMH,23º20'07''S,046º46'21''W,-23.335277777777776,-46.7725,2674,21,W,1,1,0,INFERIDA_DESCRICAO,27
SIMI,"TACURU / Faz. Boa Vista, MS",aeroporto,aeroporto,SIMI,23º38'13''S,055º11'04''W,-23.636944444444445,-55.18444444444444,1231,16,W,1,1,0,INFERIDA_DESCRICAO,27
SIMK,"FRANCA / FRANCA, SP",aeroporto,aeroporto,SIMK,20º35'25''S,047º22'57''W,-20.590277777777775,-47.3825,3292,21,W,1,1,0,INFERIDA_DESCRICAO,27
SIML,"MOJU / Codenorte, PA",aeroporto,aeroporto,SIML,03º17'08''S,049º13'22''W,-3.2855555555555553,-49.22277777777778,220,20,W,1,1,0,INFERIDA_DESCRICAO,27
SIMM,"SÃO PAULO / HELPN Edifício Corporate Park, SP",heliponto,heliponto,SIMM,23º35'14''S,046º40'19''W,-23.58722222222222,-46.67194444444444,2645,21,W,1,1,0,INFERIDA_DESCRICAO,27
SIMN,"RIO DE JANEIRO / HELPN Pier Mauá, RJ",heliponto,heliponto,SIMN,22º53'41''S,043º10'46''W,-22.89472222222222,-43.17944444444444,8,23,W,1,1,0,INFERIDA_DESCRICAO,27
SIMP,"POUSO ALEGRE / HELPN Marques Plaza, MG",heliponto,heliponto,SIMP,22º13'07''S,045º54'59''W,-22.21861111111111,-45.91638888888889,2710,22,W,1,1,0,INFERIDA_DESCRICAO,27
SIMQ,"CORUMBÁ / Faz. Nascente, MS",aeroporto,aeroporto,SIMQ,18º12'32''S,055º45'11''W,-18.20888888888889,-55.753055555555555,601,17,W,1,1,0,INFERIDA_DESCRICAO,27
SIMR,"RIO VERDE / Faz. Reunidas, GO",aeroporto,aeroporto,SIMR,17º45'09''S,051º09'04''W,-17.7525,-51.151111111111106,2362,20,W,1,1,0,INFERIDA_DESCRICAO,27
SIMT,"SÃO BERNARDO DO CAMPO / HELPN Mediterrâneo, SP",heliponto,heliponto,SIMT,23º41'28''S,046º33'13''W,-23.691111111111113,-46.55361111111111,2592,21,W,1,1,0,INFERIDA_DESCRICAO,27
SIMU,"ANAURILÂNDIA / Faz. Mutum, MS",aeroporto,aeroporto,SIMU,22º16'57''S,052º50'34''W,-22.2825,-52.84277777777778,978,18,W,1,1,0,INFERIDA_DESCRICAO,27
SIMV,"UBERABA / Faz. Mata Velha, MG",aeroporto,aeroporto,SIMV,19º50'18''S,047º50'59''W,-19.83833333333333,-47.849722222222226,2733,21,W,1,1,0,INFERIDA_DESCRICAO,27
SIMW,"JARAGUARI / Faz. Retiro do Cervo I, MS",aeroporto,aeroporto,SIMW,20º21'16''S,053º58'04''W,-20.354444444444447,-53.967777777777776,1562,18,W,1,1,0,INFERIDA_DESCRICAO,27
SIMX,"JANGADA / Faz. Jangada, MT",aeroporto,aeroporto,SIMX,15º14'27''S,056º34'41''W,-15.240833333333333,-56.57805555555556,722,17,W,1,1,0,INFERIDA_DESCRICAO,27
SIMY,"ITAQUIRAÍ / Faz. Porto Oculto, MS",aeroporto,aeroporto,SIMY,23º12'45''S,054º05'43''W,-23.2125,-54.09527777777778,972,17,W,1,1,0,INFERIDA_DESCRICAO,27
SIMZ,"SONORA / Faz. Primeiro de Maio, MS",aeroporto,aeroporto,SIMZ,17º52'32''S,054º56'28''W,-17.875555555555557,-54.941111111111105,584,18,W,1,1,0,INFERIDA_DESCRICAO,27
SINA,"SÃO PEDRO DO PARANÁ / São Francisco, PR",aeroporto,aeroporto,SINA,22º47'20''S,053º11'52''W,-22.78888888888889,-53.19777777777777,1123,18,W,1,1,0,INFERIDA_DESCRICAO,27
SINB,"ILHA BELA / HELPN Tubarão, SP",heliponto,heliponto,SINB,23º49'46''S,045º23'19''W,-23.829444444444444,-45.38861111111111,10,22,W,1,1,0,INFERIDA_DESCRICAO,27
SINC,"BAIÃO / Nova Conceição Agroindustrial, PA",aeroporto,aeroporto,SINC,02º55'23''S,049º47'07''W,-2.9230555555555555,-49.78527777777778,49,20,W,1,1,0,INFERIDA_DESCRICAO,27
SIND,"SALVADOR / HELPN Ondina, BA",heliponto,heliponto,SIND,13º00'34''S,038º30'14''W,-13.009444444444444,-38.50388888888889,109,23,W,1,1,0,INFERIDA_DESCRICAO,27
SINE,"POÁ / HELPN Ibar, SP",heliponto,heliponto,SINE,23º31'27''S,046º19'47''W,-23.524166666666666,-46.32972222222222,2412,21,W,1,1,0,INFERIDA_DESCRICAO,27
SINF,"SANTOS / HELPN Codesp, SP",heliponto,heliponto,SINF,23º57'22''S,046º18'32''W,-23.95611111111111,-46.30888888888889,10,21,W,1,1,0,INFERIDA_DESCRICAO,27
SING,"NOVA GRANADA / Faz. São João, SP",aeroporto,aeroporto,SING,20º33'24''S,049º17'18''W,-20.55666666666667,-49.288333333333334,1739,20,W,1,1,0,INFERIDA_DESCRICAO,27
SINH,"NOVO HORIZONTE DO SUL / Faz. Esperança, MS",aeroporto,aeroporto,SINH,22º38'58''S,053º33'52''W,-22.649444444444445,-53.56444444444444,804,17,W,1,1,0,INFERIDA_DESCRICAO,27
SINI,"AVARÉ / HELPN Baua’s, SP",heliponto,heliponto,SINI,23º12'05''S,048º59'16''W,-23.20138888888889,-48.98777777777778,1149,20,W,1,1,0,INFERIDA_DESCRICAO,28
SINJ,"COXIM / Faz. Novo Horizonte - TATTERSAL, MS",aeroporto,aeroporto,SINJ,18º22'05''S,054º46'37''W,-18.368055555555557,-54.776944444444446,1205,18,W,1,1,0,INFERIDA_DESCRICAO,28
SINK,"PARAPUÃ / Faz. Negrinha, SP",aeroporto,aeroporto,SINK,21º52'33''S,050º52'18''W,-21.875833333333333,-50.87166666666667,1582,19,W,1,1,0,INFERIDA_DESCRICAO,28
SINL,"FLORIANÓPOLIS / HELPN Costão, SC",heliponto,heliponto,SINL,27º27'49''S,048º22'57''W,-27.46361111111111,-48.3825,138,19,W,1,1,0,INFERIDA_DESCRICAO,28
SINM,"NOVA MUTUM / Faz. Itanhangá, MT",aeroporto,aeroporto,SINM,13º06'04''S,056º31'48''W,-13.101111111111111,-56.53,938,17,W,1,1,0,INFERIDA_DESCRICAO,28
SINO,"BOM JESUS DAS SELVAS / Faz. Mapisa, MA",aeroporto,aeroporto,SINO,04º24'47''S,046º31'05''W,-4.413055555555556,-46.518055555555556,634,21,W,1,1,0,INFERIDA_DESCRICAO,28
SINP,"JARDIM / Faz. Santa Maria, MS",aeroporto,aeroporto,SINP,21º30'29''S,056º25'29''W,-21.508055555555554,-56.42472222222222,1083,16,W,1,1,0,INFERIDA_DESCRICAO,28
SINQ,"LARANJAL DO JARI / Laranjal, AP",aeroporto,aeroporto,SINQ,00º47'41''S,052º29'19''W,-0.7947222222222222,-52.48861111111111,250,19,W,1,1,0,INFERIDA_DESCRICAO,28
SINS,"CAMPO GRANDE / Faz. Cachoeira do Lontra, MS",aeroporto,aeroporto,SINS,21º17'18''S,053º42'38''W,-21.288333333333334,-53.71055555555556,1211,18,W,1,1,0,INFERIDA_DESCRICAO,28
SINT,"SANTA IZABEL / Faz. Santa Adélia, GO",aeroporto,aeroporto,SINT,15º11'41''S,049º22'46''W,-15.194722222222222,-49.379444444444445,2251,21,W,1,1,0,INFERIDA_DESCRICAO,28
SINU,"BELA VISTA / Faz. Xerez, MS",aeroporto,aeroporto,SINU,21º55'28''S,056º42'31''W,-21.924444444444447,-56.70861111111111,936,15,W,1,1,0,INFERIDA_DESCRICAO,28
SINW,"LUIZ ANTÔNIO / HELPN VCP Luiz Antônio , SP",heliponto,heliponto,SINW,21º34'20''S,047º55'29''W,-21.572222222222223,-47.92472222222222,1697,21,W,1,1,0,INFERIDA_DESCRICAO,28
SINX,"JACAREÍ / HELPN VCP Jacareí, SP",heliponto,heliponto,SINX,23º22'00''S,046º01'00''W,-23.366666666666667,-46.016666666666666,1939,21,W,1,1,0,INFERIDA_DESCRICAO,28
SINY,"BREJO DA MADRE DE DEUS / HELPN Faz. Nova, PE",heliponto,heliponto,SINY,08º09'36''S,036º11'49''W,-8.16,-36.19694444444444,1542,22,W,1,1,0,INFERIDA_DESCRICAO,28
SINZ,"FERNANDES PINHEIRO / Xanadu, PR",aeroporto,aeroporto,SINZ,25º26'17''S,050º31'40''W,-25.438055555555557,-50.52777777777778,2796,19,W,1,1,0,INFERIDA_DESCRICAO,28
SIOB,"ANDRADINA / Faz. Guanabara, SP",aeroporto,aeroporto,SIOB,20º49'16''S,051º16'14''W,-20.82111111111111,-51.27055555555555,1362,19,W,1,1,0,INFERIDA_DESCRICAO,28
SIOC,"NOVA INDEPENDÊNCIA / Santo Expedito, SP",aeroporto,aeroporto,SIOC,21º08'32''S,051º32'47''W,-21.142222222222223,-51.546388888888885,1300,19,W,1,1,0,INFERIDA_DESCRICAO,28
SIOE,"DOIS VIZINHOS / Mocelin, PR",aeroporto,aeroporto,SIOE,25º47'36''S,053º02'05''W,-25.793333333333337,-53.03472222222222,1850,17,W,1,1,0,INFERIDA_DESCRICAO,28
SIOF,"NOVA ALVORADA DO SUL / Faz. Cachoeira, MS",aeroporto,aeroporto,SIOF,21º25'52''S,054º22'37''W,-21.43111111111111,-54.37694444444445,1247,17,W,1,1,0,INFERIDA_DESCRICAO,28
SIOG,"RIO BONITO / HELPN Oasis Graal, RJ",heliponto,heliponto,SIOG,22º47'52''S,042º27'23''W,-22.797777777777778,-42.45638888888889,256,23,W,1,1,0,INFERIDA_DESCRICAO,28
SIOH,"IJACI / HELPN Cauê-Ijaci, MG",heliponto,heliponto,SIOH,21º11'40''S,044º56'28''W,-21.194444444444446,-44.941111111111105,3019,22,W,1,1,0,INFERIDA_DESCRICAO,28
SIOI,"UNIÃO DO SUL / Rio Arraias, MT",aeroporto,aeroporto,SIOI,11º45'44''S,054º20'43''W,-11.762222222222222,-54.34527777777778,3773,18,W,1,1,0,INFERIDA_DESCRICAO,28
SIOJ,"SÃO JOSÉ DOS QUATRO MARCOS / Faz. Soroteca, MT",aeroporto,aeroporto,SIOJ,15º37'53''S,058º18'30''W,-15.631388888888889,-58.30833333333333,749,16,W,1,1,0,INFERIDA_DESCRICAO,28
SIOK,"NOBRES/ Faz. Água Doce, MT",aeroporto,aeroporto,SIOK,14º38'32''S,056º14'20''W,-14.642222222222221,-56.23888888888889,1313,17,W,1,1,0,INFERIDA_DESCRICAO,28
SIOL,"CORUMBAIBA / Faz. Pontal, GO",aeroporto,aeroporto,SIOL,18º19'21''S,048º50'39''W,-18.322499999999998,-48.844166666666666,1706,21,W,1,1,0,INFERIDA_DESCRICAO,28
SIOM,"UNIÃO DO SUL / Rio Ouro, MT",aeroporto,aeroporto,SIOM,11º32'20''S,054º11'38''W,-11.53888888888889,-54.193888888888885,3741,19,W,1,1,0,INFERIDA_DESCRICAO,28
SION,"FELIZ NATAL / Rio Negro, MT",aeroporto,aeroporto,SION,11º38'40''S,054º04'17''W,-11.644444444444444,-54.07138888888889,3445,19,W,1,1,0,INFERIDA_DESCRICAO,28
SIOO,"PORTO MURTINHO / Faz. Piquiri, MS",aeroporto,aeroporto,SIOO,22º01'26''S,057º54'10''W,-22.023888888888887,-57.90277777777778,273,15,W,1,1,0,INFERIDA_DESCRICAO,28
SIOP,"PORTO MURTINHO / Faz. Londrina II, MS",aeroporto,aeroporto,SIOP,21º58'20''S,057º51'01''W,-21.97222222222222,-57.85027777777778,273,15,W,1,1,0,INFERIDA_DESCRICAO,28
SIOQ,"IGUATEMI / Faz. Mato Alto, MS",aeroporto,aeroporto,SIOQ,23º30'14''S,054º18'51''W,-23.503888888888888,-54.314166666666665,1313,17,W,1,1,0,INFERIDA_DESCRICAO,28
SIOR,"CORUMBÁ / Faz. São Miguel, MS",aeroporto,aeroporto,SIOR,18º05'53''S,057º09'12''W,-18.098055555555554,-57.15333333333333,358,16,W,1,1,0,INFERIDA_DESCRICAO,28
SIOS,"JATEÍ / Faz. Santa Josefa, MS",aeroporto,aeroporto,SIOS,22º46'10''S,053º57'47''W,-22.769444444444442,-53.963055555555556,1313,17,W,1,1,0,INFERIDA_DESCRICAO,28
SIOT,"SANTA RITA DO PARDO / Faz. Santa Verginia, MS",aeroporto,aeroporto,SIOT,21º29'22''S,052º23'02''W,-21.489444444444445,-52.38388888888889,1093,18,W,1,1,0,INFERIDA_DESCRICAO,28
SIOV,"PRADO / Taua, BA",aeroporto,aeroporto,SIOV,16º54'05''S,039º09'32''W,-16.90138888888889,-39.15888888888889,44,24,W,1,1,0,INFERIDA_DESCRICAO,28
SIOW,"SÃO PAULO / HELPN Hospital Alemão Oswaldo Cruz, SP",heliponto,heliponto,SIOW,23º34'10''S,046º38'35''W,-23.569444444444443,-46.643055555555556,2926,21,W,1,1,0,INFERIDA_DESCRICAO,28
SIOX,"GUARULHOS / HELPN Centro de Distribuição Ponto Frio, SP",heliponto,heliponto,SIOX,23º25'45''S,046º24'20''W,-23.429166666666667,-46.40555555555555,2540,21,W,1,1,0,INFERIDA_DESCRICAO,28
SIOY,"BERTIOGA / HELPN Caravelas, SP",heliponto,heliponto,SIOY,23º46'06''S,045º55'38''W,-23.76833333333333,-45.92722222222222,41,21,W,1,1,0,INFERIDA_DESCRICAO,28
SIOZ,"SANTANA DO ARAGUAIA / Faz. Santa Fé, PA",aeroporto,aeroporto,SIOZ,09º35'17''S,050º21'26''W,-9.588055555555556,-50.35722222222223,591,20,W,1,1,0,INFERIDA_DESCRICAO,28
SIPB,"RAPOSA / CAVU - Clube de Aviação Ultraleve, MA",aeroporto,aeroporto,SIPB,02º26'30''S,044º07'29''W,-2.441666666666667,-44.124722222222225,109,21,W,1,1,0,INFERIDA_DESCRICAO,28
SIPC,"BELÉM / Porta do Céu, PA",aeroporto,aeroporto,SIPC,01º18'53''S,048º25'46''W,-1.3147222222222223,-48.42944444444444,16,20,W,1,1,0,INFERIDA_DESCRICAO,28
SIPD,"CAMPINAS / HELPN Vitória Hotel Residence, SP",heliponto,heliponto,SIPD,22º54'08''S,047º02'54''W,-22.90222222222222,-47.04833333333333,2361,21,W,1,1,0,INFERIDA_DESCRICAO,28
SIPE,"GOIANA / Itapessoca, PE",aeroporto,aeroporto,SIPE,07º39'26''S,034º51'25''W,-7.657222222222223,-34.856944444444444,17,22,W,1,1,0,INFERIDA_DESCRICAO,28
SIPF,"RIO DE JANEIRO / HELPN Hotel Glória, RJ",heliponto,heliponto,SIPF,22º55'31''S,043º10'23''W,-22.92527777777778,-43.17305555555555,214,23,W,1,1,0,INFERIDA_DESCRICAO,28
SIPG,"COCALINHO / Faz. Água Preta, MT",aeroporto,aeroporto,SIPG,14º08'17''S,051º27'59''W,-14.138055555555555,-51.46638888888889,794,20,W,1,1,0,INFERIDA_DESCRICAO,28
SIPH,"CASEARA / Faz. Palmeiras, TO",aeroporto,aeroporto,SIPH,09º36'07''S,049º46'26''W,-9.601944444444444,-49.77388888888889,722,21,W,1,1,0,INFERIDA_DESCRICAO,28
SIPK,"POCONÉ / SESC Pantanal, MT",aeroporto,aeroporto,SIPK,16º29'49''S,056º25'18''W,-16.496944444444445,-56.42166666666667,348,17,W,1,1,0,INFERIDA_DESCRICAO,28
SIPL,"PLANALTO DA SERRA / Faz. Entre Serras, MT",aeroporto,aeroporto,SIPL,14º37'20''S,054º28'36''W,-14.622222222222224,-54.47666666666667,1824,18,W,1,1,0,INFERIDA_DESCRICAO,28
SIPN,"PORTO MURTINHO / Faz. Progresso, MS",aeroporto,aeroporto,SIPN,21º30'36''S,057º41'26''W,-21.51,-57.690555555555555,328,15,W,1,1,0,INFERIDA_DESCRICAO,28
SIPO,"CONDEÚBA / Sebastião José Pereira, BA",aeroporto,aeroporto,SIPO,14º55'27''S,041º57'24''W,-14.924166666666666,-41.95666666666667,2260,23,W,1,1,0,INFERIDA_DESCRICAO,28
SIPQ,"SÃO MIGUEL DO PASSA QUATRO / Faz. Rancho Estrela, GO",aeroporto,aeroporto,SIPQ,16º59'54''S,048º44'17''W,-16.998333333333335,-48.738055555555555,3002,21,W,1,1,0,INFERIDA_DESCRICAO,28
SIPR,"PARAÚNA / Faz. São José, GO",aeroporto,aeroporto,SIPR,17º00'04''S,050º44'34''W,-17.00111111111111,-50.74277777777778,2451,20,W,1,1,0,INFERIDA_DESCRICAO,28
SIPS,"PEDRO LEOPOLDO / HELPN Haras Forum, MG",heliponto,heliponto,SIPS,19º39'32''S,044º08'49''W,-19.65888888888889,-44.14694444444444,2743,23,W,1,1,0,INFERIDA_DESCRICAO,28
SIPT,"PAULÍNEA / HELPN Petrobrás Refinaria de Paulínea Replan, SP",heliponto,heliponto,SIPT,22º46'07''S,047º08'15''W,-22.76861111111111,-47.1375,1955,21,W,1,1,0,INFERIDA_DESCRICAO,28
SIPX,"CAMPINAS / HELPN Gramado, SP",heliponto,heliponto,SIPX,22º54'27''S,047º00'13''W,-22.9075,-47.00361111111111,2395,21,W,1,1,0,INFERIDA_DESCRICAO,28
SIPY,"PORTEL / Ambrósio, PA",aeroporto,aeroporto,SIPY,01º58'53''S,050º48'41''W,-1.981388888888889,-50.811388888888885,96,20,W,1,1,0,INFERIDA_DESCRICAO,29
SIPZ,"DIADEMA / HELPN Papaiz, SP",heliponto,heliponto,SIPZ,23º40'35''S,046º37'01''W,-23.67638888888889,-46.61694444444444,2684,21,W,1,1,0,INFERIDA_DESCRICAO,29
SIQB,"PORTEL / Monte Verde, PA",aeroporto,aeroporto,SIQB,03º16'27''S,050º19'17''W,-3.2741666666666664,-50.32138888888889,249,20,W,1,1,0,INFERIDA_DESCRICAO,29
SIQC,"COSTA RICA / Faz. Paraiso, MS",aeroporto,aeroporto,SIQC,19º09'26''S,052º59'45''W,-19.15722222222222,-52.99583333333334,1592,19,W,1,1,0,INFERIDA_DESCRICAO,29
SIQD,"TERENOS / Faz. Estância Regina, MS",aeroporto,aeroporto,SIQD,20º38'27''S,054º47'26''W,-20.640833333333333,-54.79055555555556,1969,17,W,1,1,0,INFERIDA_DESCRICAO,29
SIQE,"BRASÍLIA / Botelho, DF",aeroporto,aeroporto,SIQE,15º56'30''S,047º43'13''W,-15.941666666666666,-47.72027777777778,3399,21,W,1,1,0,INFERIDA_DESCRICAO,29
SIQF,"GOVERNADOR CELSO RAMOS / HELPN Recanto das Marés, SC",heliponto,heliponto,SIQF,27º23'09''S,048º31'49''W,-27.385833333333334,-48.530277777777776,181,19,W,1,1,0,INFERIDA_DESCRICAO,29
SIQG,"NOVA CANAÃ DO NORTE / Faz. Morro Alto, MT",aeroporto,aeroporto,SIQG,10º30'22''S,055º42'38''W,-10.50611111111111,-55.71055555555556,958,18,W,1,1,0,INFERIDA_DESCRICAO,29
SIQH,"SÃO PAULO / HELPN Universidade Mogi das Cruzes, SP",heliponto,heliponto,SIQH,23º31'39''S,046º44'04''W,-23.5275,-46.73444444444444,2419,21,W,1,1,0,INFERIDA_DESCRICAO,29
SIQI,"PALMARES DO SUL / Aerolis, RS",aeroporto,aeroporto,SIQI,30º32'32''S,050º28'15''W,-30.542222222222225,-50.47083333333334,20,17,W,1,1,0,INFERIDA_DESCRICAO,29
SIQJ,"CHAPADA DOS GUIMARÃES / Morro do Chapéu II, MT",aeroporto,aeroporto,SIQJ,14º57'28''S,055º48'04''W,-14.957777777777777,-55.801111111111105,989,17,W,1,1,0,INFERIDA_DESCRICAO,29
SIQK,"NOVA ODESSA / Rodrigues, SP",aeroporto,aeroporto,SIQK,22º46'31''S,047º20'51''W,-22.775277777777777,-47.347500000000004,1910,21,W,1,1,0,INFERIDA_DESCRICAO,29
SIQL,"JARAGUÁ DO SUL / HELPN Duas Rodas, SC",heliponto,heliponto,SIQL,26º29'00''S,049º03'51''W,-26.483333333333334,-49.064166666666665,79,19,W,1,1,0,INFERIDA_DESCRICAO,29
SIQM,"PORTEIRÃO / Faz. Bom Jardim, GO",aeroporto,aeroporto,SIQM,17º54'01''S,050º07'25''W,-17.900277777777777,-50.12361111111111,1693,20,W,1,1,0,INFERIDA_DESCRICAO,29
SIQN,"SÃO JOSÉ DO XINGU / Faz. Flor da Mata, MT",aeroporto,aeroporto,SIQN,10º43'00''S,052º48'07''W,-10.716666666666667,-52.801944444444445,1264,19,W,1,1,0,INFERIDA_DESCRICAO,29
SIQP,"MOGI DAS CRUZES / HELPN Chimical, SP",heliponto,heliponto,SIQP,23º34'58''S,046º10'08''W,-23.58277777777778,-46.16888888888889,2576,21,W,1,1,0,INFERIDA_DESCRICAO,29
SIQQ,"BOM JESUS / Aero Resende, GO",aeroporto,aeroporto,SIQQ,18º08'01''S,049º47'46''W,-18.13361111111111,-49.79611111111111,6825,20,W,1,1,0,INFERIDA_DESCRICAO,29
SIQR,"BONÓPOLIS / Faz. Triângulo, GO",aeroporto,aeroporto,SIQR,13º34'55''S,049º49'14''W,-13.581944444444444,-49.82055555555556,804,21,W,1,1,0,INFERIDA_DESCRICAO,29
SIQS,"PORTO ESTRELA / Faz. Terra do Sol, MT",aeroporto,aeroporto,SIQS,15º22'35''S,057º07'47''W,-15.37638888888889,-57.12972222222222,722,16,W,1,1,0,INFERIDA_DESCRICAO,29
SIQT,"RIO DE JANEIRO / HELPN Minerva, RJ",heliponto,heliponto,SIQT,22º51'58''S,043º12'51''W,-22.866111111111113,-43.21416666666667,8,23,W,1,1,0,INFERIDA_DESCRICAO,29
SIQU,"APARECIDA DO TABOADO / Alcoolvare, MS",aeroporto,aeroporto,SIQU,20º05'11''S,051º18'32''W,-20.086388888888887,-51.30888888888889,1280,19,W,1,1,0,INFERIDA_DESCRICAO,29
SIQV,"SAPEZAL / Faz. Sol Aberto, MT",aeroporto,aeroporto,SIQV,12º53'42''S,058º34'48''W,-12.895,-58.580000000000005,1687,16,W,1,1,0,INFERIDA_DESCRICAO,29
SIQW,"PORTO ESPERIDIÃO / Faz. Santa Maria do Jauru, MT",aeroporto,aeroporto,SIQW,15º48'59''S,058º33'11''W,-15.81638888888889,-58.55305555555555,755,15,W,1,1,0,INFERIDA_DESCRICAO,29
SIQX,"PORTO ESTRELA / Faz. Barranquinho, MT",aeroporto,aeroporto,SIQX,15º38'12''S,057º28'05''W,-15.636666666666667,-57.46805555555556,558,16,W,1,1,0,INFERIDA_DESCRICAO,29
SIQY,"SORRISO / Faz. Amizade, MT",aeroporto,aeroporto,SIQY,12º37'41''S,055º56'42''W,-12.628055555555555,-55.94499999999999,1264,18,W,1,1,0,INFERIDA_DESCRICAO,29
SIQZ,"BURITIS / Faz Carolina, MG",aeroporto,aeroporto,SIQZ,15º38'57''S,046º26'35''W,-15.649166666666666,-46.44305555555555,1871,22,W,1,1,0,INFERIDA_DESCRICAO,29
SIRA,"SORRISO / Faz. Magiana, MT",aeroporto,aeroporto,SIRA,12º23'19''S,055º14'34''W,-12.38861111111111,-55.24277777777778,1575,18,W,1,1,0,INFERIDA_DESCRICAO,29
SIRB,"RIO BRILHANTE / Faz. Mimoso, MS",aeroporto,aeroporto,SIRB,21º46'16''S,054º22'54''W,-21.77111111111111,-54.38166666666667,1476,17,W,1,1,0,INFERIDA_DESCRICAO,29
SIRC,"PEIXOTO DE AZEVEDO / Faz. Jarinã, MT",aeroporto,aeroporto,SIRC,10º19'31''S,053º35'07''W,-10.325277777777778,-53.58527777777778,1083,19,W,1,1,0,INFERIDA_DESCRICAO,29
SIRE,"SÃO DOMINGOS / Faz. Rancho Estrela IV, GO",aeroporto,aeroporto,SIRE,13º39'07''S,046º32'29''W,-13.651944444444444,-46.54138888888889,2549,22,W,1,1,0,INFERIDA_DESCRICAO,29
SIRF,"RIO FORMOSO / José Múcio Monteiro, PE",aeroporto,aeroporto,SIRF,08º37'52''S,035º16'18''W,-8.631111111111112,-35.27166666666667,479,22,W,1,1,0,INFERIDA_DESCRICAO,29
SIRH,"COXIM / Faz. Morada da Lua, MS",aeroporto,aeroporto,SIRH,18º16'02''S,054º18'49''W,-18.26722222222222,-54.31361111111111,1451,18,W,1,1,0,INFERIDA_DESCRICAO,29
SIRI,"MARAÚ / Barra Grande, BA",aeroporto,aeroporto,SIRI,13º54'13''S,038º56'09''W,-13.903611111111111,-38.93583333333333,23,24,W,1,1,0,INFERIDA_DESCRICAO,29
SIRJ,"ITAITUBA / CAIMA, PA",aeroporto,aeroporto,SIRJ,04º18'14''S,056º13'09''W,-4.303888888888888,-56.219166666666666,115,18,W,1,1,0,INFERIDA_DESCRICAO,29
SIRL,"CONCEIÇÃO DAS ALAGOAS / HELPN Virginia Lyra, MG",heliponto,heliponto,SIRL,19º58'55''S,048º15'53''W,-19.981944444444444,-48.264722222222225,1936,21,W,1,1,0,INFERIDA_DESCRICAO,29
SIRN,"NOVA XAVANTINA / Faz. Jaó, MT",aeroporto,aeroporto,SIRN,14º45'30''S,051º59'23''W,-14.758333333333333,-51.98972222222222,854,20,W,1,1,0,INFERIDA_DESCRICAO,29
SIRP,"RECIFE / HELPN Frei Caneca, PE",heliponto,heliponto,SIRP,08º03'27''S,034º52'17''W,-8.057500000000001,-34.87138888888889,270,22,W,1,1,0,INFERIDA_DESCRICAO,29
SIRQ,"CHUPINGUAIA / Faz. Maranata, RO",aeroporto,aeroporto,SIRQ,12º46'26''S,060º52'10''W,-12.773888888888889,-60.86944444444445,1000,14,W,1,1,0,INFERIDA_DESCRICAO,29
SIRR,"PARANAÍTA / Lagoa dos Coqueiros, MT",aeroporto,aeroporto,SIRR,09º14'08''S,056º59'16''W,-9.235555555555555,-56.98777777777778,1280,17,W,1,1,0,INFERIDA_DESCRICAO,29
SIRS,"CAMPO FLORIDO / Faz. São Sebastião, MG",aeroporto,aeroporto,SIRS,19º38'33''S,048º47'22''W,-19.6425,-48.78944444444444,2461,21,W,1,1,0,INFERIDA_DESCRICAO,29
SIRT,"SÃO JOSÉ DO RIO CLARO / Marca de Casco, MT",aeroporto,aeroporto,SIRT,13º43'39''S,057º01'18''W,-13.727500000000001,-57.02166666666667,1060,17,W,1,1,0,INFERIDA_DESCRICAO,29
SIRU,"PEDRA PRETA / Faz. Bahia, MT",aeroporto,aeroporto,SIRU,16º55'17''S,054º04'27''W,-16.92138888888889,-54.07416666666667,6234,18,W,1,1,0,INFERIDA_DESCRICAO,29
SIRV,"PORTO ESPERIDIÃO / Faz. Morro Branco, MT",aeroporto,aeroporto,SIRV,16º07'05''S,058º45'57''W,-16.118055555555557,-58.76583333333333,400,15,W,1,1,0,INFERIDA_DESCRICAO,29
SIRX,"ANGRA DOS REIS / HELPN Vila Velha, RJ",heliponto,heliponto,SIRX,23º01'28''S,044º20'34''W,-23.024444444444445,-44.34277777777778,79,22,W,1,1,0,INFERIDA_DESCRICAO,29
SIRY,"SÃO PAULO / HELPN Hiper - Bergamini, SP",heliponto,heliponto,SIRY,23º27'55''S,046º34'56''W,-23.46527777777778,-46.58222222222223,2481,21,W,1,1,0,INFERIDA_DESCRICAO,29
SIRZ,"SÃO PAULO / HELPN Condomínio Faria Lima Pinheiros, SP",heliponto,heliponto,SIRZ,23º34'09''S,046º41'28''W,-23.569166666666668,-46.691111111111105,2714,21,W,1,1,0,INFERIDA_DESCRICAO,29
SISA,"SÃO CARLOS / HELPN Transpel, SP",heliponto,heliponto,SISA,22º00'09''S,047º52'08''W,-22.0025,-47.86888888888889,2890,21,W,1,1,0,INFERIDA_DESCRICAO,29
SISB,"SÃO FÉLIX DO ARAGUAIA / Faz. Eldorada - Agropecuária Peleana S/A, MT",aeroporto,aeroporto,SISB,12º09'15''S,051º41'13''W,-12.154166666666667,-51.68694444444444,1108,20,W,1,1,0,INFERIDA_DESCRICAO,29
SISC,"DELTA / HELPN Senador Carlos Lyra, MG",heliponto,heliponto,SISC,19º57'25''S,047º46'07''W,-19.956944444444442,-47.76861111111111,1968,21,W,1,1,0,INFERIDA_DESCRICAO,29
SISD,"APARECIDA DO RIO DOCE / Faz. São Sebastião, GO",aeroporto,aeroporto,SISD,18º08'53''S,051º16'18''W,-18.148055555555555,-51.27166666666667,1982,20,W,1,1,0,INFERIDA_DESCRICAO,29
SISE,"SÃO FÉLIX DO ARAGUAIA / Faz. Kanaxuê, MT",aeroporto,aeroporto,SISE,12º00'57''S,050º52'00''W,-12.015833333333333,-50.86666666666667,650,20,W,1,1,0,INFERIDA_DESCRICAO,29
SISF,"BONITO / Faz. Santa Feliciana , MS",aeroporto,aeroporto,SISF,20º56'28''S,056º40'24''W,-20.941111111111113,-56.67333333333333,2198,16,W,1,1,0,INFERIDA_DESCRICAO,29
SISH,"FORTALEZA / HELPN Vega, CE",heliponto,heliponto,SISH,03º43'12''S,038º32'32''W,-3.72,-38.54222222222222,33,21,W,1,1,0,INFERIDA_DESCRICAO,29
SISI,"ACREÚNA / Faz. Sete Ilhas, GO",aeroporto,aeroporto,SISI,17º38'03''S,050º28'14''W,-17.634166666666665,-50.470555555555556,1720,20,W,1,1,0,INFERIDA_DESCRICAO,29
SISJ,"CORUMBÁ / Faz. São José do Piquiri, MS",aeroporto,aeroporto,SISJ,17º27'15''S,055º33'33''W,-17.454166666666666,-55.55916666666666,427,17,W,1,1,0,INFERIDA_DESCRICAO,29
SISK,"SENADOR JOSÉ PORFÍRIO / Cedrolândia, PA",aeroporto,aeroporto,SISK,02º32'20''S,051º56'48''W,-2.5388888888888888,-51.946666666666665,115,19,W,1,1,0,INFERIDA_DESCRICAO,30
SISL,"BARÃO DE MELGAÇO / Faz. Santa Lucia, MT",aeroporto,aeroporto,SISL,16º53'39''S,055º54'26''W,-16.894166666666667,-55.907222222222224,509,17,W,1,1,0,INFERIDA_DESCRICAO,30
SISN,"SONORA / Faz. Nossa Senhora Aparecida, MS",aeroporto,aeroporto,SISN,17º32'42''S,053º53'38''W,-17.545,-53.89388888888889,2001,18,W,1,1,0,INFERIDA_DESCRICAO,30
SISO,"CHAVES / Faz. Santo Ambrósio, PA",aeroporto,aeroporto,SISO,00º05'30''S,049º34'50''W,-0.09166666666666666,-49.580555555555556,20,20,W,1,1,0,INFERIDA_DESCRICAO,30
SISP,"IPIGUÁ / Santa Paula, SP",aeroporto,aeroporto,SISP,20º42'14''S,049º23'29''W,-20.703888888888887,-49.39138888888889,1860,20,W,1,1,0,INFERIDA_DESCRICAO,30
SISQ,"JOINVILLE / HELPN Tino, SC",heliponto,heliponto,SISQ,26º18'23''S,048º56'00''W,-26.30638888888889,-48.93333333333333,53,19,W,1,1,0,INFERIDA_DESCRICAO,30
SISR,"SÃO PAULO / HELPN Brigadeiro, SP",heliponto,heliponto,SISR,23º35'02''S,046º40'10''W,-23.583888888888886,-46.669444444444444,2523,21,W,1,1,0,INFERIDA_DESCRICAO,30
SISU,"SANTA RITA DO PARDO / Faz. Pontal do Lagoa, MS",aeroporto,aeroporto,SISU,20º52'12''S,053º09'18''W,-20.87,-53.155,1264,18,W,1,1,0,INFERIDA_DESCRICAO,30
SISX,"AQUIDAUANA / Santa Terezinha, MS",aeroporto,aeroporto,SISX,19º22'38''S,056º03'22''W,-19.377222222222223,-56.05611111111111,361,17,W,1,1,0,INFERIDA_DESCRICAO,30
SISY,"PIRAQUARA / Piraquara, PR",aeroporto,aeroporto,SISY,25º27'05''S,049º08'38''W,-25.45138888888889,-49.14388888888889,3212,19,W,1,1,0,INFERIDA_DESCRICAO,30
SISZ,"ITAITUBA / Santa Felicidade, PA",aeroporto,aeroporto,SISZ,05º34'33''S,056º38'23''W,-5.575833333333333,-56.63972222222222,821,17,W,1,1,0,INFERIDA_DESCRICAO,30
SITA,"ITAITUBA / Nossa Senhora da Conceição, PA",aeroporto,aeroporto,SITA,07º13'13''S,056º09'59''W,-7.220277777777778,-56.16638888888889,958,18,W,1,1,0,INFERIDA_DESCRICAO,30
SITB,"NAVIRAÍ / Faz. Touro Branco, MS",aeroporto,aeroporto,SITB,23º00'51''S,053º47'15''W,-23.014166666666668,-53.7875,951,17,W,1,1,0,INFERIDA_DESCRICAO,30
SITC,"TABAPORÃ / Carmine Castaldo, MT",aeroporto,aeroporto,SITC,11º18'08''S,056º50'12''W,-11.302222222222223,-56.836666666666666,1889,17,W,1,1,0,INFERIDA_DESCRICAO,30
SITE,"SÃO PAULO / HELPN Telefônica, SP",heliponto,heliponto,SITE,23º33'32''S,046º38'31''W,-23.55888888888889,-46.64194444444444,2976,21,W,1,1,0,INFERIDA_DESCRICAO,30
SITF,"PACARAIMA / Faz. Depósito, RR",aeroporto,aeroporto,SITF,04º06'30''N,060º44'00''W,4.108333333333333,-60.733333333333334,365,15,W,1,1,0,INFERIDA_DESCRICAO,30
SITH,"TURVELÂNDIA / Faz. Itaipu, GO",aeroporto,aeroporto,SITH,17º40'25''S,050º23'17''W,-17.67361111111111,-50.38805555555555,1644,20,W,1,1,0,INFERIDA_DESCRICAO,30
SITI,"PORTO DE MOZ / Madenorte, PA",aeroporto,aeroporto,SITI,02º19'08''S,052º54'52''W,-2.3188888888888886,-52.91444444444444,132,19,W,1,1,0,INFERIDA_DESCRICAO,30
SITJ,"BALSAS / Faz. São Gabriel, MA",aeroporto,aeroporto,SITJ,07º29'26''S,046º08'40''W,-7.490555555555556,-46.144444444444446,998,21,W,1,1,0,INFERIDA_DESCRICAO,30
SITK,"GUARULHOS / HELPN Jomarca, SP",heliponto,heliponto,SITK,23º29'16''S,046º26'18''W,-23.48777777777778,-46.43833333333333,2592,21,W,1,1,0,INFERIDA_DESCRICAO,30
SITL,"TAMBORIL / Faz. Flores, CE",aeroporto,aeroporto,SITL,05º02'57''S,040º14'03''W,-5.049166666666666,-40.23416666666667,1148,22,W,1,1,0,INFERIDA_DESCRICAO,30
SITM,"SÃO PAULO / HELPN Trama, SP",heliponto,heliponto,SITM,23º39'02''S,046º43'35''W,-23.650555555555552,-46.72638888888889,2474,21,W,1,1,0,INFERIDA_DESCRICAO,30
SITN,"CORUMBÁ / Faz. Santo Antônio Diamandoré, MS",aeroporto,aeroporto,SITN,18º14'35''S,057º33'22''W,-18.243055555555557,-57.55611111111111,493,16,W,1,1,0,INFERIDA_DESCRICAO,30
SITO,"ITAITUBA / Muriçoca, PA",aeroporto,aeroporto,SITO,07º09'15''S,056º38'10''W,-7.154166666666667,-56.63611111111111,361,17,W,1,1,0,INFERIDA_DESCRICAO,30
SITP,"IBIÚNA / HELPN Sitio Santa Izabel, SP",heliponto,heliponto,SITP,23º36'08''S,047º16'24''W,-23.602222222222224,-47.27333333333333,2737,21,W,1,1,0,INFERIDA_DESCRICAO,30
SITQ,"SÃO PAULO / HELPN Telesp Celular, SP",heliponto,heliponto,SITQ,23º37'12''S,046º41'55''W,-23.62,-46.698611111111106,2478,21,W,1,1,0,INFERIDA_DESCRICAO,30
SITT,"BALSAS / Faz. Guaíra, MA",aeroporto,aeroporto,SITT,07º05'27''S,045º57'15''W,-7.090833333333333,-45.95416666666667,1900,21,W,1,1,0,INFERIDA_DESCRICAO,30
SITU,"TURVELÂNDIA / Faz. Santa Genoveva, GO",aeroporto,aeroporto,SITU,17º56'24''S,050º20'32''W,-17.94,-50.342222222222226,1526,20,W,1,1,0,INFERIDA_DESCRICAO,30
SITV,"SANTA RITA DO TRIVELATO / Faz. Chapadão, MT",aeroporto,aeroporto,SITV,13º24'39''S,055º40'26''W,-13.410833333333334,-55.67388888888889,1450,18,W,1,1,0,INFERIDA_DESCRICAO,30
SITX,"AQUIDAUANA / Faz. Chapéu de Pano, MS",aeroporto,aeroporto,SITX,19º46'28''S,055º31'18''W,-19.774444444444445,-55.52166666666667,519,17,W,1,1,0,INFERIDA_DESCRICAO,30
SITY,"AQUIDAUANA / Faz. São Geraldo, MS",aeroporto,aeroporto,SITY,19º24'14''S,055º51'46''W,-19.403888888888886,-55.86277777777778,486,17,W,1,1,0,INFERIDA_DESCRICAO,30
SITZ,"MONTE AZUL / Faz. MRV, MG",aeroporto,aeroporto,SITZ,14º55'04''S,043º21'35''W,-14.917777777777777,-43.359722222222224,1713,23,W,1,1,0,INFERIDA_DESCRICAO,30
SIUA,"SANTA RITA DO PARDO / Faz. Barra do Lagoa, MS",aeroporto,aeroporto,SIUA,20º52'22''S,053º12'39''W,-20.872777777777777,-53.21083333333333,1083,18,W,1,1,0,INFERIDA_DESCRICAO,30
SIUB,"SORRISO / Aerojaco, MT",aeroporto,aeroporto,SIUB,13º30'18''S,055º09'03''W,-13.505,-55.15083333333333,1510,18,W,1,1,0,INFERIDA_DESCRICAO,30
SIUC,"ITAITUBA / Selva de Pedra, PA",aeroporto,aeroporto,SIUC,07º13'35''S,056º40'15''W,-7.226388888888889,-56.670833333333334,391,17,W,1,1,0,INFERIDA_DESCRICAO,30
SIUD,"SÃO PAULO / HELPN Montes Horere, SP",heliponto,heliponto,SIUD,23º32'17''S,046º36'32''W,-23.53805555555556,-46.60888888888889,2507,21,W,1,1,0,INFERIDA_DESCRICAO,30
SIUE,"ÁGUAS DE SÃO PEDRO / HELPN Grande Hotel São Pedro, SP",heliponto,heliponto,SIUE,22º35'56''S,047º52'51''W,-22.598888888888887,-47.880833333333335,1611,21,W,1,1,0,INFERIDA_DESCRICAO,30
SIUF,"PEIXOTO DE AZEVEDO / Faz. São Francisco, MT",aeroporto,aeroporto,SIUF,10º09'25''S,053º42'06''W,-10.156944444444445,-53.70166666666667,1231,19,W,1,1,0,INFERIDA_DESCRICAO,30
SIUG,"SANDOVALINA / Faz. Santa Irene, SP",aeroporto,aeroporto,SIUG,22º29'42''S,051º54'34''W,-22.495,-51.909444444444446,1116,19,W,1,1,0,INFERIDA_DESCRICAO,30
SIUH,"ITAÚBA / Faz. Santa Ana, MT",aeroporto,aeroporto,SIUH,11º08'23''S,055º52'47''W,-11.139722222222222,-55.87972222222222,1038,18,W,1,1,0,INFERIDA_DESCRICAO,30
SIUJ,"ITAITUBA / Pista Santa Tereza, PA",aeroporto,aeroporto,SIUJ,05º11'09''S,057º35'04''W,-5.185833333333334,-57.58444444444444,401,17,W,1,1,0,INFERIDA_DESCRICAO,30
SIUK,"JACAREACANGA / Serra Verde, PA",aeroporto,aeroporto,SIUK,06º55'30''S,056º59'29''W,-6.925000000000001,-56.99138888888889,840,17,W,1,1,0,INFERIDA_DESCRICAO,30
SIUL,"SÃO RAIMUNDO DAS MANGABEIRAS / Agroserra, MA",aeroporto,aeroporto,SIUL,06º46'32''S,045º53'30''W,-6.775555555555555,-45.891666666666666,1926,21,W,1,1,0,INFERIDA_DESCRICAO,30
SIUM,"BALSAS / Faz. Planeste, MA",aeroporto,aeroporto,SIUM,08º33'22''S,046º51'00''W,-8.556111111111111,-46.85,1874,21,W,1,1,0,INFERIDA_DESCRICAO,30
SIUN,"SÃO BERNARDO DO CAMPO / HELPN Uniban II, SP",heliponto,heliponto,SIUN,23º38'42''S,046º34'48''W,-23.645,-46.580000000000005,2684,21,W,1,1,0,INFERIDA_DESCRICAO,30
SIUO,"SÃO JOSÉ DO XINGU / Faz. Santa Adélia, MT",aeroporto,aeroporto,SIUO,10º43'19''S,052º17'09''W,-10.721944444444444,-52.28583333333333,1034,20,W,1,1,0,INFERIDA_DESCRICAO,30
SIUQ,"CAMPO GRANDE / Faz. Primavera, MS",aeroporto,aeroporto,SIUQ,20º58'39''S,054º20'03''W,-20.9775,-54.33416666666667,1660,17,W,1,1,0,INFERIDA_DESCRICAO,30
SIUR,"CAMAPUÃ / Faz. Ribeirão, MS",aeroporto,aeroporto,SIUR,19º36'27''S,053º29'59''W,-19.6075,-53.499722222222225,1549,18,W,1,1,0,INFERIDA_DESCRICAO,30
SIUS,"JATEÍ / Faz. Dona Rosa S. Rezek, MS",aeroporto,aeroporto,SIUS,22º42'53''S,054º02'41''W,-22.71472222222222,-54.04472222222222,1241,17,W,1,1,0,INFERIDA_DESCRICAO,30
SIUT,"PRADO / São Paulo do Piaui, BA",aeroporto,aeroporto,SIUT,17º00'46''S,039º10'47''W,-17.012777777777778,-39.17972222222222,82,24,W,1,1,0,INFERIDA_DESCRICAO,30
SIUW,"TRÊS LAGOAS / Candote, MS",aeroporto,aeroporto,SIUW,20º50'42''S,052º17'54''W,-20.845,-52.29833333333333,1093,19,W,1,1,0,INFERIDA_DESCRICAO,30
SIUX,"ITAITUBA / Pista Comunidade São Domingos, PA",aeroporto,aeroporto,SIUX,06º25'20''S,056º03'02''W,-6.4222222222222225,-56.050555555555555,985,18,W,1,1,0,INFERIDA_DESCRICAO,30
SIUY,"NOVO PROGRESSO / Santos Dumont, PA",aeroporto,aeroporto,SIUY,07º00'46''S,055º52'30''W,-7.012777777777778,-55.875,870,18,W,1,1,0,INFERIDA_DESCRICAO,30
SIUZ,"NOVO PROGRESSO / Boa Esperança, PA",aeroporto,aeroporto,SIUZ,07º39'41''S,055º57'37''W,-7.661388888888889,-55.96027777777778,788,18,W,1,1,0,INFERIDA_DESCRICAO,30
SIVA,"PLANALTINA / HELPN Cereal Citrus, DF",heliponto,heliponto,SIVA,15º42'25''S,047º22'10''W,-15.706944444444444,-47.36944444444445,3183,22,W,1,1,0,INFERIDA_DESCRICAO,31
SIVB,"BELO HORIZONTE / HELPN Vide Bula, MG",heliponto,heliponto,SIVB,19º59'06''S,043º57'58''W,-19.985,-43.96611111111111,3228,23,W,1,1,0,INFERIDA_DESCRICAO,31
SIVC,"MUTUNÓPOLIS / Faz. Iporanga, GO",aeroporto,aeroporto,SIVC,13º45'32''S,049º28'38''W,-13.758888888888889,-49.477222222222224,1231,21,W,1,1,0,INFERIDA_DESCRICAO,31
SIVE,"ITAPETININGA / Faz. Royal, SP",aeroporto,aeroporto,SIVE,23º30'25''S,048º00'00''W,-23.506944444444443,-48,2447,20,W,1,1,0,INFERIDA_DESCRICAO,31
SIVG,"SINOP / Clube Aerodesportivo Selva, MT",aeroporto,aeroporto,SIVG,11º52'32''S,055º26'40''W,-11.875555555555556,-55.44444444444444,1280,18,W,1,1,0,INFERIDA_DESCRICAO,31
SIVH,"ORLÂNDIA / HELPN Sitio Santa Chiara, SP",heliponto,heliponto,SIVH,20º42'17''S,047º52'51''W,-20.704722222222223,-47.880833333333335,2300,21,W,1,1,0,INFERIDA_DESCRICAO,31
SIVI,"CAMPINAS / HELPN Monte Sinai, SP",heliponto,heliponto,SIVI,22º54'44''S,047º03'49''W,-22.91222222222222,-47.06361111111111,2405,21,W,1,1,0,INFERIDA_DESCRICAO,31
SIVJ,"JABOTICATUBAS / Cirrus Sociedade Aerodesportiva, MG",aeroporto,aeroporto,SIVJ,19º27'10''S,043º53'59''W,-19.452777777777776,-43.89972222222222,2402,23,W,1,1,0,INFERIDA_DESCRICAO,31
SIVK,"MONTE ALEGRE DE GOIÁS / Crispiano, GO",aeroporto,aeroporto,SIVK,13º13'22''S,046º57'11''W,-13.222777777777777,-46.95305555555556,1657,22,W,1,1,0,INFERIDA_DESCRICAO,31
SIVL,"JUNCO DO SERIDO / Sítio Flor de Lys, PB",aeroporto,aeroporto,SIVL,06º56'43''S,036º40'21''W,-6.945277777777778,-36.6725,1641,22,W,1,1,0,INFERIDA_DESCRICAO,31
SIVM,"RIO DE JANEIRO / HELPN Vista Mar, RJ",heliponto,heliponto,SIVM,22º55'58''S,043º20'24''W,-22.93277777777778,-43.34,264,23,W,1,1,0,INFERIDA_DESCRICAO,31
SIVN,"MONTES CLAROS / Faz. Sansara, MG",aeroporto,aeroporto,SIVN,16º36'00''S,043º46'42''W,-16.6,-43.77833333333333,2149,23,W,1,1,0,INFERIDA_DESCRICAO,31
SIVO,"RIBEIRÃO CASCALHEIRA / Faz. Malu, MT",aeroporto,aeroporto,SIVO,12º26'53''S,051º46'27''W,-12.448055555555555,-51.774166666666666,1378,20,W,1,1,0,INFERIDA_DESCRICAO,31
SIVP,"NOVA CRIXÁS / Faz. Bandeirante, GO",aeroporto,aeroporto,SIVP,14º26'47''S,050º32'10''W,-14.446388888888889,-50.53611111111111,899,20,W,1,1,0,INFERIDA_DESCRICAO,31
SIVQ,"DEODÁPOLIS / Faz. Annalu, MS",aeroporto,aeroporto,SIVQ,22º04'56''S,054º12'04''W,-22.08222222222222,-54.20111111111111,1083,17,W,1,1,0,INFERIDA_DESCRICAO,31
SIVR,"ITAITUBA / Faz. São Raimundo, PA",aeroporto,aeroporto,SIVR,07º37'30''S,056º44'24''W,-7.625000000000001,-56.74,909,17,W,1,1,0,INFERIDA_DESCRICAO,31
SIVS,"VARGEM GRANDE PAULISTA / HELPN Vicente Spisso, SP",heliponto,heliponto,SIVS,23º36'40''S,047º00'02''W,-23.611111111111114,-47.00055555555556,3022,21,W,1,1,0,INFERIDA_DESCRICAO,31
SIVT,"BRUMADINHO / HELPN Fazenda Boa Vitória, MG",heliponto,heliponto,SIVT,20º17'01''S,044º06'52''W,-20.283611111111114,-44.114444444444445,2697,23,W,1,1,0,INFERIDA_DESCRICAO,31
SIVU,"VILA VELHA / João Monteiro, ES",aeroporto,aeroporto,SIVU,20º25'22''S,040º20'00''W,-20.422777777777778,-40.333333333333336,17,24,W,1,1,0,INFERIDA_DESCRICAO,31
SIVV,"BARÃO DE MELGAÇO / Faz. Borereo, MT",aeroporto,aeroporto,SIVV,16º55'39''S,056º13'59''W,-16.927500000000002,-56.23305555555556,489,17,W,1,1,0,INFERIDA_DESCRICAO,31
SIVW,"JACUPIRANGA / Banaer de Jacupiranga, SP",aeroporto,aeroporto,SIVW,24º42'55''S,048º01'35''W,-24.71527777777778,-48.02638888888889,89,20,W,1,1,0,INFERIDA_DESCRICAO,31
SIVX,"ALUMÍNIO / HELPN Cia. Brasileira de Alumínio, SP",heliponto,heliponto,SIVX,23º31'00''S,047º16'00''W,-23.516666666666666,-47.266666666666666,2855,21,W,1,1,0,INFERIDA_DESCRICAO,31
SIVY,"TASSO FRAGOSO / Faz. Sapucai, MA",aeroporto,aeroporto,SIVY,08º17'56''S,045º45'48''W,-8.29888888888889,-45.763333333333335,1575,22,W,1,1,0,INFERIDA_DESCRICAO,31
SIVZ,"ITAQUI / Mata-Fome, RS",aeroporto,aeroporto,SIVZ,29º11'27''S,056º32'55''W,-29.190833333333334,-56.54861111111111,220,13,W,1,1,0,INFERIDA_DESCRICAO,31
SIWA,"ARIPUANÃ / Faz. Estrela do Aripuana, MT",aeroporto,aeroporto,SIWA,10º44'56''S,059º22'07''W,-10.748888888888889,-59.368611111111115,1060,16,W,1,1,0,INFERIDA_DESCRICAO,31
SIWB,"AMAMBAÍ / Faz. Sperafico, MS",aeroporto,aeroporto,SIWB,23º11'25''S,055º17'12''W,-23.190277777777776,-55.28666666666666,1965,16,W,1,1,0,INFERIDA_DESCRICAO,31
SIWC,"DIAMANTINO / Faz. Santa Rita, MT",aeroporto,aeroporto,SIWC,14º08'02''S,057º21'58''W,-14.133888888888889,-57.36611111111111,2054,16,W,1,1,0,INFERIDA_DESCRICAO,31
SIWD,"APIACÁS / Faz. Cinco Estrelas, MT",aeroporto,aeroporto,SIWD,08º21'49''S,058º06'18''W,-8.36361111111111,-58.105000000000004,493,16,W,1,1,0,INFERIDA_DESCRICAO,31
SIWE,"MONTE CARLO / Nelson Pizzani, SC",aeroporto,aeroporto,SIWE,27º12'44''S,050º57'22''W,-27.21222222222222,-50.95611111111111,3223,18,W,1,1,0,INFERIDA_DESCRICAO,31
SIWF,"DIAMANTINO / Algodoeira, MT",aeroporto,aeroporto,SIWF,14º11'08''S,057º33'02''W,-14.185555555555556,-57.550555555555555,2035,16,W,1,1,0,INFERIDA_DESCRICAO,31
SIWH,"SANTANA DO ARAGUAIA / Faz. Frigorífico Atlas, PA",aeroporto,aeroporto,SIWH,09º24'45''S,050º25'32''W,-9.4125,-50.425555555555555,2533,20,W,1,1,0,INFERIDA_DESCRICAO,31
SIWI,"DIAMANTINO / Guapirama, MT",aeroporto,aeroporto,SIWI,13º56'03''S,057º14'34''W,-13.934166666666666,-57.24277777777778,1700,17,W,1,1,0,INFERIDA_DESCRICAO,31
SIWJ,"CAMPO VERDE / Luiz Eduardo Magalhães, MT",aeroporto,aeroporto,SIWJ,15º31'55''S,055º08'16''W,-15.531944444444445,-55.13777777777778,2533,18,W,1,1,0,INFERIDA_DESCRICAO,31
SIWK,"SANTA RITA DO TRIVELATO / Faz. Santa Fé, MT",aeroporto,aeroporto,SIWK,14º03'05''S,055º23'01''W,-14.051388888888889,-55.38361111111111,1575,18,W,1,1,0,INFERIDA_DESCRICAO,31
SIWL,"DIAMANTINO / Faz. Espigão, MT",aeroporto,aeroporto,SIWL,14º07'30''S,056º56'10''W,-14.125,-56.93611111111111,1690,17,W,1,1,0,INFERIDA_DESCRICAO,31
SIWM,"GOIATUBA / Faz. Bandeirantes, GO",aeroporto,aeroporto,SIWM,17º59'29''S,049º32'07''W,-17.99138888888889,-49.53527777777778,1969,21,W,1,1,0,INFERIDA_DESCRICAO,31
SIWN,"JOVIANIA / Faz. Vargem das Flores, GO",aeroporto,aeroporto,SIWN,17º50'34''S,049º34'55''W,-17.842777777777776,-49.581944444444446,1477,21,W,1,1,0,INFERIDA_DESCRICAO,31
SIWP,"LAGUNA CARAPÃ / Faz. Água Doce, MS",aeroporto,aeroporto,SIWP,22º52'02''S,054º26'27''W,-22.86722222222222,-54.44083333333333,1201,17,W,1,1,0,INFERIDA_DESCRICAO,31
SIWQ,"SANTA RITA DO PARDO / Faz. Mateira, MS",aeroporto,aeroporto,SIWQ,20º57'58''S,053º04'42''W,-20.96611111111111,-53.07833333333333,1234,18,W,1,1,0,INFERIDA_DESCRICAO,31
SIWR,"NOVA CRIXÁS / Faz. Amazonas, GO",aeroporto,aeroporto,SIWR,13º47'59''S,050º29'21''W,-13.799722222222222,-50.48916666666667,985,20,W,1,1,0,INFERIDA_DESCRICAO,31
SIWT,"ITAITUBA / Santa Helena, PA",aeroporto,aeroporto,SIWT,07º50'25''S,056º39'34''W,-7.840277777777778,-56.659444444444446,699,17,W,1,1,0,INFERIDA_DESCRICAO,31
SIWU,"CORUMBÁ / Faz. N. S. da Candelária, MS",aeroporto,aeroporto,SIWU,18º31'07''S,057º35'54''W,-18.51861111111111,-57.598333333333336,365,16,W,1,1,0,INFERIDA_DESCRICAO,31
SIWV,"ITAITUBA / Boa Vista, PA",aeroporto,aeroporto,SIWV,07º51'22''S,056º42'52''W,-7.856111111111111,-56.714444444444446,699,17,W,1,1,0,INFERIDA_DESCRICAO,31
SIWW,"SÃO PAULO / HELPN FUNCHAL, SP",heliponto,heliponto,SIWW,23º35'39''S,046º41'30''W,-23.594166666666666,-46.69166666666666,2586,21,W,1,1,0,INFERIDA_DESCRICAO,31
SIWX,"COTIA / HELPN Blausiegel, SP",heliponto,heliponto,SIWX,23º35'53''S,046º53'52''W,-23.598055555555554,-46.897777777777776,2658,21,W,1,1,0,INFERIDA_DESCRICAO,31
SIWY,"CORUMBÁ / Faz. Campo Augusta, MS",aeroporto,aeroporto,SIWY,17º30'35''S,055º46'08''W,-17.509722222222223,-55.76888888888889,483,17,W,1,1,0,INFERIDA_DESCRICAO,31
SIWZ,"AQUIDAUANA / Faz. Fazendinha, MS",aeroporto,aeroporto,SIWZ,19º29'08''S,056º29'12''W,-19.485555555555557,-56.486666666666665,312,16,W,1,1,0,INFERIDA_DESCRICAO,31
SIXA,"SUZANÓPOLIS / Faz. União Suzanópolis, SP",aeroporto,aeroporto,SIXA,20º31'54''S,051º05'30''W,-20.531666666666666,-51.09166666666667,1398,19,W,1,1,0,INFERIDA_DESCRICAO,31
SIXB,"CORUMBÁ / Faz. Ilha Verde, MS",aeroporto,aeroporto,SIXB,18º30'20''S,057º24'08''W,-18.505555555555556,-57.40222222222222,312,16,W,1,1,0,INFERIDA_DESCRICAO,31
SIXC,"SÃO PAULO / HELPN EMBRASE, SP",heliponto,heliponto,SIXC,23º31'32''S,046º41'58''W,-23.525555555555556,-46.69944444444444,2621,21,W,1,1,0,INFERIDA_DESCRICAO,31
SIXD,"SANTANA DO LIVRAMENTO / FAZ. da Paz, RS",aeroporto,aeroporto,SIXD,30º50'22''S,055º34'02''W,-30.839444444444442,-55.56722222222223,913,13,W,1,1,0,INFERIDA_DESCRICAO,31
SIXE,"ELDORADO DO SUL / Aeroclube de Eldorado do Sul, RS",aeroporto,aeroporto,SIXE,30º03'01''S,051º26'37''W,-30.05027777777778,-51.44361111111111,33,16,W,1,1,0,INFERIDA_DESCRICAO,31
SIXF,"CAMPO ALEGRE DE GOIÁS / Faz. Soledade, GO",aeroporto,aeroporto,SIXF,17º23'00''S,047º32'08''W,-17.383333333333333,-47.535555555555554,2717,21,W,1,1,0,INFERIDA_DESCRICAO,31
SIXG,"CATALÃO / Faz. Pouso Alegre, GO",aeroporto,aeroporto,SIXG,18º01'40''S,047º27'35''W,-18.02777777777778,-47.459722222222226,2812,21,W,1,1,0,INFERIDA_DESCRICAO,31
SIXH,"JOINVILLE / HELPN Hospital Unimed, SC",heliponto,heliponto,SIXH,26º16'59''S,048º50'43''W,-26.283055555555556,-48.84527777777778,17,19,W,1,1,0,INFERIDA_DESCRICAO,31
SIXI,"ITORORÓ / Faz. Antônio Andrade, BA",aeroporto,aeroporto,SIXI,15º10'49''S,040º05'34''W,-15.180277777777777,-40.09277777777778,827,24,W,1,1,0,INFERIDA_DESCRICAO,32
SIXL,"CANARANA / Faz. Costa Norte I, MT",aeroporto,aeroporto,SIXL,13º18'38''S,052º53'32''W,-13.310555555555556,-52.89222222222222,1152,19,W,1,1,0,INFERIDA_DESCRICAO,32
SIXM,"ITAITUBA / Comunidade São Leopoldo do Tapajós, PA",aeroporto,aeroporto,SIXM,04º58'20''S,056º55'15''W,-4.972222222222222,-56.920833333333334,492,17,W,1,1,0,INFERIDA_DESCRICAO,32
SIXN,"CAMPINAS / HELPN Soufer, SP",heliponto,heliponto,SIXN,22º58'34''S,047º06'04''W,-22.97611111111111,-47.10111111111111,2155,21,W,1,1,0,INFERIDA_DESCRICAO,32
SIXO,"COMODORO / Faz. N. S. de Fátima, MT",aeroporto,aeroporto,SIXO,13º59'00''S,059º39'06''W,-13.983333333333333,-59.651666666666664,1070,15,W,1,1,0,INFERIDA_DESCRICAO,32
SIXP,"DIAMANTINO / Faz. Paiaguas, MT",aeroporto,aeroporto,SIXP,14º04'21''S,057º27'15''W,-14.0725,-57.45416666666667,2038,16,W,1,1,0,INFERIDA_DESCRICAO,32
SIXQ,"PARANHOS / Faz. São João, MS",aeroporto,aeroporto,SIXQ,23º50'50''S,055º26'09''W,-23.84722222222222,-55.43583333333333,1500,16,W,1,1,0,INFERIDA_DESCRICAO,32
SIXR,"SOROCABA / HELPN FAZ. Santa Maria, SP",heliponto,heliponto,SIXR,23º33'00''S,047º22'00''W,-23.55,-47.36666666666667,2599,21,W,1,1,0,INFERIDA_DESCRICAO,32
SIXT,"ILHA BELA / HELPN Girassol, SP",heliponto,heliponto,SIXT,23º52'44''S,045º26'50''W,-23.878888888888888,-45.447222222222216,14,22,W,1,1,0,INFERIDA_DESCRICAO,32
SIXU,"SÃO PAULO / HELPN Condomínio New Place of Business, SP",heliponto,heliponto,SIXU,23º36'01''S,046º33'17''W,-23.60027777777778,-46.55472222222222,2804,21,W,1,1,0,INFERIDA_DESCRICAO,32
SIXV,"ALCINÓPOLIS / Faz. Rancho do Planalto, MS",aeroporto,aeroporto,SIXV,18º08'22''S,053º21'53''W,-18.139444444444443,-53.36472222222223,2789,18,W,1,1,0,INFERIDA_DESCRICAO,32
SIXW,"CAAPORÁ / Cimento Poty, PB",aeroporto,aeroporto,SIXW,07º31'54''S,034º51'42''W,-7.531666666666666,-34.861666666666665,1,22,W,1,1,0,INFERIDA_DESCRICAO,32
SIXX,"GUARANTÃ DO NORTE / Usinas Braco Norte, MT",aeroporto,aeroporto,SIXX,09º39'30''S,054º57'16''W,-9.658333333333333,-54.95444444444445,1159,18,W,1,1,0,INFERIDA_DESCRICAO,32
SIXY,"EUSÉBIO / HELPN Fábrica Fortaleza, CE",heliponto,heliponto,SIXY,03º54'09''S,038º30'01''W,-3.9025,-38.500277777777775,66,21,W,1,1,0,INFERIDA_DESCRICAO,32
SIXZ,"TAQUARIVAÍ / Faz. Spartacus, SP",aeroporto,aeroporto,SIXZ,24º00'00''S,048º36'30''W,-24,-48.608333333333334,2346,20,W,1,1,0,INFERIDA_DESCRICAO,32
SIYB,"EMBU / HELPN Almenat, SP",heliponto,heliponto,SIYB,23º38'47''S,046º52'57''W,-23.64638888888889,-46.8825,3006,21,W,1,1,0,INFERIDA_DESCRICAO,32
SIYD,"FRANCO DA ROCHA / HELPN Weril, SP",heliponto,heliponto,SIYD,23º20'00''S,046º40'44''W,-23.333333333333332,-46.678888888888885,2576,21,W,1,1,0,INFERIDA_DESCRICAO,32
SIYE,"AQUIDAUANA / Faz. Campo Hélio, MS",aeroporto,aeroporto,SIYE,19º05'47''S,055º34'11''W,-19.09638888888889,-55.569722222222225,411,17,W,1,1,0,INFERIDA_DESCRICAO,32
SIYF,"ITAÍ / Faz. Araras, SP",aeroporto,aeroporto,SIYF,23º18'30''S,049º05'21''W,-23.308333333333334,-49.08916666666667,2166,20,W,1,1,0,INFERIDA_DESCRICAO,32
SIYH,"RIO VERDE DO MATO GROSSO / Faz. Cruzeiro, MS",aeroporto,aeroporto,SIYH,18º58'55''S,055º17'30''W,-18.981944444444444,-55.291666666666664,509,17,W,1,1,0,INFERIDA_DESCRICAO,32
SIYK,"URUTAI / Faz. Sorriso Metálico, GO",aeroporto,aeroporto,SIYK,17º27'24''S,048º12'55''W,-17.456666666666667,-48.21527777777778,2605,21,W,1,1,0,INFERIDA_DESCRICAO,32
SIYM,"RIO DE JANEIRO / HELPN Banco do Brasil - Andaraí, RJ",heliponto,heliponto,SIYM,22º55'13''S,043º15'03''W,-22.92027777777778,-43.25083333333333,99,23,W,1,1,0,INFERIDA_DESCRICAO,32
SIYN,"PRIMAVERA DE RONDÔNIA / Eletro primavera LTDA, RO",aeroporto,aeroporto,SIYN,11º54'03''S,061º13'50''W,-11.900833333333333,-61.230555555555554,749,14,W,1,1,0,INFERIDA_DESCRICAO,32
SIYO,"MONTIVIDIU / Faz. Goiás Barreiro, GO",aeroporto,aeroporto,SIYO,17º15'20''S,051º18'23''W,-17.255555555555556,-51.30638888888888,2848,20,W,1,1,0,INFERIDA_DESCRICAO,32
SIYP,"ALTA FLORESTA / Faz. Shangri-La, MT",aeroporto,aeroporto,SIYP,10º16'57''S,056º28'09''W,-10.2825,-56.469166666666666,1057,17,W,1,1,0,INFERIDA_DESCRICAO,32
SIYQ,CENTRO EMPRESARIAL SENADO,aeroporto,aeroporto,SIYQ,22º54'38''S,043º11'10''W,-22.910555555555554,-43.18611111111111,1310,23,W,1,1,0,INFERIDA_DESCRICAO,32
SIYR,"TAPEJARA / Santa Terezinha, RS",aeroporto,aeroporto,SIYR,28º03'08''S,051º57'39''W,-28.052222222222223,-51.96083333333333,2199,17,W,1,1,0,INFERIDA_DESCRICAO,32
SIYT,"JURUTI / Mamuru, PA",aeroporto,aeroporto,SIYT,03º07'01''S,056º35'10''W,-3.1169444444444445,-56.586111111111116,99,17,W,1,1,0,INFERIDA_DESCRICAO,32
SIYU,"SÃO PAULO / HELPN Edifício Ronaldo Sampaio Ferreira, SP",heliponto,heliponto,SIYU,23º35'58''S,046º40'50''W,-23.599444444444444,-46.68055555555555,2593,21,W,1,1,0,INFERIDA_DESCRICAO,32
SIYV,"RIO DE JANEIRO / HELPN Mário Henrique Simonsen, RJ",heliponto,heliponto,SIYV,22º59'48''S,043º20'47''W,-22.996666666666666,-43.34638888888889,20,23,W,1,1,0,INFERIDA_DESCRICAO,32
SIYX,"ANDRADAS / Faz. Varginha, MG",aeroporto,aeroporto,SIYX,21º57'00''S,046º33'00''W,-21.95,-46.55,4200,21,W,1,1,0,INFERIDA_DESCRICAO,32
SIYY,"POCONÉ / Ilha do Caracará, MT",aeroporto,aeroporto,SIYY,17º27'31''S,056º50'26''W,-17.45861111111111,-56.84055555555556,610,16,W,1,1,0,INFERIDA_DESCRICAO,32
SIYZ,"SÃO PAULO / HELPN Condomínio Edifício Berrini 1681, SP",heliponto,heliponto,SIYZ,23º36'39''S,046º41'38''W,-23.610833333333336,-46.693888888888885,2576,21,W,1,1,0,INFERIDA_DESCRICAO,32
SIZA,"ENTRE RIOS / Parque Manoelito Argolo, BA",aeroporto,aeroporto,SIZA,11º57'37''S,038º00'10''W,-11.960277777777778,-38.00277777777778,558,23,W,1,1,0,INFERIDA_DESCRICAO,32
SIZB,"TERESÓPOLIS / HELPN Hospital São José, RJ",heliponto,heliponto,SIZB,22º25'30''S,042º58'48''W,-22.425,-42.980000000000004,3239,23,W,1,1,0,INFERIDA_DESCRICAO,32
SIZC,"FARIA LEMOS / Faz. Fenix, MG",aeroporto,aeroporto,SIZC,20º46'46''S,041º59'44''W,-20.779444444444444,-41.995555555555555,1542,23,W,1,1,0,INFERIDA_DESCRICAO,32
SIZD,"ITU / HELPN Sabre, SP",heliponto,heliponto,SIZD,23º23'14''S,047º19'49''W,-23.38722222222222,-47.33027777777778,2094,21,W,1,1,0,INFERIDA_DESCRICAO,32
SIZE,"CAMPINAS / HELPN Coppersteel Bimetálicos, SP",heliponto,heliponto,SIZE,22º59'50''S,047º07'23''W,-22.997222222222224,-47.12305555555555,2222,21,W,1,1,0,INFERIDA_DESCRICAO,32
SIZG,"SÃO MANUEL / Faz. Encontro das Águas, SP",aeroporto,aeroporto,SIZG,22º36'12''S,048º23'18''W,-22.603333333333335,-48.388333333333335,1631,20,W,1,1,0,INFERIDA_DESCRICAO,32
SIZH,"APARECIDA DO TABOADO / Faz. Vista Alegre, MS",aeroporto,aeroporto,SIZH,19º59'35''S,051º30'51''W,-19.993055555555557,-51.51416666666667,1483,19,W,1,1,0,INFERIDA_DESCRICAO,32
SIZJ,"BEBEDOURO / HELPN Faz. Santa Zélia, SP",heliponto,heliponto,SIZJ,20º58'46''S,048º26'50''W,-20.979444444444443,-48.447222222222216,1870,21,W,1,1,0,INFERIDA_DESCRICAO,32
SIZK,"BARRA DO GARÇAS / Faz. Vera Cruz, MT",aeroporto,aeroporto,SIZK,14º52'30''S,052º06'56''W,-14.875,-52.11555555555556,995,19,W,1,1,0,INFERIDA_DESCRICAO,32
SIZM,"NOVA ANDRADINA / Faz. Douradinho, MS",aeroporto,aeroporto,SIZM,21º38'27''S,053º18'02''W,-21.640833333333333,-53.300555555555555,1201,18,W,1,1,0,INFERIDA_DESCRICAO,32
SIZN,"CORUMBIARA / Faz. Santa Ana, RO",aeroporto,aeroporto,SIZN,13º00'15''S,061º14'24''W,-13.004166666666666,-61.24,847,14,W,1,1,0,INFERIDA_DESCRICAO,32
SIZO,"COCALINHO / Calcário Vale do Araguaia, MT",aeroporto,aeroporto,SIZO,14º11'25''S,051º38'38''W,-14.190277777777778,-51.64388888888889,860,20,W,1,1,0,INFERIDA_DESCRICAO,32
SIZP,"ITUPEVA / HELPN Faz. Sant’ Anna da Grama, SP",heliponto,heliponto,SIZP,23º03'22''S,047º04'45''W,-23.05611111111111,-47.07916666666667,2221,21,W,1,1,0,INFERIDA_DESCRICAO,32
SIZQ,"BOTUCATU / Faz. Real, SP",aeroporto,aeroporto,SIZQ,23º02'10''S,048º26'26''W,-23.03611111111111,-48.440555555555555,3078,20,W,1,1,0,INFERIDA_DESCRICAO,32
SIZR,"CORUMBIARA / Faz. Carolina, RO",aeroporto,aeroporto,SIZR,12º54'02''S,061º07'48''W,-12.900555555555556,-61.13,853,14,W,1,1,0,INFERIDA_DESCRICAO,32
SIZS,"GAÚCHA / Agropecuária Equus, MT",aeroporto,aeroporto,SIZS,13º32'15''S,053º26'21''W,-13.5375,-53.439166666666665,1201,19,W,1,1,0,INFERIDA_DESCRICAO,32
SIZT,"CORUMBÁ / Faz. Buriti, MS",aeroporto,aeroporto,SIZT,19º21'16''S,056º47'35''W,-19.354444444444447,-56.793055555555554,299,16,W,1,1,0,INFERIDA_DESCRICAO,32
SIZV,"BETIM / HELPN Sada , MG",heliponto,heliponto,SIZV,19º57'35''S,044º07'03''W,-19.959722222222222,-44.1175,3157,23,W,1,1,0,INFERIDA_DESCRICAO,32
SIZX,"JUARA / Juara Sul, MT",aeroporto,aeroporto,SIZX,11º17'12''S,057º32'20''W,-11.286666666666667,-57.538888888888884,991,17,W,1,1,0,INFERIDA_DESCRICAO,32
SIZY,"PIRACICABA / HELPN Coopersucar - CTC, SP",heliponto,heliponto,SIZY,22º41'51''S,047º33'34''W,-22.6975,-47.559444444444445,1775,21,W,1,1,0,INFERIDA_DESCRICAO,32
SJAA,"PONTES E LACERDA / Faz. São José do Rio Branco, MT",aeroporto,aeroporto,SJAA,15º04'17''S,059º09'12''W,-15.071388888888889,-59.15333333333333,1142,15,W,1,1,0,INFERIDA_DESCRICAO,32
SJAC,"SÃO FÉLIX DO ARAGUAIA / Faz. Rio Preto, MT",aeroporto,aeroporto,SJAC,11º28'32''S,051º41'14''W,-11.475555555555555,-51.68722222222222,886,20,W,1,1,0,INFERIDA_DESCRICAO,33
SJAD,"LORENA / HELPN Tecno Bag, SP",heliponto,heliponto,SJAD,22º45'24''S,045º06'31''W,-22.756666666666668,-45.10861111111111,1765,22,W,1,1,0,INFERIDA_DESCRICAO,33
SJAE,"RIBEIRÃO CASCALHEIRA / Faz. Furnas, MT",aeroporto,aeroporto,SJAE,13º08'25''S,051º48'04''W,-13.140277777777778,-51.801111111111105,1618,20,W,1,1,0,INFERIDA_DESCRICAO,33
SJAG,"VILA BELA DA S.S. TRINDADE / Faz. Paredão, MT",aeroporto,aeroporto,SJAG,13º37'43''S,060º17'18''W,-13.62861111111111,-60.288333333333334,804,15,W,1,1,0,INFERIDA_DESCRICAO,33
SJAI,"MONTIVIDIU DO NORTE / Faz. Davilândia, GO",aeroporto,aeroporto,SJAI,13º11'15''S,048º45'00''W,-13.1875,-48.75,1359,21,W,1,1,0,INFERIDA_DESCRICAO,33
SJAJ,"CURITIBA / HELPN Estação Convention Center, PR",heliponto,heliponto,SJAJ,25º26'18''S,049º16'02''W,-25.438333333333333,-49.26722222222222,3084,19,W,1,1,0,INFERIDA_DESCRICAO,33
SJAM,"MAIRIPORÃ / HELPN Estância Lajota, SP",heliponto,heliponto,SJAM,23º14'54''S,046º34'16''W,-23.248333333333335,-46.571111111111115,3183,21,W,1,1,0,INFERIDA_DESCRICAO,33
SJAO,"CAJAMAR / HELPN Natura, SP",heliponto,heliponto,SJAO,23º24'15''S,046º49'43''W,-23.404166666666665,-46.828611111111115,2414,21,W,1,1,0,INFERIDA_DESCRICAO,33
SJAP,"VALINHOS / HELPN Faz. Mrajan, SP",heliponto,heliponto,SJAP,22º54'54''S,046º59'03''W,-22.915,-46.98416666666667,2290,21,W,1,1,0,INFERIDA_DESCRICAO,33
SJAQ,"UNAÍ / Faz. Renascença, MG",aeroporto,aeroporto,SJAQ,16º07'13''S,046º21'36''W,-16.12027777777778,-46.36,2999,22,W,1,1,0,INFERIDA_DESCRICAO,33
SJAR,"SANTA CLARA D’OESTE / Faz. Bela Manhã, SP",aeroporto,aeroporto,SJAR,20º01'07''S,050º53'57''W,-20.01861111111111,-50.899166666666666,1198,20,W,1,1,0,INFERIDA_DESCRICAO,33
SJAS,"REGINÓPOLIS / Faz. São Roque, SP",aeroporto,aeroporto,SJAS,21º40'09''S,049º10'23''W,-21.66916666666667,-49.17305555555555,1451,20,W,1,1,0,INFERIDA_DESCRICAO,33
SJAU,"ARAGUACEMA / Araguacema, TO",aeroporto,aeroporto,SJAU,08º50'16''S,049º33'28''W,-8.837777777777779,-49.55777777777777,680,21,W,1,1,0,INFERIDA_DESCRICAO,33
SJAW,"GAVIÃO PEIXOTO / Faz. Citricola, SP",aeroporto,aeroporto,SJAW,21º43'31''S,048º22'07''W,-21.725277777777777,-48.368611111111115,2058,21,W,1,1,0,INFERIDA_DESCRICAO,33
SJAZ,"SÃO DESIDÉRIO / Faz. Querubim, BA",aeroporto,aeroporto,SJAZ,12º46'08''S,046º01'17''W,-12.76888888888889,-46.021388888888886,2733,22,W,1,1,0,INFERIDA_DESCRICAO,33
SJBA,"SÃO PAULO / HELPN Friboi, SP",heliponto,heliponto,SJBA,23º30'48''S,046º43'51''W,-23.513333333333332,-46.73083333333334,2445,21,W,1,1,0,INFERIDA_DESCRICAO,33
SJBE,"SÃO PAULO / HELPN Ortosíntese, SP",heliponto,heliponto,SJBE,23º26'27''S,046º43'26''W,-23.440833333333334,-46.723888888888894,2743,21,W,1,1,0,INFERIDA_DESCRICAO,33
SJBF,"MIMOSO DE GOIÁS / Faz. J. K., GO",aeroporto,aeroporto,SJBF,15º09'32''S,048º17'02''W,-15.158888888888889,-48.28388888888889,2136,21,W,1,1,0,INFERIDA_DESCRICAO,33
SJBG,"RIO DE JANEIRO / HELPN Edifício Torre Almirante, RJ",heliponto,heliponto,SJBG,22º54'33''S,043º10'44''W,-22.909166666666664,-43.178888888888885,417,23,W,1,1,0,INFERIDA_DESCRICAO,33
SJBH,"SÃO PAULO / HELPN Transportadora Americana, SP",heliponto,heliponto,SJBH,23º30'53''S,046º44'18''W,-23.514722222222222,-46.73833333333334,2407,21,W,1,1,0,INFERIDA_DESCRICAO,33
SJBI,"IPEÚNA/ HELPN Edra, SP",heliponto,heliponto,SJBI,22º26'25''S,047º41'52''W,-22.440277777777776,-47.69777777777777,2002,21,W,1,1,0,INFERIDA_DESCRICAO,33
SJBJ,"COTIA / HELPN Guancan, SP",heliponto,heliponto,SJBJ,23º36'47''S,046º51'05''W,-23.613055555555558,-46.85138888888889,2690,21,W,1,1,0,INFERIDA_DESCRICAO,33
SJBK,"ALTAMIRA / Iriri, PA",aeroporto,aeroporto,SJBK,05º40'45''S,054º14'42''W,-5.679166666666667,-54.245,581,19,W,1,1,0,INFERIDA_DESCRICAO,33
SJBL,"RIO CLARO / HELPN Faz. São José, SP",heliponto,heliponto,SJBL,22º19'48''S,047º29'19''W,-22.33,-47.48861111111111,2113,21,W,1,1,0,INFERIDA_DESCRICAO,33
SJBP,"SÃO PAULO / HELPN Atrium VI.com, SP",heliponto,heliponto,SJBP,23º35'43''S,046º41'14''W,-23.595277777777778,-46.68722222222222,2664,21,W,1,1,0,INFERIDA_DESCRICAO,33
SJBQ,"ARAXÁ / HELPN CBMM, MG",heliponto,heliponto,SJBQ,19º40'33''S,046º54'14''W,-19.675833333333333,-46.903888888888886,3649,22,W,1,1,0,INFERIDA_DESCRICAO,33
SJBT,"AQUIDAUANA / Faz. São João, MS",aeroporto,aeroporto,SJBT,19º34'28''S,056º05'58''W,-19.574444444444445,-56.099444444444444,417,16,W,1,1,0,INFERIDA_DESCRICAO,33
SJBU,"LAGOA DOS PATOS / Faz. Balaurte, MG",aeroporto,aeroporto,SJBU,17º00'46''S,044º47'25''W,-17.012777777777778,-44.790277777777774,1720,22,W,1,1,0,INFERIDA_DESCRICAO,33
SJBX,"SÃO JOSÉ DO MIPIBU / Severino Lopes, RN",aeroporto,aeroporto,SJBX,06º01'12''S,035º14'23''W,-6.02,-35.23972222222222,329,22,W,1,1,0,INFERIDA_DESCRICAO,33
SJBY,"SANTA INÊS / João Silva, MA",aeroporto,aeroporto,SJBY,03º39'14''S,045º20'42''W,-3.653888888888889,-45.345,82,21,W,1,1,0,INFERIDA_DESCRICAO,33
SJBZ,"ITARUMÃ / Faz. Três Barras, GO",aeroporto,aeroporto,SJBZ,18º57'26''S,051º06'31''W,-18.95722222222222,-51.10861111111111,1411,20,W,1,1,0,INFERIDA_DESCRICAO,33
SJCA,"MOCOCA / Comandante Vittorio Bonomi, SP",aeroporto,aeroporto,SJCA,21º31'44''S,047º02'45''W,-21.528888888888886,-47.045833333333334,2133,21,W,1,1,0,INFERIDA_DESCRICAO,33
SJCB,"SÃO PAULO / HELPN Classic, SP",heliponto,heliponto,SJCB,23º30'48''S,046º44'03''W,-23.513333333333332,-46.73416666666667,2401,21,W,1,1,0,INFERIDA_DESCRICAO,33
SJCC,"CABO FRIO / HELPN Álvaro Gama, RJ",heliponto,heliponto,SJCC,22º52'06''S,042º02'49''W,-22.868333333333332,-42.04694444444444,17,23,W,1,1,0,INFERIDA_DESCRICAO,33
SJCD,"PEDRO GOMES / Faz. Pingo D’Água, MS",aeroporto,aeroporto,SJCD,17º43'16''S,053º56'15''W,-17.72111111111111,-53.9375,1303,18,W,1,1,0,INFERIDA_DESCRICAO,33
SJCF,"CANARANA / Faz. Estrela D’Alva, MT",aeroporto,aeroporto,SJCF,13º11'21''S,052º18'25''W,-13.189166666666667,-52.30694444444444,1250,19,W,1,1,0,INFERIDA_DESCRICAO,33
SJCJ,"SÃO PAULO / HELPN Forum Trabalhista de 1ª Instância de São Paulo I, SP",heliponto,heliponto,SJCJ,23º31'20''S,046º39'40''W,-23.522222222222222,-46.66111111111111,2619,21,W,1,1,0,INFERIDA_DESCRICAO,33
SJCK,"SÃO PAULO / HELPN Rei da Pamonha, SP",heliponto,heliponto,SJCK,23º26'33''S,046º45'24''W,-23.4425,-46.75666666666667,2560,21,W,1,1,0,INFERIDA_DESCRICAO,33
SJCL,"NOVA CRIXÁS / Faz. Araçatuba, GO",aeroporto,aeroporto,SJCL,14º31'53''S,050º24'31''W,-14.53138888888889,-50.40861111111111,1100,20,W,1,1,0,INFERIDA_DESCRICAO,33
SJCM,"PONTAL DO ARAGUAIA / Faz. São Marcus, MT",aeroporto,aeroporto,SJCM,16º07'18''S,052º57'03''W,-16.121666666666666,-52.950833333333335,4361,19,W,1,1,0,INFERIDA_DESCRICAO,33
SJCO,"PENÁPOLIS / Faz. Aparecida, SP",aeroporto,aeroporto,SJCO,21º29'53''S,050º06'04''W,-21.498055555555556,-50.10111111111111,1510,20,W,1,1,0,INFERIDA_DESCRICAO,33
SJCP,"PARAÚNA / Faz. São Roberto, GO",aeroporto,aeroporto,SJCP,17º04'22''S,050º50'51''W,-17.072777777777777,-50.847500000000004,2497,20,W,1,1,0,INFERIDA_DESCRICAO,33
SJCQ,"BAIXA GRANDE / Faz. Serra Azul, BA",aeroporto,aeroporto,SJCQ,11º56'20''S,040º03'20''W,-11.93888888888889,-40.05555555555555,1123,23,W,1,1,0,INFERIDA_DESCRICAO,33
SJCS,"SÃO PAULO / HELPN Continental Square, SP",heliponto,heliponto,SJCS,23º35'44''S,046º41'03''W,-23.595555555555553,-46.68416666666666,2678,21,W,1,1,0,INFERIDA_DESCRICAO,33
SJCV,"CAMANDUCAIA / HELPN Trend Bank, MG",heliponto,heliponto,SJCV,22º51'52''S,046º02'11''W,-22.864444444444445,-46.03638888888889,5020,21,W,1,1,0,INFERIDA_DESCRICAO,33
SJCW,"URUCARÁ / Jatapú, AM",aeroporto,aeroporto,SJCW,01º42'17''S,058º31'21''W,-1.7047222222222222,-58.5225,132,16,W,1,1,0,INFERIDA_DESCRICAO,33
SJCY,"CUIABÁ / Estância Santa Rita, MT",aeroporto,aeroporto,SJCY,15º40'46''S,055º57'20''W,-15.679444444444444,-55.955555555555556,617,17,W,1,1,0,INFERIDA_DESCRICAO,33
SJDA,PONTAL,aeroporto,aeroporto,SJDA,23º00'53''S,043º30'00''W,-23.014722222222222,-43.5,0,22,W,1,1,0,INFERIDA_DESCRICAO,33
SJDB,"BONITO / Bonito , MS",aeroporto,aeroporto,SJDB,21º13'46''S,056º27'22''W,-21.229444444444443,-56.45611111111111,1180,16,W,1,1,0,INFERIDA_DESCRICAO,33
SJDC,"UBERABA / HELPN Coca-cola, MG",heliponto,heliponto,SJDC,19º44'39''S,047º58'45''W,-19.74416666666667,-47.97916666666667,2530,21,W,1,1,0,INFERIDA_DESCRICAO,33
SJDD,"TAQUARUSSU / Faz. Jumbo, MS",aeroporto,aeroporto,SJDD,22º30'50''S,053º20'31''W,-22.51388888888889,-53.341944444444444,854,18,W,1,1,0,INFERIDA_DESCRICAO,33
SJDF,"TAGUATINGA / HELPN Hospital Anchieta, DF",heliponto,heliponto,SJDF,15º49'24''S,048º03'59''W,-15.823333333333332,-48.06638888888889,4013,21,W,1,1,0,INFERIDA_DESCRICAO,33
SJDH,"JABORANDI / Faz. S. M., BA",aeroporto,aeroporto,SJDH,14º33'00''S,045º46'00''W,-14.55,-45.766666666666666,2891,22,W,1,1,0,INFERIDA_DESCRICAO,33
SJDK,"ANDRADINA / HELPN Oeste Plaza Shopping-MC, SP",heliponto,heliponto,SJDK,20º53'03''S,051º22'07''W,-20.884166666666665,-51.368611111111115,1339,19,W,1,1,0,INFERIDA_DESCRICAO,33
SJDL,"CORUMBÁ / Faz. Paraíso, MS",aeroporto,aeroporto,SJDL,17º18'28''S,055º50'43''W,-17.30777777777778,-55.84527777777778,1313,17,W,1,1,0,INFERIDA_DESCRICAO,33
SJDN,"AQUIDAUANA / Faz. Campo Alegre, MS",aeroporto,aeroporto,SJDN,19º27'22''S,055º44'27''W,-19.45611111111111,-55.740833333333335,558,17,W,1,1,0,INFERIDA_DESCRICAO,34
SJDO,"ILHA BELA / HELPN Maroum, SP",heliponto,heliponto,SJDO,23º49'16''S,045º22'16''W,-23.82111111111111,-45.37111111111111,10,22,W,1,1,0,INFERIDA_DESCRICAO,34
SJDP,"ANGRA DOS REIS / HELPN My Way, RJ",heliponto,heliponto,SJDP,23º00'53''S,044º17'14''W,-23.014722222222222,-44.28722222222222,99,22,W,1,1,0,INFERIDA_DESCRICAO,34
SJDQ,"CAMPINAS / HELPN Trade Tower, SP",heliponto,heliponto,SJDQ,22º53'51''S,047º02'49''W,-22.8975,-47.04694444444444,2294,21,W,1,1,0,INFERIDA_DESCRICAO,34
SJDR,"GUARUJÁ / HELPN Diplomata Empresarial S/C LTDA, SP",heliponto,heliponto,SJDR,23º55'06''S,046º12'46''W,-23.918333333333333,-46.21277777777778,7,21,W,1,1,0,INFERIDA_DESCRICAO,34
SJDS,"EUSÉBIO / Fábrica Fortaleza, CE",aeroporto,aeroporto,SJDS,03º55'38''S,038º30'02''W,-3.927222222222222,-38.50055555555556,66,21,W,1,1,0,INFERIDA_DESCRICAO,34
SJDT,"AQUIDAUANA / Faz. São Roque, MS",aeroporto,aeroporto,SJDT,19º31'06''S,055º18'43''W,-19.51833333333333,-55.31194444444444,453,17,W,1,1,0,INFERIDA_DESCRICAO,34
SJDU,"URUGUAIANA / Nossa Sra. do Loureto, RS",aeroporto,aeroporto,SJDU,29º43'41''S,056º57'44''W,-29.728055555555553,-56.96222222222222,329,12,W,1,1,0,INFERIDA_DESCRICAO,34
SJDV,"CORUMBÁ / Faz. Redenção, MS",aeroporto,aeroporto,SJDV,19º37'07''S,056º44'35''W,-19.61861111111111,-56.74305555555556,312,16,W,1,1,0,INFERIDA_DESCRICAO,34
SJDW,"CARACOL / Faz. Carandá, MS",aeroporto,aeroporto,SJDW,22º07'37''S,057º17'22''W,-22.126944444444444,-57.28944444444444,548,15,W,1,1,0,INFERIDA_DESCRICAO,34
SJDX,"AQUIDAUANA / Faz. Bandeirantes, MS",aeroporto,aeroporto,SJDX,19º24'44''S,055º32'59''W,-19.41222222222222,-55.54972222222222,375,17,W,1,1,0,INFERIDA_DESCRICAO,34
SJDY,"CAMAPUÃ / Faz. da Barra, MS",aeroporto,aeroporto,SJDY,18º39'47''S,054º04'07''W,-18.663055555555555,-54.06861111111112,1533,18,W,1,1,0,INFERIDA_DESCRICAO,34
SJDZ,"APARECIDA DE GOIÂNIA / HELPN Cidade Empresarial, GO",heliponto,heliponto,SJDZ,16º45'00''S,049º20'57''W,-16.75,-49.34916666666667,2937,21,W,1,1,0,INFERIDA_DESCRICAO,34
SJEA,"PALMEIRÓPOLIS / Cadete 56-147 Santana, TO",aeroporto,aeroporto,SJEA,12º51'00''S,048º13'31''W,-12.85,-48.22527777777778,985,21,W,1,1,0,INFERIDA_DESCRICAO,34
SJEB,"SÃO PAULO / HELPN Millenium Office Park, SP",heliponto,heliponto,SJEB,23º35'34''S,046º41'21''W,-23.592777777777776,-46.689166666666665,2487,21,W,1,1,0,INFERIDA_DESCRICAO,34
SJED,"CORUMBÁ / Faz. Abath, MS",aeroporto,aeroporto,SJED,18º40'48''S,057º13'30''W,-18.68,-57.225,348,16,W,1,1,0,INFERIDA_DESCRICAO,34
SJEE,"SELVÍRIA / Faz. Ourissanga, MS",aeroporto,aeroporto,SJEE,20º05'13''S,051º26'43''W,-20.086944444444445,-51.445277777777775,1182,19,W,1,1,0,INFERIDA_DESCRICAO,34
SJEF,"AQUIDAUANA / Faz. Costa Rica, MS",aeroporto,aeroporto,SJEF,19º44'49''S,056º02'32''W,-19.746944444444445,-56.04222222222222,342,16,W,1,1,0,INFERIDA_DESCRICAO,34
SJEG,"CORUMBÁ / Estância Esmeralda, MS",aeroporto,aeroporto,SJEG,20º09'38''S,057º09'29''W,-20.160555555555554,-57.158055555555556,525,16,W,1,1,0,INFERIDA_DESCRICAO,34
SJEH,"RIBEIRÃO BONITO / Faz. Santa Elisa, SP",aeroporto,aeroporto,SJEH,22º06'07''S,048º13'37''W,-22.101944444444445,-48.22694444444445,2395,21,W,1,1,0,INFERIDA_DESCRICAO,34
SJEI,"SÃO PAULO / HELPN New England, SP",heliponto,heliponto,SJEI,23º33'28''S,046º39'40''W,-23.55777777777778,-46.66111111111111,2904,21,W,1,1,0,INFERIDA_DESCRICAO,34
SJEJ,"AVAÍ / Faz. Bonanza, SP",aeroporto,aeroporto,SJEJ,22º09'18''S,049º17'16''W,-22.154999999999998,-49.28777777777778,1713,20,W,1,1,0,INFERIDA_DESCRICAO,34
SJEK,"CANARANA / Satélite Aviação Agrícola LTDA, MT",aeroporto,aeroporto,SJEK,13º32'44''S,052º12'50''W,-13.545555555555556,-52.21388888888889,4594,20,W,1,1,0,INFERIDA_DESCRICAO,34
SJEN,"SANTA VlTÓRlA DO PALMAR / Pista PLA e Silva, RS",aeroporto,aeroporto,SJEN,33º08'38''S,052º58'35''W,-33.14388888888889,-52.97638888888889,10,14,W,1,1,0,INFERIDA_DESCRICAO,34
SJEO,"SALVADOR / HELPN Sylvio Quadros Mercês, BA",heliponto,heliponto,SJEO,12º58'45''S,038º28'24''W,-12.979166666666666,-38.473333333333336,168,23,W,1,1,0,INFERIDA_DESCRICAO,34
SJEP,"NÃO ME TOQUE / HELPN Sementes Roos, RS",heliponto,heliponto,SJEP,28º26'36''S,052º48'50''W,-28.443333333333335,-52.81388888888888,1723,16,W,1,1,0,INFERIDA_DESCRICAO,34
SJEQ,"CORUMBÁ / Faz. Bom Jesus, MS",aeroporto,aeroporto,SJEQ,18º10'58''S,056º46'57''W,-18.18277777777778,-56.7825,404,16,W,1,1,0,INFERIDA_DESCRICAO,34
SJER,"ACREÚNA / Faz. Canadá, GO",aeroporto,aeroporto,SJER,17º19'08''S,050º19'13''W,-17.31888888888889,-50.32027777777778,1841,20,W,1,1,0,INFERIDA_DESCRICAO,34
SJES,"CORUMBÁ / Faz. Água Pê, MS",aeroporto,aeroporto,SJES,18º07'04''S,056º38'28''W,-18.11777777777778,-56.64111111111111,407,16,W,1,1,0,INFERIDA_DESCRICAO,34
SJET,"CORUMBÁ / Faz. Recreio, MS",aeroporto,aeroporto,SJET,17º33'53''S,056º47'12''W,-17.564722222222223,-56.78666666666666,404,16,W,1,1,0,INFERIDA_DESCRICAO,34
SJEV,"CORUMBÁ / Faz. São Francisco, MS",aeroporto,aeroporto,SJEV,17º38'54''S,056º53'10''W,-17.648333333333333,-56.88611111111111,401,16,W,1,1,0,INFERIDA_DESCRICAO,34
SJEX,"SÃO DESIDÉRIO / Faz. Vitória, BA",aeroporto,aeroporto,SJEX,13º00'38''S,046º06'28''W,-13.010555555555555,-46.10777777777778,2966,22,W,1,1,0,INFERIDA_DESCRICAO,34
SJEY,"INDIAPORÃ / Faz. Agronet, SP",aeroporto,aeroporto,SJEY,19º59'26''S,050º15'58''W,-19.990555555555556,-50.26611111111111,1562,20,W,1,1,0,INFERIDA_DESCRICAO,34
SJFA,"BARUERI / HELPN West Side, SP",heliponto,heliponto,SJFA,23º30'12''S,046º50'56''W,-23.503333333333334,-46.848888888888894,2932,21,W,1,1,0,INFERIDA_DESCRICAO,34
SJFB,"RIACHÃO / Fazenda Bacuri, MA",aeroporto,aeroporto,SJFB,08º22'58''S,046º26'32''W,-8.382777777777779,-46.44222222222222,1815,21,W,1,1,0,INFERIDA_DESCRICAO,34
SJFD,"RIO DE JANEIRO / HELPN Méier Medical Center, RJ",heliponto,heliponto,SJFD,22º53'57''S,043º16'53''W,-22.899166666666666,-43.28138888888889,178,23,W,1,1,0,INFERIDA_DESCRICAO,34
SJFF,"ESTRELA D’OESTE / Frigo Estrela, SP",aeroporto,aeroporto,SJFF,20º17'41''S,050º24'38''W,-20.294722222222223,-50.410555555555554,1595,20,W,1,1,0,INFERIDA_DESCRICAO,34
SJFG,"ITAITUBA / Faz. Penedo, PA",aeroporto,aeroporto,SJFG,05º31'16''S,057º06'27''W,-5.521111111111111,-57.1075,250,17,W,1,1,0,INFERIDA_DESCRICAO,34
SJFH,"GUAÍRA / HELPN I.I.J.O - Rosário, SP",heliponto,heliponto,SJFH,20º24'43''S,048º13'00''W,-20.411944444444444,-48.21666666666667,1808,21,W,1,1,0,INFERIDA_DESCRICAO,34
SJFI,"CUIABÁ / CIFI, MT",aeroporto,aeroporto,SJFI,15º38'05''S,055º59'26''W,-15.634722222222221,-55.99055555555556,644,17,W,1,1,0,INFERIDA_DESCRICAO,34
SJFJ,"SANTO ANTÔNIO DO LEVERGER / Três Marias da Pitangueira, MT",aeroporto,aeroporto,SJFJ,17º14'06''S,055º13'36''W,-17.235,-55.22666666666667,522,17,W,1,1,0,INFERIDA_DESCRICAO,34
SJFK,"ARAGUAÇU / Faz. Cachoeira, TO",aeroporto,aeroporto,SJFK,12º35'48''S,049º31'05''W,-12.596666666666668,-49.518055555555556,752,21,W,1,1,0,INFERIDA_DESCRICAO,34
SJFL,"SANDOLÂNDIA / Faz. Campo Formoso, TO",aeroporto,aeroporto,SJFL,12º33'42''S,049º51'48''W,-12.561666666666667,-49.86333333333334,1083,21,W,1,1,0,INFERIDA_DESCRICAO,34
SJFM,"ELDORADO / Faz. Macuco, MS",aeroporto,aeroporto,SJFM,23º50'09''S,054º13'53''W,-23.835833333333333,-54.231388888888894,1149,17,W,1,1,0,INFERIDA_DESCRICAO,34
SJFN,"COXIM / Faz. Brasil Novo, MS",aeroporto,aeroporto,SJFN,18º22'18''S,054º55'44''W,-18.371666666666666,-54.928888888888885,752,17,W,1,1,0,INFERIDA_DESCRICAO,34
SJFO,"PORTEIRÃO / Faz. California, GO",aeroporto,aeroporto,SJFO,18º02'12''S,050º11'58''W,-18.03666666666667,-50.19944444444444,1549,20,W,1,1,0,INFERIDA_DESCRICAO,34
SJFP,"CORUMBIARA / Faz. Perobal, RO",aeroporto,aeroporto,SJFP,12º54'39''S,061º22'08''W,-12.910833333333334,-61.36888888888889,984,14,W,1,1,0,INFERIDA_DESCRICAO,34
SJFQ,"BOTUCATU / Faz. Quatrirmãs, SP",aeroporto,aeroporto,SJFQ,22º57'34''S,048º40'29''W,-22.959444444444443,-48.67472222222222,2441,20,W,1,1,0,INFERIDA_DESCRICAO,34
SJFS,"PORTO FELIZ / HELPN São João e São Marcos, SP",heliponto,heliponto,SJFS,23º12'29''S,047º28'49''W,-23.208055555555553,-47.48027777777778,1475,21,W,1,1,0,INFERIDA_DESCRICAO,34
SJFT,"NOVA BANDEIRANTES / Faz. Triunfo Rio Turvo, MT",aeroporto,aeroporto,SJFT,10º05'35''S,057º43'37''W,-10.093055555555557,-57.72694444444445,1018,17,W,1,1,0,INFERIDA_DESCRICAO,34
SJFU,"BANANEIRAS / Tabuleiro, PB",aeroporto,aeroporto,SJFU,06º41'39''S,035º37'49''W,-6.694166666666667,-35.63027777777778,1716,22,W,1,1,0,INFERIDA_DESCRICAO,34
SJFV,"MONTE ALEGRE DE MINAS / Faz. Gaia, MG",aeroporto,aeroporto,SJFV,18º45'36''S,048º45'19''W,-18.76,-48.75527777777778,2762,21,W,1,1,0,INFERIDA_DESCRICAO,34
SJFW,"UNAÍ / Faz. W. Egido III, MG",aeroporto,aeroporto,SJFW,15º56'17''S,046º28'39''W,-15.938055555555556,-46.4775,2648,22,W,1,1,0,INFERIDA_DESCRICAO,34
SJFX,"SÃO DESIDÉRIO / Faz. Santo Ângelo, BA",aeroporto,aeroporto,SJFX,12º47'54''S,046º05'45''W,-12.798333333333334,-46.09583333333334,2799,22,W,1,1,0,INFERIDA_DESCRICAO,34
SJGB,"CAMPO NOVO DO PARECIS / Faz. Ponte de Pedra, MT",aeroporto,aeroporto,SJGB,13º35'03''S,057º27'47''W,-13.584166666666667,-57.463055555555556,1690,16,W,1,1,0,INFERIDA_DESCRICAO,35
SJGC,"SÃO DESIDÉRIO / Faz. Busato 1, BA",aeroporto,aeroporto,SJGC,12º54'06''S,045º30'00''W,-12.901666666666667,-45.5,1201,22,W,1,1,0,INFERIDA_DESCRICAO,35
SJGD,"SÃO DESIDÉRIO / Faz. Rio Brilhante, BA",aeroporto,aeroporto,SJGD,12º48'12''S,045º43'25''W,-12.803333333333335,-45.72361111111111,2500,22,W,1,1,0,INFERIDA_DESCRICAO,35
SJGE,"ITAITUBA / Pista Nações Unidas, PA",aeroporto,aeroporto,SJGE,06º04'53''S,056º17'22''W,-6.081388888888888,-56.28944444444444,591,18,W,1,1,0,INFERIDA_DESCRICAO,35
SJGF,"PÂNTANO GRANDE / Aeródromo Nova Era, RS",aeroporto,aeroporto,SJGF,30º12'46''S,052º26'29''W,-30.212777777777777,-52.44138888888889,131,16,W,1,1,0,INFERIDA_DESCRICAO,35
SJGG,"SÃO PAULO / HELPN Plaza II, SP",heliponto,heliponto,SJGG,23º36'39''S,046º41'46''W,-23.610833333333336,-46.69611111111111,2671,21,W,1,1,0,INFERIDA_DESCRICAO,35
SJGH,"SÃO BORJA / Aeropel, RS",aeroporto,aeroporto,SJGH,28º42'59''S,055º59'33''W,-28.71638888888889,-55.9925,300,14,W,1,1,0,INFERIDA_DESCRICAO,35
SJGJ,"CORUMBÁ / Namocoli, MS",aeroporto,aeroporto,SJGJ,20º36'32''S,057º33'15''W,-20.60888888888889,-57.55416666666667,282,15,W,1,1,0,INFERIDA_DESCRICAO,35
SJGL,"AGROLÂNDIA/ HELPN Pitangueira, SC",heliponto,heliponto,SJGL,27º22'34''S,049º49'51''W,-27.37611111111111,-49.83083333333334,1290,18,W,1,1,0,INFERIDA_DESCRICAO,35
SJGM,"SÃO PAULO / HELPN Quadra Hungria, SP",heliponto,heliponto,SJGM,23º34'30''S,046º41'46''W,-23.575,-46.69611111111111,2491,21,W,1,1,0,INFERIDA_DESCRICAO,35
SJGN,"SÃO JOSÉ DO RIO CLARO / Faz. Agromar, MT",aeroporto,aeroporto,SJGN,13º39'45''S,056º28'58''W,-13.6625,-56.48277777777778,1201,17,W,1,1,0,INFERIDA_DESCRICAO,35
SJGO,"ELDORADO / Eldorado, MS",aeroporto,aeroporto,SJGO,23º49'07''S,054º15'09''W,-23.81861111111111,-54.2525,1079,17,W,1,1,0,INFERIDA_DESCRICAO,35
SJGP,"RONDONÓPOLlS / Condomínio Fly-In Community, MT",aeroporto,aeroporto,SJGP,16º26'47''S,054º39'52''W,-16.44638888888889,-54.66444444444444,1047,18,W,1,1,0,INFERIDA_DESCRICAO,35
SJGQ,"UBERLÂNDIA / HELPN Faz. Alebisa, MG",heliponto,heliponto,SJGQ,18º51'39''S,048º30'12''W,-18.860833333333336,-48.50333333333333,2641,21,W,1,1,0,INFERIDA_DESCRICAO,35
SJGR,"CRIXÁS / Faz. Cavalgada Grande, GO",aeroporto,aeroporto,SJGR,14º36'17''S,050º09'10''W,-14.604722222222222,-50.15277777777778,1050,20,W,1,1,0,INFERIDA_DESCRICAO,35
SJGS,"NOVA FRIBURGO/ HELPN São José de Dentro, RJ",heliponto,heliponto,SJGS,22º16'56''S,042º29'43''W,-22.28222222222222,-42.49527777777778,3298,23,W,1,1,0,INFERIDA_DESCRICAO,35
SJGU,"ARAGUATINS / Araguatins, TO",aeroporto,aeroporto,SJGU,05º41'04''S,048º06'56''W,-5.684444444444445,-48.11555555555556,411,21,W,1,1,0,INFERIDA_DESCRICAO,35
SJGV,"SÃO JOSÉ DOS PINHAIS / HELPN Bons Ventos, PR",heliponto,heliponto,SJGV,25º39'41''S,049º08'21''W,-25.661388888888887,-49.13916666666667,2963,19,W,1,1,0,INFERIDA_DESCRICAO,35
SJGX,"CAMAQUÃ / Da Praia Velha, RS",aeroporto,aeroporto,SJGX,31º07'36''S,051º34'33''W,-31.12666666666667,-51.575833333333335,30,16,W,1,1,0,INFERIDA_DESCRICAO,35
SJGY,"SÃO DOMINGOS / Faz. Barriguda, GO",aeroporto,aeroporto,SJGY,13º42'28''S,046º44'09''W,-13.707777777777777,-46.73583333333333,1965,22,W,1,1,0,INFERIDA_DESCRICAO,35
SJGZ,"ANAURILÂNDIA / Faz. Araçatuba, MS",aeroporto,aeroporto,SJGZ,22º05'24''S,052º40'30''W,-22.09,-52.675,1231,18,W,1,1,0,INFERIDA_DESCRICAO,35
SJHB,"RECIFE / HELPN Real Hospital Português, PE",heliponto,heliponto,SJHB,08º03'50''S,034º53'52''W,-8.06388888888889,-34.897777777777776,221,22,W,1,1,0,INFERIDA_DESCRICAO,35
SJHC,"CABO FRIO / HELPN Canal, RJ",heliponto,heliponto,SJHC,22º52'20''S,042º00'42''W,-22.872222222222224,-42.01166666666666,7,23,W,1,1,0,INFERIDA_DESCRICAO,35
SJHD,"BRASILÂNDIA / Faz. Modelo, MS",aeroporto,aeroporto,SJHD,21º22'56''S,052º11'56''W,-21.38222222222222,-52.19888888888889,1375,19,W,1,1,0,INFERIDA_DESCRICAO,35
SJHE,"IPIRANGA DO NORTE / Faz. Palmeira, MT",aeroporto,aeroporto,SJHE,12º05'38''S,055º59'52''W,-12.09388888888889,-55.99777777777778,1201,18,W,1,1,0,INFERIDA_DESCRICAO,35
SJHF,"URUÇUÍ / Bunge, PI",aeroporto,aeroporto,SJHF,07º22'20''S,044º23'46''W,-7.372222222222222,-44.39611111111111,1257,22,W,1,1,0,INFERIDA_DESCRICAO,35
SJHG,"CONFRESA/ Confresa, MT",aeroporto,aeroporto,SJHG,10º38'01''S,051º34'02''W,-10.63361111111111,-51.56722222222223,781,20,W,1,1,0,INFERIDA_DESCRICAO,35
SJHH,"SERRANÓPOLlS / Faz. Poruína, GO",aeroporto,aeroporto,SJHH,18º07'12''S,052º13'04''W,-18.12,-52.217777777777776,2287,19,W,1,1,0,INFERIDA_DESCRICAO,35
SJHI,"CAMPOS DO JORDÃO / HELPN Flow Water, SP",heliponto,heliponto,SJHI,22º44'43''S,045º31'53''W,-22.74527777777778,-45.53138888888889,6063,22,W,1,1,0,INFERIDA_DESCRICAO,35
SJHO,"DIAMANTINO / Faz. Colorado, MT",aeroporto,aeroporto,SJHO,13º57'05''S,057º06'20''W,-13.951388888888888,-57.105555555555554,1699,17,W,1,1,0,INFERIDA_DESCRICAO,35
SJHQ,"SÃO JOSÉ DO XINGU / Faz. São José das Reunidas, MT",aeroporto,aeroporto,SJHQ,11º02'01''S,052º20'02''W,-11.03361111111111,-52.33388888888889,1155,20,W,1,1,0,INFERIDA_DESCRICAO,35
SJHS,"UBERLÂNDIA / Faz. São Vicente, MG",aeroporto,aeroporto,SJHS,19º19'03''S,048º20'55''W,-19.3175,-48.34861111111111,2477,21,W,1,1,0,INFERIDA_DESCRICAO,35
SJHT,"CORGUINHO / Faz. ANB, MS",aeroporto,aeroporto,SJHT,19º49'54''S,054º49'46''W,-19.831666666666667,-54.82944444444445,1194,17,W,1,1,0,INFERIDA_DESCRICAO,35
SJHU,"VILA BELA DA S.S. TRINDADE / Agropecuária Vale do Guaporé, MT",aeroporto,aeroporto,SJHU,13º52'43''S,060º05'47''W,-13.87861111111111,-60.09638888888889,1149,15,W,1,1,0,INFERIDA_DESCRICAO,35
SJHV,"CURITIBA / HELPN Valmor Weiss, PR",heliponto,heliponto,SJHV,25º26'53''S,049º14'37''W,-25.448055555555555,-49.243611111111115,2920,19,W,1,1,0,INFERIDA_DESCRICAO,35
SJHW,"ENGENHEIRO NAVARRO / Professor Maurício Joppert, MG",aeroporto,aeroporto,SJHW,17º17'37''S,043º57'31''W,-17.29361111111111,-43.95861111111111,2221,23,W,1,1,0,INFERIDA_DESCRICAO,35
SJHY,"MAIRINQUE / HELPN Paiva Air, SP",heliponto,heliponto,SJHY,23º33'33''S,047º11'59''W,-23.559166666666666,-47.19972222222222,2730,21,W,1,1,0,INFERIDA_DESCRICAO,35
SJHZ,"PARANATINGA / Faz. Dois Netos, MT",aeroporto,aeroporto,SJHZ,13º14'44''S,054º02'02''W,-13.245555555555555,-54.03388888888889,1165,19,W,1,1,0,INFERIDA_DESCRICAO,35
SJIA,"IPIAU / HELPN Ipiau, BA",heliponto,heliponto,SJIA,14º09'12''S,039º41'59''W,-14.153333333333334,-39.69972222222222,430,23,W,1,1,0,INFERIDA_DESCRICAO,35
SJIB,"ITABUNA / HELPN Itabuna, BA",heliponto,heliponto,SJIB,14º49'25''S,039º19'11''W,-14.823611111111111,-39.319722222222225,217,24,W,1,1,0,INFERIDA_DESCRICAO,35
SJIC,"SANTA RITA DO PARDO / Pedro da Costa Lima, MS",aeroporto,aeroporto,SJIC,21º14'40''S,052º47'10''W,-21.244444444444447,-52.78611111111111,1050,18,W,1,1,0,INFERIDA_DESCRICAO,35
SJID,"TRÊS LAGOAS / Faz. Goiaba, MS",aeroporto,aeroporto,SJID,19º55'02''S,052º37'53''W,-19.91722222222222,-52.63138888888889,1549,19,W,1,1,0,INFERIDA_DESCRICAO,35
SJIE,"SAPEZAL / Aero Agrícola Sapezal, MT",aeroporto,aeroporto,SJIE,13º33'01''S,058º51'36''W,-13.550277777777778,-58.86,1739,16,W,1,1,0,INFERIDA_DESCRICAO,35
SJIF,"IGUATEMI / Faz. Nova Era, MS",aeroporto,aeroporto,SJIF,23º23'39''S,054º45'09''W,-23.394166666666667,-54.7525,1247,16,W,1,1,0,INFERIDA_DESCRICAO,35
SJIH,"VILA VELHA/ HELPN Polícia Federal do Espírito Santo , ES",heliponto,heliponto,SJIH,20º19'38''S,040º21'12''W,-20.327222222222222,-40.35333333333333,62,24,W,1,1,0,INFERIDA_DESCRICAO,35
SJII,"DOURADOS / Faz. São Marcos, MS",aeroporto,aeroporto,SJII,22º17'48''S,054º56'29''W,-22.296666666666667,-54.94138888888889,1395,17,W,1,1,0,INFERIDA_DESCRICAO,35
SJIJ,"ALTO TAQUARI/ Faz. Amparo, MT",aeroporto,aeroporto,SJIJ,17º46'55''S,053º27'40''W,-17.781944444444445,-53.461111111111116,2766,18,W,1,1,0,INFERIDA_DESCRICAO,35
SJIL,"CORUMBÁ / Faz. Santa Bárbara, MS",aeroporto,aeroporto,SJIL,19º05'55''S,055º50'52''W,-19.09861111111111,-55.84777777777778,427,17,W,1,1,0,INFERIDA_DESCRICAO,35
SJIN,"IRANDUBA / HELPN NR 2 do Hotel Ariaú Amazon Towers, AM",heliponto,heliponto,SJIN,03º05'31''S,060º26'31''W,-3.0919444444444446,-60.44194444444444,98,15,W,1,1,0,INFERIDA_DESCRICAO,35
SJIQ,"LIMEIRA DO OESTE / Usina Coruripe - Filial Limeira do Oeste, MG",aeroporto,aeroporto,SJIQ,19º31'24''S,050º39'20''W,-19.523333333333333,-50.65555555555555,1384,20,W,1,1,0,INFERIDA_DESCRICAO,35
SJIR,"IRAMAIA / Engenheiro Joaquim Martins, BA",aeroporto,aeroporto,SJIR,13º18'28''S,040º52'58''W,-13.307777777777778,-40.882777777777775,1733,23,W,1,1,0,INFERIDA_DESCRICAO,35
SJIS,"RIBAS DO RIO PARDO / Faz. Futuro, MS",aeroporto,aeroporto,SJIS,20º20'48''S,053º27'25''W,-20.346666666666664,-53.456944444444446,1598,18,W,1,1,0,INFERIDA_DESCRICAO,35
SJIT,"ITAÚ DE MINAS / Itaú de Minas, MG",aeroporto,aeroporto,SJIT,20º44'50''S,046º45'14''W,-20.747222222222224,-46.75388888888889,2520,21,W,1,1,0,INFERIDA_DESCRICAO,35
SJIU,"ESPLANADA / Faz. Beija-Flor, BA",aeroporto,aeroporto,SJIU,11º47'39''S,038º05'27''W,-11.794166666666667,-38.090833333333336,555,23,W,1,1,0,INFERIDA_DESCRICAO,35
SJIV,"MAÇAMBARÁ / São João, RS",aeroporto,aeroporto,SJIV,29º05'09''S,056º12'53''W,-29.085833333333333,-56.21472222222223,268,13,W,1,1,0,INFERIDA_DESCRICAO,35
SJIW,"SANTANA DO PARNAÍBA / HELPN Casas Bahia, SP",heliponto,heliponto,SJIW,23º28'30''S,046º49'42''W,-23.474999999999998,-46.82833333333333,2723,21,W,1,1,0,INFERIDA_DESCRICAO,36
SJIX,"PARATI / HELPN Marina Porto Imperial, RJ",heliponto,heliponto,SJIX,23º13'50''S,044º42'55''W,-23.230555555555554,-44.71527777777778,10,22,W,1,1,0,INFERIDA_DESCRICAO,36
SJIY,"ITAITUBA / São Leopoldo, PA",aeroporto,aeroporto,SJIY,04º58'45''S,056º55'38''W,-4.979166666666667,-56.92722222222222,814,17,W,1,1,0,INFERIDA_DESCRICAO,36
SJJB,"BRASILÂNDIA / Faz. Cacique, MS",aeroporto,aeroporto,SJJB,20º46'36''S,052º46'38''W,-20.776666666666667,-52.77722222222222,1348,18,W,1,1,0,INFERIDA_DESCRICAO,36
SJJC,"CEARÁ - MIRIM / HELPN Ceará - Mirim, RN",heliponto,heliponto,SJJC,05º30'27''S,035º30'12''W,-5.5075,-35.50333333333333,98,21,W,1,1,0,INFERIDA_DESCRICAO,36
SJJD,"JIJOCA DE JERICOACOARA/ Jijoca de Jericoacoara, CE",aeroporto,aeroporto,SJJD,02º53'20''S,040º28'27''W,-2.888888888888889,-40.47416666666667,66,21,W,1,1,0,INFERIDA_DESCRICAO,36
SJJE,"JEQUIÉ / HELPN Jequié, BA",heliponto,heliponto,SJJE,13º50'25''S,040º06'11''W,-13.840277777777779,-40.10305555555556,709,23,W,1,1,0,INFERIDA_DESCRICAO,36
SJJF,"NOVO ARIPUANÃ / Pousada do Rio Roosevelt, AM",aeroporto,aeroporto,SJJF,08º29'40''S,060º57'45''W,-8.494444444444444,-60.962500000000006,292,15,W,1,1,0,INFERIDA_DESCRICAO,36
SJJH,"VITÓRIA DO XINGU / Pousada Rio Xingu, PA",aeroporto,aeroporto,SJJH,03º14'58''S,051º43'21''W,-3.2494444444444444,-51.722500000000004,233,19,W,1,1,0,INFERIDA_DESCRICAO,36
SJJI,"CORONEL DOMINGOS SOARES / Novo Horizonte, PR",aeroporto,aeroporto,SJJI,26º14'57''S,051º54'12''W,-26.249166666666667,-51.90333333333333,3720,18,W,1,1,0,INFERIDA_DESCRICAO,36
SJJJ,"CHUPINGUAIA / Faz. Juliana, RO",aeroporto,aeroporto,SJJJ,12º40'57''S,061º05'20''W,-12.6825,-61.08888888888889,1132,14,W,1,1,0,INFERIDA_DESCRICAO,36
SJJK,"ALTA FLORESTA / Faz. Taquaral, MT",aeroporto,aeroporto,SJJK,10º01'44''S,056º44'18''W,-10.02888888888889,-56.73833333333334,980,17,W,1,1,0,INFERIDA_DESCRICAO,36
SJJL,"BARREIRAS / Faz. Campo Aberto, BA",aeroporto,aeroporto,SJJL,11º47'18''S,045º57'53''W,-11.788333333333334,-45.96472222222223,2418,22,W,1,1,0,INFERIDA_DESCRICAO,36
SJJM,"SAPEZAL / Michels Aviação Agrícola LTDA, MT",aeroporto,aeroporto,SJJM,13º31'56''S,058º45'55''W,-13.532222222222224,-58.765277777777776,1884,16,W,1,1,0,INFERIDA_DESCRICAO,36
SJJO,"MONTE ALEGRE DE GOIÁS / João de Oliveira Bueno, GO",aeroporto,aeroporto,SJJO,13º11'33''S,047º06'56''W,-13.1925,-47.11555555555556,1431,22,W,1,1,0,INFERIDA_DESCRICAO,36
SJJQ,"NATAL / HELPN Polícia Federal, RN",heliponto,heliponto,SJJQ,05º49'34''S,035º13'25''W,-5.826111111111111,-35.22361111111111,218,21,W,1,1,0,INFERIDA_DESCRICAO,36
SJJR,"ANDRELÂNDIA/ Faz. Recreio, MG",aeroporto,aeroporto,SJJR,21º43'10''S,044º12'34''W,-21.71944444444444,-44.20944444444445,3810,22,W,1,1,0,INFERIDA_DESCRICAO,36
SJJS,"PIRAQUARA / HELPN BS Colway, PR",heliponto,heliponto,SJJS,25º27'41''S,049º06'40''W,-25.461388888888887,-49.111111111111114,3018,19,W,1,1,0,INFERIDA_DESCRICAO,36
SJJU,"NOVA LACERDA / Faz. Barra Mansa, MT",aeroporto,aeroporto,SJJU,14º02'58''S,060º09'07''W,-14.049444444444445,-60.151944444444446,725,15,W,1,1,0,INFERIDA_DESCRICAO,36
SJJW,"AQUIDAUANA / Faz. Santa Emília, MS",aeroporto,aeroporto,SJJW,19º30'20''S,055º36'47''W,-19.505555555555556,-55.613055555555555,443,17,W,1,1,0,INFERIDA_DESCRICAO,36
SJJY,"ILHA BELA / HELPN Indaiaúba, SP",heliponto,heliponto,SJJY,23º54'29''S,045º18'11''W,-23.908055555555553,-45.30305555555555,500,22,W,1,1,0,INFERIDA_DESCRICAO,36
SJJZ,"RIO GRANDE / HELPN Ilha de Terrapleno, RS",heliponto,heliponto,SJJZ,32º01'58''S,052º04'22''W,-32.032777777777774,-52.07277777777778,10,15,W,1,1,0,INFERIDA_DESCRICAO,36
SJKA,"CAMPO NOVO DO PARECIS / Aerocampo, MT",aeroporto,aeroporto,SJKA,13º38'07''S,057º53'58''W,-13.635277777777777,-57.89944444444444,1798,16,W,1,1,0,INFERIDA_DESCRICAO,36
SJKC,"APIACÁS / Faz. Costa Norte II, MT",aeroporto,aeroporto,SJKC,09º17'29''S,058º01'59''W,-9.29138888888889,-58.033055555555556,787,16,W,1,1,0,INFERIDA_DESCRICAO,36
SJKD,"BALNEÁRIO CAMBORIÚ / HELPN Helisilva, SC",heliponto,heliponto,SJKD,27º01'35''S,048º37'16''W,-27.02638888888889,-48.62111111111111,10,19,W,1,1,0,INFERIDA_DESCRICAO,36
SJKE,"ITABORAÍ / HELPN Sellix, RJ",heliponto,heliponto,SJKE,22º44'50''S,042º49'57''W,-22.747222222222224,-42.8325,72,23,W,1,1,0,INFERIDA_DESCRICAO,36
SJKF,"ARAIÇOABA DA SERRA / HELPN Lago Azul, SP",heliponto,heliponto,SJKF,23º30'31''S,047º34'55''W,-23.50861111111111,-47.581944444444446,2008,21,W,1,1,0,INFERIDA_DESCRICAO,36
SJKI,"MACAPÁ/ Curiaú, AP",aeroporto,aeroporto,SJKI,00º12'32''N,051º00'33''W,0.2088888888888889,-51.009166666666665,66,19,W,1,1,0,INFERIDA_DESCRICAO,36
SJKJ,"SONORA / Faz. Cangaia, MS",aeroporto,aeroporto,SJKJ,17º26'34''S,053º48'32''W,-17.442777777777778,-53.80888888888889,2549,18,W,1,1,0,INFERIDA_DESCRICAO,36
SJKK,"UBERLÂNDIA / HELPN Coca-cola, MG",heliponto,heliponto,SJKK,18º53'48''S,048º14'32''W,-18.896666666666665,-48.242222222222225,3084,21,W,1,1,0,INFERIDA_DESCRICAO,36
SJKL,"NORMANDIA / Canã, RR",aeroporto,aeroporto,SJKL,04º37'08''N,060º04'18''W,4.61888888888889,-60.07166666666667,994,16,W,1,1,0,INFERIDA_DESCRICAO,36
SJKM,"UIRAMUTÃ / Canawapai, RR",aeroporto,aeroporto,SJKM,04º48'29''N,060º01'20''W,4.808055555555556,-60.02222222222222,1886,16,W,1,1,0,INFERIDA_DESCRICAO,36
SJKN,"UIRAMUTÃ / Caracanã, RR",aeroporto,aeroporto,SJKN,04º42'17''N,060º15'55''W,4.704722222222222,-60.265277777777776,1988,15,W,1,1,0,INFERIDA_DESCRICAO,36
SJKO,"NORMANDIA / Cararuau, RR",aeroporto,aeroporto,SJKO,04º03'47''N,060º09'54''W,4.063055555555556,-60.165,594,15,W,1,1,0,INFERIDA_DESCRICAO,36
SJKP,"UIRAMUTÃ / Caraparu, RR",aeroporto,aeroporto,SJKP,04º32'28''N,060º27'47''W,4.541111111111111,-60.463055555555556,1194,15,W,1,1,0,INFERIDA_DESCRICAO,36
SJKQ,"UIRAMUTÃ / Caramambatai (MAPAE), RR",aeroporto,aeroporto,SJKQ,05º07'23''N,060º35'09''W,5.123055555555555,-60.58583333333333,1989,15,W,1,1,0,INFERIDA_DESCRICAO,36
SJKS,"MUCAJAÍ / Catrimani I, RR",aeroporto,aeroporto,SJKS,02º22'32''N,063º00'30''W,2.3755555555555556,-63.00833333333333,1092,14,W,1,1,0,INFERIDA_DESCRICAO,36
SJKT,"NORMANDIA / Contão, RR",aeroporto,aeroporto,SJKT,04º10'18''N,060º32'37''W,4.171666666666667,-60.54361111111111,577,15,W,1,1,0,INFERIDA_DESCRICAO,36
SJKU,"UIRAMUTÃ / Cumaipá, RR",aeroporto,aeroporto,SJKU,04º48'50''N,060º28'25''W,4.813888888888889,-60.47361111111111,2188,15,W,1,1,0,INFERIDA_DESCRICAO,36
SJKV,"PACARAIMA / Cumanã 1, RR",aeroporto,aeroporto,SJKV,04º28'13''N,060º46'41''W,4.470277777777778,-60.778055555555554,1191,15,W,1,1,0,INFERIDA_DESCRICAO,36
SJKW,"PACARAIMA / Cumanã 2, RR",aeroporto,aeroporto,SJKW,04º25'37''N,060º49'26''W,4.426944444444445,-60.823888888888895,1191,15,W,1,1,0,INFERIDA_DESCRICAO,36
SJKX,"NORMANDIA / Cutia, RR",aeroporto,aeroporto,SJKX,04º10'12''N,059º44'55''W,4.17,-59.74861111111111,496,16,W,1,1,0,INFERIDA_DESCRICAO,36
SJKZ,"UIRAMUTÃ / Estevão, RR",aeroporto,aeroporto,SJKZ,04º26'59''N,060º26'21''W,4.449722222222222,-60.439166666666665,994,15,W,1,1,0,INFERIDA_DESCRICAO,36
SJLA,"UIRAMUTÃ / Flechal, RR",aeroporto,aeroporto,SJLA,04º39'41''N,060º17'31''W,4.661388888888889,-60.29194444444444,1988,15,W,1,1,0,INFERIDA_DESCRICAO,36
SJLB,"LAMBARI D’OESTE / Faz. Chaparral, MT",aeroporto,aeroporto,SJLB,15º30'07''S,057º46'02''W,-15.501944444444444,-57.76722222222222,949,16,W,1,1,0,INFERIDA_DESCRICAO,36
SJLC,"ALTO ALEGRE / Hakoma, RR",aeroporto,aeroporto,SJLC,02º43'12''N,063º34'03''W,2.72,-63.5675,1191,14,W,1,1,0,INFERIDA_DESCRICAO,36
SJLD,"LAMBARI D’OESTE / Faz. Porto do Campo, MT",aeroporto,aeroporto,SJLD,15º42'56''S,057º42'41''W,-15.715555555555556,-57.71138888888889,594,16,W,1,1,0,INFERIDA_DESCRICAO,36
SJLE,"ALTO ALEGRE / Halikato-U, RR",aeroporto,aeroporto,SJLE,03º13'30''N,063º11'58''W,3.225,-63.19944444444444,994,14,W,1,1,0,INFERIDA_DESCRICAO,36
SJLF,"IRACEMA / Homoxi, RR",aeroporto,aeroporto,SJLF,02º29'52''N,063º43'47''W,2.497777777777778,-63.72972222222222,2284,14,W,1,1,0,INFERIDA_DESCRICAO,36
SJLH,"BONFIM / Jacamim, RR",aeroporto,aeroporto,SJLH,02º10'34''N,059º47'02''W,2.176111111111111,-59.78388888888889,495,16,W,1,1,0,INFERIDA_DESCRICAO,36
SJLI,"BOM JARDIM / Faz. Liliani, MA",aeroporto,aeroporto,SJLI,04º12'49''S,046º58'30''W,-4.213611111111112,-46.975,958,21,W,1,1,0,INFERIDA_DESCRICAO,36
SJLJ,"CAROEBE / Jatapuzinho, RR",aeroporto,aeroporto,SJLJ,00º35'50''N,059º13'18''W,0.5972222222222222,-59.22166666666667,397,16,W,1,1,0,INFERIDA_DESCRICAO,36
SJLK,"BONFIM / Lago Grande 1, RR",aeroporto,aeroporto,SJLK,03º26'34''N,060º21'09''W,3.442777777777778,-60.3525,298,15,W,1,1,0,INFERIDA_DESCRICAO,36
SJLL,"NORMANDIA / Maturuca, RR",aeroporto,aeroporto,SJLL,04º27'39''N,060º06'01''W,4.460833333333333,-60.10027777777778,1493,16,W,1,1,0,INFERIDA_DESCRICAO,36
SJLM,"PACARAIMA / Leão de Ouro, RR",aeroporto,aeroporto,SJLM,04º09'06''N,061º25'40''W,4.151666666666667,-61.42777777777778,298,15,W,1,1,0,INFERIDA_DESCRICAO,37
SJLN,"PACARAIMA / Maloquinha, RR",aeroporto,aeroporto,SJLN,04º43'37''N,060º35'26''W,4.726944444444444,-60.59055555555556,1890,15,W,1,1,0,INFERIDA_DESCRICAO,37
SJLO,"UIRAMUTÃ / Manalai, RR",aeroporto,aeroporto,SJLO,05º05'03''N,060º22'44''W,5.0841666666666665,-60.37888888888889,2189,15,W,1,1,0,INFERIDA_DESCRICAO,37
SJLP,"BONFIM / Manoá - Pium, RR",aeroporto,aeroporto,SJLP,02º58'48''N,060º05'43''W,2.98,-60.09527777777778,348,16,W,1,1,0,INFERIDA_DESCRICAO,37
SJLQ,"NORMANDIA / Maracanã, RR",aeroporto,aeroporto,SJLQ,04º21'54''N,060º01'00''W,4.364999999999999,-60.016666666666666,1791,16,W,1,1,0,INFERIDA_DESCRICAO,37
SJLS,"BONFIM / Marupá, RR",aeroporto,aeroporto,SJLS,02º07'31''N,059º49'17''W,2.125277777777778,-59.82138888888889,495,16,W,1,1,0,INFERIDA_DESCRICAO,37
SJLT,"BOA VISTA / Milho, RR",aeroporto,aeroporto,SJLT,03º23'08''N,060º24'28''W,3.3855555555555554,-60.407777777777774,358,15,W,1,1,0,INFERIDA_DESCRICAO,37
SJLU,"CARACARAÍ / Missão Catrimani, RR",aeroporto,aeroporto,SJLU,01º44'27''N,062º17'11''W,1.7408333333333335,-62.28638888888889,397,14,W,1,1,0,INFERIDA_DESCRICAO,37
SJLV,"UIRAMUTÃ / Morro, RR",aeroporto,aeroporto,SJLV,04º21'26''N,059º58'12''W,4.357222222222222,-59.97,1792,16,W,1,1,0,INFERIDA_DESCRICAO,37
SJLW,"PACARAIMA / Mudubim 1, RR",aeroporto,aeroporto,SJLW,04º25'18''N,060º29'23''W,4.421666666666667,-60.48972222222222,1493,15,W,1,1,0,INFERIDA_DESCRICAO,37
SJLX,"UIRAMUTÃ / Mutum, RR",aeroporto,aeroporto,SJLX,04º27'11''N,059º51'14''W,4.453055555555555,-59.85388888888889,1792,16,W,1,1,0,INFERIDA_DESCRICAO,37
SJLZ,"UIRAMUTÃ / Orinduque, RR",aeroporto,aeroporto,SJLZ,04º44'04''N,060º02'05''W,4.734444444444445,-60.03472222222222,1896,16,W,1,1,0,INFERIDA_DESCRICAO,37
SJMA,"SONORA / Faz. Mundo Acabado, MS",aeroporto,aeroporto,SJMA,17º56'08''S,054º55'34''W,-17.935555555555556,-54.92611111111111,525,18,W,1,1,0,INFERIDA_DESCRICAO,37
SJMB,"ANGRA DOS REIS / HELPN Faz. Mombaça, RJ",heliponto,heliponto,SJMB,23º00'58''S,044º17'21''W,-23.016111111111112,-44.28916666666667,132,22,W,1,1,0,INFERIDA_DESCRICAO,37
SJMC,"BARUERI / HELPN Monte Carlo Trade Center, SP",heliponto,heliponto,SJMC,23º29'34''S,046º51'07''W,-23.49277777777778,-46.85194444444445,2746,21,W,1,1,0,INFERIDA_DESCRICAO,37
SJMD,"IRACEMA / Paapiú Novo, RR",aeroporto,aeroporto,SJMD,02º43'22''N,062º57'01''W,2.722777777777778,-62.95027777777778,696,14,W,1,1,0,INFERIDA_DESCRICAO,37
SJME,"PACARAIMA / Mato Grosso, RR",aeroporto,aeroporto,SJME,04º34'14''N,060º54'11''W,4.570555555555555,-60.903055555555554,2783,15,W,1,1,0,INFERIDA_DESCRICAO,37
SJMF,"NORMANDIA / Pacú, RR",aeroporto,aeroporto,SJMF,04º09'50''N,060º13'20''W,4.16388888888889,-60.22222222222222,994,15,W,1,1,0,INFERIDA_DESCRICAO,37
SJMG,"ARMAÇÃO DOS BÚZIOS / HELPN Maguinhos, RJ",heliponto,heliponto,SJMG,22º46'28''S,041º55'54''W,-22.774444444444445,-41.931666666666665,5,23,W,1,1,0,INFERIDA_DESCRICAO,37
SJMH,"ALTO ALEGRE / Palimiú, RR",aeroporto,aeroporto,SJMH,03º19'05''N,062º58'16''W,3.3180555555555555,-62.971111111111114,896,14,W,1,1,0,INFERIDA_DESCRICAO,37
SJMI,"ALTO ALEGRE / Parafuri, RR",aeroporto,aeroporto,SJMI,03º17'17''N,063º50'35''W,3.2880555555555553,-63.84305555555556,1988,14,W,1,1,0,INFERIDA_DESCRICAO,37
SJMJ,"UIRAMUTÃ / Pedra Branca, RR",aeroporto,aeroporto,SJMJ,04º27'26''N,060º16'04''W,4.457222222222223,-60.26777777777777,1489,15,W,1,1,0,INFERIDA_DESCRICAO,37
SJMK,"UIRAMUTÃ / Pedra Preta, RR",aeroporto,aeroporto,SJMK,04º42'47''N,060º28'35''W,4.713055555555556,-60.47638888888889,2188,15,W,1,1,0,INFERIDA_DESCRICAO,37
SJML,"PACARAIMA / Piolho, RR",aeroporto,aeroporto,SJML,04º42'05''N,060º44'01''W,4.701388888888889,-60.73361111111111,2287,15,W,1,1,0,INFERIDA_DESCRICAO,37
SJMM,"UIRAMUTÃ / Pipi, RR",aeroporto,aeroporto,SJMM,04º55'48''N,060º19'19''W,4.930000000000001,-60.32194444444445,2585,15,W,1,1,0,INFERIDA_DESCRICAO,37
SJMN,"NORMANDIA / Raposa, RR",aeroporto,aeroporto,SJMN,03º48'36''N,060º05'25''W,3.8099999999999996,-60.09027777777778,495,16,W,1,1,0,INFERIDA_DESCRICAO,37
SJMO,"PACARAIMA / Santa Isabel, RR",aeroporto,aeroporto,SJMO,04º28'12''N,060º51'45''W,4.47,-60.862500000000004,1194,15,W,1,1,0,INFERIDA_DESCRICAO,37
SJMP,"PACARAIMA / Santa Liberdade, RR",aeroporto,aeroporto,SJMP,04º17'15''N,060º15'25''W,4.2875,-60.25694444444444,1890,15,W,1,1,0,INFERIDA_DESCRICAO,37
SJMQ,"NORMANDIA / Santa Maria de Normandia, RR",aeroporto,aeroporto,SJMQ,04º10'13''N,060º08'16''W,4.170277777777778,-60.13777777777778,847,16,W,1,1,0,INFERIDA_DESCRICAO,37
SJMR,"ITAQUIRAÍ / Maragogipe, MS",aeroporto,aeroporto,SJMR,23º27'40''S,054º17'56''W,-23.461111111111112,-54.29888888888889,998,17,W,1,1,0,INFERIDA_DESCRICAO,37
SJMS,"CRIXÁS / HELPN Mineiração Serra Grande, GO",heliponto,heliponto,SJMS,14º34'27''S,049º58'03''W,-14.574166666666667,-49.9675,1267,21,W,1,1,0,INFERIDA_DESCRICAO,37
SJMT,"PACARAIMA / São Miguel Cachoeirinha, RR",aeroporto,aeroporto,SJMT,04º29'25''N,060º59'26''W,4.490277777777778,-60.99055555555556,1195,15,W,1,1,0,INFERIDA_DESCRICAO,37
SJMU,"UIRAMUTÃ / Sauparú, RR",aeroporto,aeroporto,SJMU,04º59'23''N,060º26'08''W,4.989722222222222,-60.43555555555555,2287,15,W,1,1,0,INFERIDA_DESCRICAO,37
SJMV,"UIRAMUTÃ / Serra do Sol, RR",aeroporto,aeroporto,SJMV,04º56'33''N,060º28'31''W,4.9425,-60.47527777777778,2480,15,W,1,1,0,INFERIDA_DESCRICAO,37
SJMW,"UIRAMUTÃ / Socó, RR",aeroporto,aeroporto,SJMW,04º28'12''N,060º10'37''W,4.47,-60.176944444444445,1690,15,W,1,1,0,INFERIDA_DESCRICAO,37
SJMX,"PACARAIMA / Suapi, RR",aeroporto,aeroporto,SJMX,04º34'31''N,060º51'30''W,4.575277777777777,-60.858333333333334,2487,15,W,1,1,0,INFERIDA_DESCRICAO,37
SJMZ,"SÃO DESIDÉRIO / Faz. Mizote, BA",aeroporto,aeroporto,SJMZ,12º57'27''S,045º59'05''W,-12.9575,-45.984722222222224,2701,22,W,1,1,0,INFERIDA_DESCRICAO,37
SJNB,"PACARAIMA / Ubarú, RR",aeroporto,aeroporto,SJNB,04º30'06''N,060º48'08''W,4.501666666666667,-60.80222222222222,1194,15,W,1,1,0,INFERIDA_DESCRICAO,37
SJNC,"ALTO ALEGRE / Uraricoera, RR",aeroporto,aeroporto,SJNC,03º08'46''N,062º13'49''W,3.1461111111111113,-62.23027777777778,794,14,W,1,1,0,INFERIDA_DESCRICAO,37
SJNE,"BONFIM / Wapum, RR",aeroporto,aeroporto,SJNE,01º59'24''N,059º57'26''W,1.99,-59.95722222222223,495,16,W,1,1,0,INFERIDA_DESCRICAO,37
SJNF,"UIRAMUTÃ / Wilimon, RR",aeroporto,aeroporto,SJNF,04º38'06''N,060º10'34''W,4.635,-60.17611111111111,1739,15,W,1,1,0,INFERIDA_DESCRICAO,37
SJNG,"ALTO ALEGRE / Xidea, RR",aeroporto,aeroporto,SJNG,02º36'25''N,063º52'10''W,2.6069444444444447,-63.86944444444445,1988,13,W,1,1,0,INFERIDA_DESCRICAO,37
SJNH,"CORUMBÁ / Faz. Nhu - Verá, MS",aeroporto,aeroporto,SJNH,18º01'38''S,055º27'37''W,-18.02722222222222,-55.46027777777778,492,17,W,1,1,0,INFERIDA_DESCRICAO,37
SJNI,"NOVA MUTUM / Faz. Mutum, MT",aeroporto,aeroporto,SJNI,13º55'11''S,056º05'04''W,-13.919722222222221,-56.08444444444444,1575,17,W,1,1,0,INFERIDA_DESCRICAO,37
SJNK,"SANTA LUZIA D’OESTE / Faz. Três Perobas, RO",aeroporto,aeroporto,SJNK,12º04'54''S,061º38'34''W,-12.081666666666667,-61.64277777777778,1119,14,W,1,1,0,INFERIDA_DESCRICAO,37
SJNL,"CAMPO NOVO DO PARECIS / Faz. Reata, MT",aeroporto,aeroporto,SJNL,13º37'13''S,057º34'51''W,-13.620277777777778,-57.58083333333334,1791,16,W,1,1,0,INFERIDA_DESCRICAO,37
SJNM,"NOVA MUTUM / Faz. Santa Luzia, MT",aeroporto,aeroporto,SJNM,13º59'59''S,055º56'43''W,-13.999722222222221,-55.945277777777775,1520,17,W,1,1,0,INFERIDA_DESCRICAO,37
SJNN,"NOVA MAMORÉ / Faz. Botelho, RO",aeroporto,aeroporto,SJNN,10º13'20''S,064º20'36''W,-10.222222222222223,-64.34333333333333,535,12,W,1,1,0,INFERIDA_DESCRICAO,37
SJNO,"CORUMBÁ / Faz. Nazaré, MS",aeroporto,aeroporto,SJNO,18º40'25''S,057º07'24''W,-18.67361111111111,-57.123333333333335,348,16,W,1,1,0,INFERIDA_DESCRICAO,37
SJNP,"NOVO PROGRESSO / Novo Progresso, PA",aeroporto,aeroporto,SJNP,07º07'33''S,055º24'03''W,-7.125833333333333,-55.40083333333333,794,18,W,1,1,0,INFERIDA_DESCRICAO,37
SJNQ,"MEDEIROS NETO/ Destilaria Medasa, BA",aeroporto,aeroporto,SJNQ,17º29'06''S,040º09'28''W,-17.485,-40.157777777777774,656,24,W,1,1,0,INFERIDA_DESCRICAO,37
SJNU,"RIBEIRÃO CASCALHEIRA / Faz. Campo Alto, MT",aeroporto,aeroporto,SJNU,13º02'14''S,051º42'50''W,-13.037222222222223,-51.71388888888889,1099,20,W,1,1,0,INFERIDA_DESCRICAO,37
SJNV,"GOUVELÂNDIA / Faz. São Francisco, GO",aeroporto,aeroporto,SJNV,18º25'53''S,050º15'22''W,-18.43138888888889,-50.25611111111111,1857,20,W,1,1,0,INFERIDA_DESCRICAO,37
SJNW,"NOVO MUNDO / Faz. Nhandu, MT",aeroporto,aeroporto,SJNW,09º38'02''S,055º13'37''W,-9.633888888888889,-55.22694444444445,1103,18,W,1,1,0,INFERIDA_DESCRICAO,37
SJNX,"CHAPADÃO DO CÉU / Cosmos Aviação Agrícola, GO",aeroporto,aeroporto,SJNX,18º24'29''S,052º37'49''W,-18.408055555555553,-52.63027777777778,2730,19,W,1,1,0,INFERIDA_DESCRICAO,37
SJNY,"MATA DE SÃO JOÃO / HELPN Iberostar Praia do Forte, BA",heliponto,heliponto,SJNY,12º32'57''S,037º59'25''W,-12.549166666666666,-37.99027777777778,33,23,W,1,1,0,INFERIDA_DESCRICAO,38
SJOA,"TAUBATÉ / HELPN Fazenda Fortaleza, SP",heliponto,heliponto,SJOA,23º10'43''S,045º28'16''W,-23.178611111111113,-45.471111111111114,2155,22,W,1,1,0,INFERIDA_DESCRICAO,38
SJOB,"ATIBAIA / HELPN Estância Parque Atibaia, SP",heliponto,heliponto,SJOB,23º04'49''S,046º34'55''W,-23.080277777777777,-46.581944444444446,2874,21,W,1,1,0,INFERIDA_DESCRICAO,38
SJOC,"CATANDUVA / HELPN Hotel Paradise, SP",heliponto,heliponto,SJOC,21º06'37''S,048º57'44''W,-21.110277777777778,-48.96222222222222,1952,20,W,1,1,0,INFERIDA_DESCRICAO,38
SJOD,"MONTE MOR / HELPN Alô Brasil, SP",heliponto,heliponto,SJOD,22º58'14''S,047º17'56''W,-22.970555555555553,-47.29888888888889,1863,21,W,1,1,0,INFERIDA_DESCRICAO,38
SJOE,"ITU / HELPN Haras Cachoeira, SP",heliponto,heliponto,SJOE,23º14'47''S,047º25'29''W,-23.24638888888889,-47.42472222222222,1732,21,W,1,1,0,INFERIDA_DESCRICAO,38
SJOG,"ARIQUEMES / Ariquemes, RO",aeroporto,aeroporto,SJOG,09º53'05''S,063º02'56''W,-9.884722222222221,-63.04888888888889,530,13,W,1,1,0,INFERIDA_DESCRICAO,38
SJOH,"JURUTI / Juriti, PA",aeroporto,aeroporto,SJOH,02º11'12''S,056º05'25''W,-2.1866666666666665,-56.09027777777778,108,18,W,1,1,0,INFERIDA_DESCRICAO,38
SJOI,"PORTO MURTINHO / Faz. Jaguatirica, MS",aeroporto,aeroporto,SJOI,22º01'56''S,057º58'55''W,-22.03222222222222,-57.981944444444444,289,14,W,1,1,0,INFERIDA_DESCRICAO,38
SJOJ,"AÇAILÂNDIA / Simasa, MA",aeroporto,aeroporto,SJOJ,04º52'09''S,047º23'21''W,-4.8691666666666675,-47.38916666666667,656,21,W,1,1,0,INFERIDA_DESCRICAO,38
SJOK,"ÁGUA CLARA / Faz. Modelo, MS",aeroporto,aeroporto,SJOK,19º18'56''S,052º58'36''W,-19.315555555555555,-52.97666666666667,2041,19,W,1,1,0,INFERIDA_DESCRICAO,38
SJOL,"BARUERI / HELPN RS Morizono, SP",heliponto,heliponto,SJOL,23º30'29''S,046º50'10''W,-23.508055555555554,-46.836111111111116,2362,21,W,1,1,0,INFERIDA_DESCRICAO,38
SJOM,"CASTANHEIRA / Faz. Karla Renata, MT",aeroporto,aeroporto,SJOM,10º37'57''S,058º26'42''W,-10.6325,-58.44499999999999,991,16,W,1,1,0,INFERIDA_DESCRICAO,38
SJON,"CORUMBÁ / Faz. São José do Generoso, MS",aeroporto,aeroporto,SJON,18º52'21''S,056º47'21''W,-18.8725,-56.78916666666667,328,16,W,1,1,0,INFERIDA_DESCRICAO,38
SJOO,"COMODORO / Dr. João Osmar de Oliveira, MT",aeroporto,aeroporto,SJOO,14º08'03''S,059º49'11''W,-14.134166666666665,-59.819722222222225,864,15,W,1,1,0,INFERIDA_DESCRICAO,38
SJOP,"ITABIRA / HELPN Minas de Conceição, MG",heliponto,heliponto,SJOP,19º39'03''S,043º15'11''W,-19.65083333333333,-43.253055555555555,2789,23,W,1,1,0,INFERIDA_DESCRICAO,38
SJOQ,"ITAPIRA / HELPN Cristália, SP",heliponto,heliponto,SJOQ,22º28'04''S,046º43'03''W,-22.467777777777776,-46.7175,2185,21,W,1,1,0,INFERIDA_DESCRICAO,38
SJOR,"MACAPÁ / Faz. Parabúfalos, AP",aeroporto,aeroporto,SJOR,01º01'10''N,050º12'50''W,1.0194444444444444,-50.21388888888889,30,19,W,1,1,0,INFERIDA_DESCRICAO,38
SJOS,"NOVA SERRANA / HELPN Tropical, MG",heliponto,heliponto,SJOS,19º52'31''S,045º00'14''W,-19.87527777777778,-45.00388888888889,2412,22,W,1,1,0,INFERIDA_DESCRICAO,38
SJOU,"PARANATINGA / Marfrig Frigorífico, MT",aeroporto,aeroporto,SJOU,14º27'12''S,054º02'01''W,-14.453333333333333,-54.03361111111111,1628,18,W,1,1,0,INFERIDA_DESCRICAO,38
SJOW,"SANTO ANTÔNIO DO ARACANGUÁ / Faz. Guadalupe, SP",aeroporto,aeroporto,SJOW,20º58'54''S,050º31'37''W,-20.981666666666666,-50.526944444444446,1188,20,W,1,1,0,INFERIDA_DESCRICAO,38
SJOX,"SÃO DESIDÉRIO / Faz. Brinquinho, BA",aeroporto,aeroporto,SJOX,12º49'30''S,046º14'42''W,-12.825,-46.245,3145,22,W,1,1,0,INFERIDA_DESCRICAO,38
SJOZ,"SÃO PAULO / HELPN Faria Lima Square, SP",heliponto,heliponto,SJOZ,23º35'17''S,046º40'56''W,-23.588055555555556,-46.68222222222222,2612,21,W,1,1,0,INFERIDA_DESCRICAO,38
SJPB,"SÃO PAULO / HELPN Guarapiranga Golfe, SP",heliponto,heliponto,SJPB,23º47'15''S,046º46'54''W,-23.7875,-46.781666666666666,2487,21,W,1,1,0,INFERIDA_DESCRICAO,38
SJPC,"SOROCABA / HELPN Giannone Flavor, SP",heliponto,heliponto,SJPC,23º27'11''S,047º25'16''W,-23.453055555555554,-47.42111111111111,1992,21,W,1,1,0,INFERIDA_DESCRICAO,38
SJPD,"BEZERROS / HELPN Riacho Verde, PE",heliponto,heliponto,SJPD,08º15'22''S,035º46'21''W,-8.25611111111111,-35.7725,1664,22,W,1,1,0,INFERIDA_DESCRICAO,38
SJPE,"ILHABELA / HELPN Praia da Armação, SP",heliponto,heliponto,SJPE,23º44'06''S,045º20'35''W,-23.735,-45.34305555555556,10,22,W,1,1,0,INFERIDA_DESCRICAO,38
SJPF,"FOZ DO IGUAÇU / HELPN Polícia Federal, PR",heliponto,heliponto,SJPF,25º30'57''S,054º34'21''W,-25.515833333333333,-54.572500000000005,709,16,W,1,1,0,INFERIDA_DESCRICAO,38
SJPG,"ITAITUBA / Pista Branca de Neve, PA",aeroporto,aeroporto,SJPG,06º07'30''S,056º23'56''W,-6.125,-56.39888888888889,545,18,W,1,1,0,INFERIDA_DESCRICAO,38
SJPH,"LUZIÂNIA / Faz. Palma, GO",aeroporto,aeroporto,SJPH,16º11'22''S,048º04'41''W,-16.189444444444444,-48.07805555555556,3297,21,W,1,1,0,INFERIDA_DESCRICAO,38
SJPI,"COCALZINHO DE GOIÁS / Faz. Pirapitinga, GO",aeroporto,aeroporto,SJPI,15º24'46''S,048º38'03''W,-15.412777777777778,-48.634166666666665,2510,21,W,1,1,0,INFERIDA_DESCRICAO,38
SJPJ,"JUNDIAÍ / HELPN Prefeitura do Município de Jundiaí, SP",heliponto,heliponto,SJPJ,23º10'17''S,046º54'01''W,-23.17138888888889,-46.900277777777774,2454,21,W,1,1,0,INFERIDA_DESCRICAO,38
SJPL,"DEODÁPOLIS / Faz. Austrália, MS",aeroporto,aeroporto,SJPL,21º58'27''S,054º08'52''W,-21.974166666666665,-54.147777777777776,1116,17,W,1,1,0,INFERIDA_DESCRICAO,38
SJPM,"NITERÓI / HELPN Cap. PM Cidimar Antunes de Almeida, RJ",heliponto,heliponto,SJPM,22º52'00''S,043º07'24''W,-22.866666666666667,-43.123333333333335,13,23,W,1,1,0,INFERIDA_DESCRICAO,38
SJPN,"CAMBARÁ / HELPN Campan, PR",heliponto,heliponto,SJPN,23º02'31''S,050º03'19''W,-23.041944444444447,-50.055277777777775,1661,19,W,1,1,0,INFERIDA_DESCRICAO,38
SJPO,"PIRANHAS/ Xingó, AL",aeroporto,aeroporto,SJPO,09º35'16''S,037º46'42''W,-9.587777777777779,-37.77833333333333,791,23,W,1,1,0,INFERIDA_DESCRICAO,38
SJPP,"ALTA FLORESTA / Aero Rural, MT",aeroporto,aeroporto,SJPP,09º51'25''S,056º00'16''W,-9.856944444444444,-56.004444444444445,879,18,W,1,1,0,INFERIDA_DESCRICAO,38
SJPR,"PRIMAVERA DO LESTE / Andrieli Base Operacional, MT",aeroporto,aeroporto,SJPR,15º34'47''S,054º24'28''W,-15.579722222222221,-54.407777777777774,2188,18,W,1,1,0,INFERIDA_DESCRICAO,38
SJPS,"BARRA DO BUGRES / Faz. Monte Belo, MT",aeroporto,aeroporto,SJPS,14º58'48''S,057º59'30''W,-14.98,-57.99166666666667,636,16,W,1,1,0,INFERIDA_DESCRICAO,38
SJPT,"MAUÁ / HELPN PETROBRÁS - Refinaria de Capuava, SP",heliponto,heliponto,SJPT,23º39'10''S,046º28'48''W,-23.652777777777775,-46.480000000000004,2480,21,W,1,1,0,INFERIDA_DESCRICAO,38
SJPV,"LUCAS DO RIO VERDE / Faz. Guimarães, MT",aeroporto,aeroporto,SJPV,12º58'35''S,056º11'01''W,-12.97638888888889,-56.183611111111105,1378,17,W,1,1,0,INFERIDA_DESCRICAO,38
SJPW,"LUCAS DO RIO VERDE / Faz. Guimarães II, MT",aeroporto,aeroporto,SJPW,12º54'07''S,056º22'19''W,-12.901944444444444,-56.371944444444445,1312,17,W,1,1,0,INFERIDA_DESCRICAO,38
SJPX,"POXORÉO / Faz. Cidade Verde, MT",aeroporto,aeroporto,SJPX,15º24'55''S,054º22'20''W,-15.415277777777778,-54.37222222222222,2028,18,W,1,1,0,INFERIDA_DESCRICAO,38
SJPY,"PORTO SEGURO / HELPN Coqueiral, BA",heliponto,heliponto,SJPY,16º29'07''S,039º04'06''W,-16.485277777777778,-39.068333333333335,7,24,W,1,1,0,INFERIDA_DESCRICAO,38
SJPZ,"MATINHA / HELPN Faz. Santo Antônio, MA",heliponto,heliponto,SJPZ,03º06'58''S,045º00'46''W,-3.116111111111111,-45.01277777777778,59,21,W,1,1,0,INFERIDA_DESCRICAO,38
SJQA,"SÃO DESIDÉRIO / Faz. Clarim, BA",aeroporto,aeroporto,SJQA,13º12'44''S,046º14'20''W,-13.212222222222222,-46.23888888888889,3121,22,W,1,1,0,INFERIDA_DESCRICAO,38
SJQB,"CUMARU DO NORTE / Faz. Symalu, PA",aeroporto,aeroporto,SJQB,08º19'39''S,051º06'18''W,-8.3275,-51.105000000000004,601,20,W,1,1,0,INFERIDA_DESCRICAO,38
SJQC,"GUARUJÁ / HELPN Jequitimar, SP",heliponto,heliponto,SJQC,23º58'06''S,046º11'14''W,-23.96833333333333,-46.18722222222222,36,21,W,1,1,0,INFERIDA_DESCRICAO,38
SJQD,"AQUIDAUANA / Faz. São Roque do Vale do Rio Negro, MS",aeroporto,aeroporto,SJQD,19º22'09''S,056º20'56''W,-19.36916666666667,-56.348888888888894,296,16,W,1,1,0,INFERIDA_DESCRICAO,38
SJQE,"PIRAQUARA / Bonacin, PR",aeroporto,aeroporto,SJQE,25º24'49''S,049º03'59''W,-25.41361111111111,-49.06638888888889,2999,19,W,1,1,0,INFERIDA_DESCRICAO,38
SJQF,"CAMPO NOVO DO PARECIS / Faz. Londrina, MT",aeroporto,aeroporto,SJQF,13º21'20''S,057º45'18''W,-13.355555555555556,-57.755,1690,16,W,1,1,0,INFERIDA_DESCRICAO,38
SJQG,"CURITIBA / HELPN HSBC, PR",heliponto,heliponto,SJQG,25º30'09''S,049º16'48''W,-25.5025,-49.28,2956,19,W,1,1,0,INFERIDA_DESCRICAO,38
SJQI,"POCONÉ / Porto Jofre, MT",aeroporto,aeroporto,SJQI,17º21'41''S,056º46'45''W,-17.36138888888889,-56.77916666666667,361,16,W,1,1,0,INFERIDA_DESCRICAO,38
SJQJ,"GUARUJÁ / HELPN Jomarca II, SP",heliponto,heliponto,SJQJ,23º59'23''S,046º14'32''W,-23.989722222222223,-46.242222222222225,30,21,W,1,1,0,INFERIDA_DESCRICAO,38
SJQK,"BOA VISTA / Barra do Vento, RR",aeroporto,aeroporto,SJQK,02º41'44''N,060º48'51''W,2.695555555555556,-60.814166666666665,279,15,W,1,1,0,INFERIDA_DESCRICAO,39
SJQM,"IGARAPÉ DO MEIO / HELPN Faz. Lago Azul, MA",heliponto,heliponto,SJQM,03º39'03''S,045º12'10''W,-3.6508333333333334,-45.20277777777778,115,21,W,1,1,0,INFERIDA_DESCRICAO,39
SJQN,"QUlRlNÓPOLlS / Quirinópolis, GO",aeroporto,aeroporto,SJQN,18º26'46''S,050º24'33''W,-18.44611111111111,-50.409166666666664,1922,20,W,1,1,0,INFERIDA_DESCRICAO,39
SJQO,"PARANAGUÁ / HELPN Unidade Administrativa Conjunta do IAP/BPAmb, PR",heliponto,heliponto,SJQO,25º30'51''S,048º29'57''W,-25.514166666666668,-48.49916666666667,27,20,W,1,1,0,INFERIDA_DESCRICAO,39
SJQQ,"PORTEL / Faz. Terra Alta, PA",aeroporto,aeroporto,SJQQ,02º51'54''S,050º59'34''W,-2.865,-50.99277777777778,66,20,W,1,1,0,INFERIDA_DESCRICAO,39
SJQR,"VALPARAÍSO / Jacarezinho, SP",aeroporto,aeroporto,SJQR,21º08'53''S,050º54'04''W,-21.148055555555555,-50.901111111111106,1312,19,W,1,1,0,INFERIDA_DESCRICAO,39
SJQS,"CHAPADA DOS GUIMARÃES / Paredão da Serra, MT",aeroporto,aeroporto,SJQS,15º28'19''S,055º43'12''W,-15.471944444444444,-55.72,2116,17,W,1,1,0,INFERIDA_DESCRICAO,39
SJQT,"NOVA LIMA / Faz. Haras RPC, MG",aeroporto,aeroporto,SJQT,20º10'07''S,043º55'37''W,-20.16861111111111,-43.926944444444445,4209,23,W,1,1,0,INFERIDA_DESCRICAO,39
SJQU,"ITANHANDU / HELPN Mantiqueira, MG",heliponto,heliponto,SJQU,22º20'03''S,044º54'15''W,-22.334166666666665,-44.90416666666667,3160,22,W,1,1,0,INFERIDA_DESCRICAO,39
SJQW,"SANTA BÁRBARA DO SUL / HELPN Warna Roos, RS",heliponto,heliponto,SJQW,28º10'52''S,053º13'00''W,-28.18111111111111,-53.21666666666667,1804,16,W,1,1,0,INFERIDA_DESCRICAO,39
SJQX,"URUARÁ/ Faz. Uruará, PA",aeroporto,aeroporto,SJQX,03º31'29''S,053º23'10''W,-3.524722222222222,-53.38611111111111,797,19,W,1,1,0,INFERIDA_DESCRICAO,39
SJQY,"COARI / HELPN Terminal do Solimões, AM",heliponto,heliponto,SJQY,03º56'39''S,063º09'49''W,-3.944166666666667,-63.16361111111111,112,14,W,1,1,0,INFERIDA_DESCRICAO,39
SJQZ,"PORTO NACIONAL / Dona Iracema, TO",aeroporto,aeroporto,SJQZ,10º36'23''S,048º20'55''W,-10.606388888888889,-48.34861111111111,919,21,W,1,1,0,INFERIDA_DESCRICAO,39
SJRB,"SANTA CRUZ DO XINGU / Faz. VR, MT",aeroporto,aeroporto,SJRB,10º06'47''S,052º30'18''W,-10.113055555555555,-52.505,1191,19,W,1,1,0,INFERIDA_DESCRICAO,39
SJRC,"VILA BELA DA S.S. TRINDADE / Serra da Borda, MT",aeroporto,aeroporto,SJRC,14º49'38''S,059º41'17''W,-14.827222222222222,-59.68805555555555,1575,15,W,1,1,0,INFERIDA_DESCRICAO,39
SJRD,"ANGRA DOS REIS / HELPN Ilha Josefa, RJ",heliponto,heliponto,SJRD,23º02'26''S,044º23'32''W,-23.040555555555557,-44.39222222222222,131,22,W,1,1,0,INFERIDA_DESCRICAO,39
SJRE,"ELIAS FAUSTO / HELPN Vila Adail, SP",heliponto,heliponto,SJRE,23º02'59''S,047º23'23''W,-23.049722222222226,-47.38972222222222,1975,21,W,1,1,0,INFERIDA_DESCRICAO,39
SJRF,"JACAREÍ / HELPN Lavalpa, SP",heliponto,heliponto,SJRF,23º17'37''S,045º58'35''W,-23.29361111111111,-45.97638888888889,1968,21,W,1,1,0,INFERIDA_DESCRICAO,39
SJRG,"RIO GRANDE / Rio Grande, RS",aeroporto,aeroporto,SJRG,32º04'54''S,052º09'48''W,-32.08166666666667,-52.163333333333334,27,15,W,1,1,0,INFERIDA_DESCRICAO,39
SJRH,"CAMPO VERDE / Faz. Galheiro, MT",aeroporto,aeroporto,SJRH,15º18'29''S,054º35'59''W,-15.308055555555557,-54.599722222222226,1788,18,W,1,1,0,INFERIDA_DESCRICAO,39
SJRI,"BAIXA GRANDE DO RIBEIRO / Condomínio Boa Esperança, PI",aeroporto,aeroporto,SJRI,08º24'23''S,045º26'29''W,-8.40638888888889,-45.44138888888889,1825,22,W,1,1,0,INFERIDA_DESCRICAO,39
SJRK,"SANTANA DO ARAGUAIA / Agropecuária São Roberto, PA",aeroporto,aeroporto,SJRK,09º13'56''S,050º55'49''W,-9.232222222222223,-50.930277777777775,860,20,W,1,1,0,INFERIDA_DESCRICAO,39
SJRL,"NOBRES / Faz. do Açúcar, MT",aeroporto,aeroporto,SJRL,14º27'31''S,056º03'10''W,-14.45861111111111,-56.05277777777778,1001,17,W,1,1,0,INFERIDA_DESCRICAO,39
SJRM,"SANTO ANDRÉ / HELPN Monte das Oliveiras, SP",heliponto,heliponto,SJRM,23º39'54''S,046º31'13''W,-23.665,-46.52027777777778,2566,21,W,1,1,0,INFERIDA_DESCRICAO,39
SJRN,"PORTO ALEGRE / HELPN Carlos Gomes Center, RS",heliponto,heliponto,SJRN,30º01'53''S,051º10'36''W,-30.031388888888888,-51.17666666666666,419,17,W,1,1,0,INFERIDA_DESCRICAO,39
SJRO,"AURIFLAMA / Faz. Santa Elisa, SP",aeroporto,aeroporto,SJRO,20º31'50''S,050º38'06''W,-20.530555555555555,-50.635,1312,20,W,1,1,0,INFERIDA_DESCRICAO,39
SJRP,"MIRANDA / Faz. Santângelo Agropecuária, MS",aeroporto,aeroporto,SJRP,20º07'57''S,056º22'16''W,-20.1325,-56.37111111111111,450,16,W,1,1,0,INFERIDA_DESCRICAO,39
SJRQ,"SÃO PAULO / HELPN Hospital São Camilo Pompéia, SP",heliponto,heliponto,SJRQ,23º32'02''S,046º41'18''W,-23.53388888888889,-46.68833333333333,2703,21,W,1,1,0,INFERIDA_DESCRICAO,39
SJRR,"PARAÚNA / Faz. Barreiro, GO",aeroporto,aeroporto,SJRR,17º03'15''S,050º55'42''W,-17.054166666666667,-50.92833333333333,2461,20,W,1,1,0,INFERIDA_DESCRICAO,39
SJRS,"JUNQUEIRÓPOLIS / Faz. Guanabara, SP",aeroporto,aeroporto,SJRS,21º20'37''S,051º24'12''W,-21.34361111111111,-51.40333333333333,1017,19,W,1,1,0,INFERIDA_DESCRICAO,39
SJRT,"PARANATINGA / Faz. Arrendamento, MT",aeroporto,aeroporto,SJRT,14º22'10''S,054º00'09''W,-14.369444444444445,-54.0025,1499,18,W,1,1,0,INFERIDA_DESCRICAO,39
SJRU,"SÃO PAULO / HELPN Maria Cecília Lara Campos, SP",heliponto,heliponto,SJRU,23º35'26''S,046º40'59''W,-23.590555555555554,-46.683055555555555,2595,21,W,1,1,0,INFERIDA_DESCRICAO,39
SJRV,"NOVA MARINGÁ / PCH Garganta da Jararaca, MT",aeroporto,aeroporto,SJRV,13º23'10''S,057º36'56''W,-13.386111111111111,-57.61555555555556,1394,16,W,1,1,0,INFERIDA_DESCRICAO,39
SJRW,"ÁGUA CLARA / PCH Buriti, MS",aeroporto,aeroporto,SJRW,19º20'28''S,052º41'22''W,-19.34111111111111,-52.68944444444444,1581,19,W,1,1,0,INFERIDA_DESCRICAO,39
SJRX,"PRAIA GRANDE / HELPN Grupamento Aéreo da Polícia Militar / Praia Grande, SP",heliponto,heliponto,SJRX,24º02'00''S,046º29'36''W,-24.033333333333335,-46.49333333333333,6,21,W,1,1,0,INFERIDA_DESCRICAO,39
SJRZ,"SÃO PAULO / HELPN João Domingues de Araújo, SP",heliponto,heliponto,SJRZ,23º36'15''S,046º41'37''W,-23.604166666666668,-46.69361111111111,2631,21,W,1,1,0,INFERIDA_DESCRICAO,39
SJSA,"JUTI / Faz. Aimorés, MS",aeroporto,aeroporto,SJSA,22º47'23''S,054º35'52''W,-22.789722222222224,-54.59777777777778,1263,17,W,1,1,0,INFERIDA_DESCRICAO,39
SJSE,"ITAITUBA / Serabi, PA",aeroporto,aeroporto,SJSE,06º19'11''S,055º47'42''W,-6.319722222222222,-55.794999999999995,1017,18,W,1,1,0,INFERIDA_DESCRICAO,39
SJSG,"SÃO JOSÉ DA LAGE/ HELPN Usina Serra Grande, AL",heliponto,heliponto,SJSG,08º58'41''S,036º04'13''W,-8.978055555555555,-36.07027777777778,1175,23,W,1,1,0,INFERIDA_DESCRICAO,39
SJSH,"GOVERNADOR CELSO RAMOS / Sonhar, SC",aeroporto,aeroporto,SJSH,27º22'14''S,048º36'44''W,-27.370555555555555,-48.61222222222222,33,19,W,1,1,0,INFERIDA_DESCRICAO,39
SJSJ,"ÁGUA CLARA / Faz. São José do Cangalha, MS",aeroporto,aeroporto,SJSJ,19º30'56''S,052º36'17''W,-19.515555555555554,-52.60472222222222,1201,19,W,1,1,0,INFERIDA_DESCRICAO,39
SJSL,"ICARAIMA / Faz. Santa Luzia, PR",aeroporto,aeroporto,SJSL,23º20'52''S,053º30'00''W,-23.347777777777775,-53.5,1162,17,W,1,1,0,INFERIDA_DESCRICAO,39
SJSN,"SÃO LUIZ DO NORTE / Faz. Carvalho, GO",aeroporto,aeroporto,SJSN,14º50'12''S,049º21'41''W,-14.836666666666668,-49.36138888888889,1871,21,W,1,1,0,INFERIDA_DESCRICAO,39
SJSO,"LUCAS DO RIO VERDE / Faz. Divisão II, MT",aeroporto,aeroporto,SJSO,12º57'13''S,056º19'06''W,-12.95361111111111,-56.318333333333335,1358,17,W,1,1,0,INFERIDA_DESCRICAO,39
SJSR,"MARA ROSA / Faz. Santa Rosa, GO",aeroporto,aeroporto,SJSR,13º59'32''S,049º45'47''W,-13.992222222222221,-49.76305555555555,1044,21,W,1,1,0,INFERIDA_DESCRICAO,39
SJSS,"SORRISO / AGRIFOR, MT",aeroporto,aeroporto,SJSS,12º30'30''S,055º41'43''W,-12.508333333333333,-55.695277777777775,1100,18,W,1,1,0,INFERIDA_DESCRICAO,39
SJST,"CURITIBA / HELPN Umbará Energy, PR",heliponto,heliponto,SJST,25º36'15''S,049º17'37''W,-25.604166666666668,-49.29361111111111,2798,19,W,1,1,0,INFERIDA_DESCRICAO,39
SJSU,"VILA ALTA / Faz. São Marcus, PR",aeroporto,aeroporto,SJSU,23º33'51''S,053º47'50''W,-23.56416666666667,-53.79722222222222,1083,17,W,1,1,0,INFERIDA_DESCRICAO,39
SJSY,"NITERÓI / HELPN Resgate Região Oceânica, RJ",heliponto,heliponto,SJSY,22º56'20''S,043º03'39''W,-22.93888888888889,-43.06083333333333,56,23,W,1,1,0,INFERIDA_DESCRICAO,39
SJSZ,"MIRANDÓPOLIS / HELPN Usina Mundial, SP",heliponto,heliponto,SJSZ,21º11'43''S,051º13'06''W,-21.19527777777778,-51.218333333333334,1214,19,W,1,1,0,INFERIDA_DESCRICAO,39
SJTB,"CHAPADA DOS GUIMARÃES / Faz. Buriti, MT",aeroporto,aeroporto,SJTB,15º27'54''S,055º37'21''W,-15.465,-55.6225,2451,17,W,1,1,0,INFERIDA_DESCRICAO,39
SJTD,"SÃO PAULO / HELPN Plaza JK, SP",heliponto,heliponto,SJTD,23º35'26''S,046º41'04''W,-23.590555555555554,-46.68444444444444,2618,21,W,1,1,0,INFERIDA_DESCRICAO,39
SJTE,"ANGRA DOS REIS / HELPN Praia do Algodão, RJ",heliponto,heliponto,SJTE,22º59'28''S,044º25'22''W,-22.991111111111113,-44.422777777777775,69,22,W,1,1,0,INFERIDA_DESCRICAO,39
SJTF,"ALTA FLORESTA DO OESTE / Faz. Mequens, RO",aeroporto,aeroporto,SJTF,13º03'43''S,062º15'27''W,-13.061944444444444,-62.2575,552,13,W,1,1,0,INFERIDA_DESCRICAO,40
SJTG,"TANGARÁ DA SERRA / Faz. Calcário Tangará, MT",aeroporto,aeroporto,SJTG,14º27'01''S,057º48'02''W,-14.450277777777776,-57.800555555555555,1831,16,W,1,1,0,INFERIDA_DESCRICAO,40
SJTI,"TIBAGI / Faz. Iapó, PR",aeroporto,aeroporto,SJTI,24º31'40''S,050º21'57''W,-24.52777777777778,-50.365833333333335,2700,19,W,1,1,0,INFERIDA_DESCRICAO,40
SJTJ,"NOVA ALVORADA DO SUL / Faz. Guanabara, MS",aeroporto,aeroporto,SJTJ,21º07'00''S,054º26'59''W,-21.116666666666667,-54.44972222222222,1450,17,W,1,1,0,INFERIDA_DESCRICAO,40
SJTK,"BROTAS / Ecofly, SP",aeroporto,aeroporto,SJTK,22º17'49''S,048º07'13''W,-22.296944444444446,-48.12027777777778,2129,21,W,1,1,0,INFERIDA_DESCRICAO,40
SJTL,"JAGUAPITÃ / Aero Agrícola Gaivota, PR",aeroporto,aeroporto,SJTL,22º58'43''S,051º32'55''W,-22.97861111111111,-51.54861111111111,1821,19,W,1,1,0,INFERIDA_DESCRICAO,40
SJTM,"MIRANDÓPOLIS / Santa Cecília, SP",aeroporto,aeroporto,SJTM,20º53'16''S,050º59'18''W,-20.887777777777778,-50.98833333333334,1260,19,W,1,1,0,INFERIDA_DESCRICAO,40
SJTN,"MONTE ALEGRE DE GOIÁS / Faz. Alvorada do Caxingó, GO",aeroporto,aeroporto,SJTN,13º22'30''S,046º53'51''W,-13.375,-46.8975,1742,22,W,1,1,0,INFERIDA_DESCRICAO,40
SJTO,"CAMPO NOVO DO PARECIS / São José, MT",aeroporto,aeroporto,SJTO,14º08'38''S,057º46'50''W,-14.143888888888888,-57.78055555555555,2083,16,W,1,1,0,INFERIDA_DESCRICAO,40
SJTP,"TAPURÁ / Boa Safra, MT",aeroporto,aeroporto,SJTP,12º43'41''S,056º30'10''W,-12.728055555555555,-56.50277777777778,1321,17,W,1,1,0,INFERIDA_DESCRICAO,40
SJTR,"SÃO PAULO / HELPN Angélica IV, SP",heliponto,heliponto,SJTR,23º33'14''S,046º39'46''W,-23.55388888888889,-46.66277777777778,2933,21,W,1,1,0,INFERIDA_DESCRICAO,40
SJTS,"TERRA SANTA / Terra Santa, PA",aeroporto,aeroporto,SJTS,02º04'22''S,056º29'20''W,-2.072777777777778,-56.48888888888889,83,17,W,1,1,0,INFERIDA_DESCRICAO,40
SJTT,"NOVO PLANALTO / Faz. Lagoa do Barro, GO",aeroporto,aeroporto,SJTT,13º14'19''S,049º42'34''W,-13.23861111111111,-49.70944444444445,926,21,W,1,1,0,INFERIDA_DESCRICAO,40
SJTU,"CAMPO NOVO DO PARECIS / Faz. Tucano, MT",aeroporto,aeroporto,SJTU,13º34'58''S,057º33'34''W,-13.582777777777778,-57.559444444444445,1765,16,W,1,1,0,INFERIDA_DESCRICAO,40
SJTV,"JUARA / Faz. Guerra, MT",aeroporto,aeroporto,SJTV,11º28'27''S,057º55'16''W,-11.474166666666667,-57.92111111111111,984,16,W,1,1,0,INFERIDA_DESCRICAO,40
SJTX,"BELA VISTA DO MARANHÃO / HELPN Faz. Nelore, MA",heliponto,heliponto,SJTX,03º43'53''S,045º16'24''W,-3.731388888888889,-45.27333333333333,182,21,W,1,1,0,INFERIDA_DESCRICAO,40
SJTY,"SÃO PAULO / HELPN Gran Meliá Mofarrej, SP",heliponto,heliponto,SJTY,23º33'51''S,046º39'21''W,-23.56416666666667,-46.655833333333334,2969,21,W,1,1,0,INFERIDA_DESCRICAO,40
SJTZ,"DOM ELISEU / Dom Eliseu, PA",aeroporto,aeroporto,SJTZ,04º18'10''S,047º34'54''W,-4.302777777777778,-47.58166666666667,800,21,W,1,1,0,INFERIDA_DESCRICAO,40
SJUA,"CORRENTINA / Faz. Ipanema, BA",aeroporto,aeroporto,SJUA,13º37'33''S,046º08'23''W,-13.625833333333334,-46.13972222222222,3101,22,W,1,1,0,INFERIDA_DESCRICAO,40
SJUB,"VILA BELA DA S.S. TRINDADE / Faz. Rio Azul, MT",aeroporto,aeroporto,SJUB,15º11'00''S,060º13'18''W,-15.183333333333334,-60.22166666666667,896,14,W,1,1,0,INFERIDA_DESCRICAO,40
SJUE,"BARUERI / HELPN Ecological Center, SP",heliponto,heliponto,SJUE,23º32'05''S,046º52'29''W,-23.534722222222225,-46.874722222222225,2575,21,W,1,1,0,INFERIDA_DESCRICAO,40
SJUF,"PEDRA BRANCA DO AMAPARI / HELPN Silvestre, AP",heliponto,heliponto,SJUF,00º51'22''N,051º53'18''W,0.856111111111111,-51.888333333333335,446,19,W,1,1,0,INFERIDA_DESCRICAO,40
SJUH,"PEDRINÓPOLIS / FAZ. Lagoinha, MG",aeroporto,aeroporto,SJUH,19º14'19''S,047º29'52''W,-19.238611111111112,-47.49777777777778,3346,21,W,1,1,0,INFERIDA_DESCRICAO,40
SJUI,"MOGI-MIRIM / HELPN Faz. São Francisco, SP",heliponto,heliponto,SJUI,22º22'56''S,047º00'30''W,-22.38222222222222,-47.00833333333333,2149,21,W,1,1,0,INFERIDA_DESCRICAO,40
SJUJ,"CAMPOS DE JÚLIO / Faz. Juína, MT",aeroporto,aeroporto,SJUJ,13º27'13''S,059º15'37''W,-13.45361111111111,-59.26027777777778,2215,15,W,1,1,0,INFERIDA_DESCRICAO,40
SJUK,"TANGARÁ DA SERRA / Faz. Capitão Verdi, MT",aeroporto,aeroporto,SJUK,14º21'36''S,057º55'04''W,-14.36,-57.91777777777777,2435,16,W,1,1,0,INFERIDA_DESCRICAO,40
SJUL,"IARAS / Faz. Rio Pardo, SP",aeroporto,aeroporto,SJUL,22º52'40''S,049º02'16''W,-22.87777777777778,-49.03777777777778,2258,20,W,1,1,0,INFERIDA_DESCRICAO,40
SJUO,"SÃO PAULO / HELPN Forest Trade, SP",heliponto,heliponto,SJUO,23º34'46''S,046º39'42''W,-23.579444444444444,-46.66166666666666,2526,21,W,1,1,0,INFERIDA_DESCRICAO,40
SJUP,"CAMAÇARI / HELPN Braskem, BA",heliponto,heliponto,SJUP,12º40'46''S,038º19'16''W,-12.679444444444444,-38.321111111111115,223,23,W,1,1,0,INFERIDA_DESCRICAO,40
SJUQ,"TRÊS LAGOAS / Faz. Vista Alegre, MS",aeroporto,aeroporto,SJUQ,19º44'21''S,052º36'22''W,-19.739166666666666,-52.60611111111111,1349,19,W,1,1,0,INFERIDA_DESCRICAO,40
SJUR,"PORTO SEGURO/ Terravista, BA",aeroporto,aeroporto,SJUR,16º32'27''S,039º06'28''W,-16.540833333333335,-39.10777777777778,174,24,W,1,1,0,INFERIDA_DESCRICAO,40
SJUS,"BRITÂNIA / Faz. Acará, GO",aeroporto,aeroporto,SJUS,15º04'28''S,051º09'32''W,-15.074444444444444,-51.15888888888889,804,20,W,1,1,0,INFERIDA_DESCRICAO,40
SJUT,"RIO BRANCO DO SUL/ HELPN Cimento Rio Branco, PR",heliponto,heliponto,SJUT,25º11'07''S,049º19'00''W,-25.185277777777777,-49.31666666666667,3066,19,W,1,1,0,INFERIDA_DESCRICAO,40
SJUU,"NOVA ROMA / Faz. Paraná, GO",aeroporto,aeroporto,SJUU,14º01'41''S,046º52'16''W,-14.028055555555556,-46.87111111111111,1450,22,W,1,1,0,INFERIDA_DESCRICAO,40
SJUV,"SÃO PAULO / HELPN A Universal, SP",heliponto,heliponto,SJUV,23º31'02''S,046º37'38''W,-23.51722222222222,-46.62722222222222,2507,21,W,1,1,0,INFERIDA_DESCRICAO,40
SJUW,"CAMPINAS / HELPN CPFL Sede, SP",heliponto,heliponto,SJUW,22º51'28''S,047º02'42''W,-22.85777777777778,-47.044999999999995,2350,21,W,1,1,0,INFERIDA_DESCRICAO,40
SJUX,"BARRA DO PIRAÍ / HELPN MBP - Metalúrgica Barra do Piraí, RJ",heliponto,heliponto,SJUX,22º28'35''S,043º51'06''W,-22.476388888888888,-43.85166666666667,1182,22,W,1,1,0,INFERIDA_DESCRICAO,40
SJUY,"RIO DAS OSTRAS / HELPN Sinal Empreendimentos, RJ",heliponto,heliponto,SJUY,22º29'18''S,041º56'04''W,-22.488333333333333,-41.93444444444444,33,23,W,1,1,0,INFERIDA_DESCRICAO,40
SJUZ,"MORUNGABA / HELPN Santo Aleixo, SP",heliponto,heliponto,SJUZ,22º55'15''S,046º47'31''W,-22.920833333333334,-46.79194444444444,3006,21,W,1,1,0,INFERIDA_DESCRICAO,40
SJVA,"SÃO PAULO / HELPN Djy, SP",heliponto,heliponto,SJVA,23º35'50''S,046º41'08''W,-23.59722222222222,-46.68555555555555,2603,21,W,1,1,0,INFERIDA_DESCRICAO,40
SJVC,"TANABI/ Ibiporanga da Felicidade, SP",aeroporto,aeroporto,SJVC,20º27'33''S,049º32'01''W,-20.459166666666665,-49.53361111111111,1779,20,W,1,1,0,INFERIDA_DESCRICAO,40
SJVD,"BURITIZEIRO / Nazaré da Felicidade, MG",aeroporto,aeroporto,SJVD,17º51'17''S,045º14'26''W,-17.854722222222225,-45.24055555555556,2550,22,W,1,1,0,INFERIDA_DESCRICAO,40
SJVE,"CAMPOS DO JORDÃO / HELPN VR Campos do Jordão, SP",heliponto,heliponto,SJVE,22º44'36''S,045º32'39''W,-22.743333333333336,-45.54416666666666,5673,22,W,1,1,0,INFERIDA_DESCRICAO,40
SJVF,"FIGUEIRÃO / Faz. Colorado, MS",aeroporto,aeroporto,SJVF,18º49'04''S,053º51'54''W,-18.817777777777778,-53.865,1785,18,W,1,1,0,INFERIDA_DESCRICAO,40
SJVG,"MACEIÓ / HELPN Jacarecica, AL",heliponto,heliponto,SJVG,09º36'17''S,035º40'47''W,-9.604722222222222,-35.67972222222222,1,23,W,1,1,0,INFERIDA_DESCRICAO,40
SJVH,"FORTALEZA / HELPN Condomínio do Edifício Mansão Macedo, CE",heliponto,heliponto,SJVH,03º43'46''S,038º30'04''W,-3.729444444444445,-38.50111111111111,276,21,W,1,1,0,INFERIDA_DESCRICAO,40
SJVJ,"TIETÊ / HELPN Chácara da Capela, SP",heliponto,heliponto,SJVJ,23º07'32''S,047º42'32''W,-23.125555555555557,-47.70888888888889,1676,21,W,1,1,0,INFERIDA_DESCRICAO,40
SJVL,"PERDIZES / Faz. Cachoeirinha, MG",aeroporto,aeroporto,SJVL,19º22'13''S,047º07'44''W,-19.37027777777778,-47.12888888888889,3281,21,W,1,1,0,INFERIDA_DESCRICAO,40
SJVM,"ALTA FLORESTA / Estância California, MT",aeroporto,aeroporto,SJVM,09º53'31''S,056º07'46''W,-9.891944444444444,-56.129444444444445,945,18,W,1,1,0,INFERIDA_DESCRICAO,40
SJVN,"ALMEIRIM / Faz. do Limão, PA",aeroporto,aeroporto,SJVN,00º17'21''N,053º52'12''W,0.2891666666666667,-53.87,984,18,W,1,1,0,INFERIDA_DESCRICAO,40
SJVO,"ARAGARÇAS / Aragarças, GO",aeroporto,aeroporto,SJVO,15º33'58''S,052º14'27''W,-15.566111111111113,-52.240833333333335,1061,19,W,1,1,0,INFERIDA_DESCRICAO,40
SJVP,"PRESIDENTE FIGUEIREDO / Vila Pitinga, AM",aeroporto,aeroporto,SJVP,00º47'57''S,060º05'02''W,-0.7991666666666667,-60.08388888888889,876,16,W,1,1,0,INFERIDA_DESCRICAO,40
SJVR,"JARDIM / Faz. São Joaquim, MS",aeroporto,aeroporto,SJVR,21º29'31''S,056º29'14''W,-21.491944444444446,-56.48722222222222,1181,16,W,1,1,0,INFERIDA_DESCRICAO,40
SJVS,"CAPINÓPOLIS / Vale do Paranaíba, MG",aeroporto,aeroporto,SJVS,18º42'11''S,049º41'13''W,-18.703055555555554,-49.68694444444444,1739,20,W,1,1,0,INFERIDA_DESCRICAO,40
SJVV,"MINAÇU / Faz. Catelani, GO",aeroporto,aeroporto,SJVV,13º28'24''S,048º27'33''W,-13.473333333333333,-48.45916666666667,2461,21,W,1,1,0,INFERIDA_DESCRICAO,40
SJVW,"BALSAS / Campos Gerais, MA",aeroporto,aeroporto,SJVW,08º31'01''S,046º44'49''W,-8.516944444444444,-46.746944444444445,1706,21,W,1,1,0,INFERIDA_DESCRICAO,41
SJVX,"ULIANÓPOLIS / Pagrisa, PA",aeroporto,aeroporto,SJVX,03º42'02''S,047º45'48''W,-3.700555555555556,-47.763333333333335,453,21,W,1,1,0,INFERIDA_DESCRICAO,41
SJVY,"SÃO MIGUEL DO TOCANTINS / Haras Bela Vista, TO",aeroporto,aeroporto,SJVY,05º32'30''S,047º30'09''W,-5.541666666666667,-47.5025,335,21,W,1,1,0,INFERIDA_DESCRICAO,41
SJVZ,"SAPEZAL / Faz. São Paulo, MT",aeroporto,aeroporto,SJVZ,13º36'37''S,058º34'09''W,-13.610277777777778,-58.56916666666667,2012,16,W,1,1,0,INFERIDA_DESCRICAO,41
SJWA,"MARACAJU / Usina Maracaju, MS",aeroporto,aeroporto,SJWA,21º20'43''S,055º26'00''W,-21.345277777777778,-55.43333333333333,1509,17,W,1,1,0,INFERIDA_DESCRICAO,41
SJWB,"PIRACANJUBA / Pouso Alto, GO",aeroporto,aeroporto,SJWB,17º27'28''S,048º58'59''W,-17.45777777777778,-48.98305555555556,2428,21,W,1,1,0,INFERIDA_DESCRICAO,41
SJWC,"ÁGUA CLARA / Faz. Nossa Senhora da Muxima, MS",aeroporto,aeroporto,SJWC,19º35'14''S,052º57'07''W,-19.58722222222222,-52.95194444444445,1532,18,W,1,1,0,INFERIDA_DESCRICAO,41
SJWD,"RIO BRILHANTE / Usina Passa Tempo, MS",aeroporto,aeroporto,SJWD,21º30'26''S,054º42'57''W,-21.50722222222222,-54.715833333333336,984,17,W,1,1,0,INFERIDA_DESCRICAO,41
SJWE,"CANARANA / Faz. Araribá, MT",aeroporto,aeroporto,SJWE,13º24'17''S,052º50'54''W,-13.404722222222222,-52.848333333333336,1279,19,W,1,1,0,INFERIDA_DESCRICAO,41
SJWF,"SÃO JOÃO DA BARRA / HELPN Mima, RJ",heliponto,heliponto,SJWF,21º38'50''S,041º01'25''W,-21.647222222222222,-41.02361111111111,16,23,W,1,1,0,INFERIDA_DESCRICAO,41
SJWG,"ALEGRETE / Itagro, RS",aeroporto,aeroporto,SJWG,29º46'49''S,055º41'50''W,-29.780277777777776,-55.697222222222216,384,13,W,1,1,0,INFERIDA_DESCRICAO,41
SJWH,"NOVA BRASILÂNDIA / Faz. Santa Inês, MT",aeroporto,aeroporto,SJWH,14º39'04''S,055º23'02''W,-14.651111111111112,-55.38388888888889,1330,18,W,1,1,0,INFERIDA_DESCRICAO,41
SJWI,"CAMPO GRANDE / Faz. Flor, MS",aeroporto,aeroporto,SJWI,21º29'49''S,053º44'59''W,-21.496944444444445,-53.749722222222225,1420,18,W,1,1,0,INFERIDA_DESCRICAO,41
SJWJ,"SÃO PAULO / HELPN HPE, SP",heliponto,heliponto,SJWJ,23º40'10''S,046º42'10''W,-23.669444444444444,-46.70277777777778,2424,21,W,1,1,0,INFERIDA_DESCRICAO,41
SJWK,"FORTALEZA / HELPN FIEC, CE",heliponto,heliponto,SJWK,03º44'22''S,038º30'32''W,-3.7394444444444446,-38.50888888888889,230,21,W,1,1,0,INFERIDA_DESCRICAO,41
SJWL,"GAÚCHA DO NORTE / Bôca da Mata, MT",aeroporto,aeroporto,SJWL,13º34'28''S,053º58'59''W,-13.574444444444444,-53.98305555555556,1804,19,W,1,1,0,INFERIDA_DESCRICAO,41
SJWM,"SAPEZAL / Faz. Sanga Funda, MT",aeroporto,aeroporto,SJWM,13º04'00''S,058º42'21''W,-13.066666666666666,-58.70583333333334,1949,16,W,1,1,0,INFERIDA_DESCRICAO,41
SJWN,"TAQUARITUBA / Faz. Santa Dulcina, SP",aeroporto,aeroporto,SJWN,23º33'00''S,049º15'00''W,-23.55,-49.25,2096,20,W,1,1,0,INFERIDA_DESCRICAO,41
SJWO,"BARRA DO BUGRES / Terra Santa, MT",aeroporto,aeroporto,SJWO,14º48'25''S,057º58'25''W,-14.806944444444445,-57.97361111111111,699,16,W,1,1,0,INFERIDA_DESCRICAO,41
SJWP,"SÃO DESIDÉRIO / Warpol, BA",aeroporto,aeroporto,SJWP,12º37'10''S,045º55'25''W,-12.619444444444445,-45.92361111111111,2650,22,W,1,1,0,INFERIDA_DESCRICAO,41
SJWQ,"BIRIGUI / José Doná, SP",aeroporto,aeroporto,SJWQ,21º13'03''S,050º18'03''W,-21.217499999999998,-50.30083333333333,1338,20,W,1,1,0,INFERIDA_DESCRICAO,41
SJWR,"ANGRA DOS REIS / HELPN Heligalo, RJ",heliponto,heliponto,SJWR,23º02'03''S,044º12'06''W,-23.034166666666668,-44.20166666666667,344,22,W,1,1,0,INFERIDA_DESCRICAO,41
SJWS,"SÃO SEBASTIÃO / HELPN Praia de Olaria, SP",heliponto,heliponto,SJWS,23º46'00''S,045º24'19''W,-23.766666666666666,-45.405277777777776,10,22,W,1,1,0,INFERIDA_DESCRICAO,41
SJWT,"ITIQUIRA / Faz. Sucuri, MT",aeroporto,aeroporto,SJWT,17º23'45''S,054º45'35''W,-17.395833333333332,-54.75972222222222,1788,18,W,1,1,0,INFERIDA_DESCRICAO,41
SJWU,"NOVA VENÉCIA / Faz. Ideal, ES",aeroporto,aeroporto,SJWU,18º40'02''S,040º19'58''W,-18.66722222222222,-40.33277777777778,471,24,W,1,1,0,INFERIDA_DESCRICAO,41
SJWV,"SÃO MIGUEL DO ARAGUAIA / Faz. São Judas, GO",aeroporto,aeroporto,SJWV,13º22'41''S,050º25'28''W,-13.378055555555555,-50.42444444444444,1030,20,W,1,1,0,INFERIDA_DESCRICAO,41
SJWW,"ÁGUA CLARA / Faz. Cachoeira Preta, MS",aeroporto,aeroporto,SJWW,20º01'17''S,053º12'58''W,-20.02138888888889,-53.21611111111111,1083,18,W,1,1,0,INFERIDA_DESCRICAO,41
SJWX,"EUCLIDES DA CUNHA PAULISTA / Rio Alegre, SP",aeroporto,aeroporto,SJWX,22º34'30''S,052º30'11''W,-22.575,-52.503055555555555,981,18,W,1,1,0,INFERIDA_DESCRICAO,41
SJWY,"BRASÍLIA / HELPN Parkway, DF",heliponto,heliponto,SJWY,15º54'39''S,047º58'23''W,-15.910833333333334,-47.973055555555554,3724,21,W,1,1,0,INFERIDA_DESCRICAO,41
SJWZ,"SÃO PAULO / HELPN E-Tower, SP",heliponto,heliponto,SJWZ,23º35'37''S,046º41'24''W,-23.59361111111111,-46.69,2848,21,W,1,1,0,INFERIDA_DESCRICAO,41
SJXA,"BAGÉ / Aeromis, RS",aeroporto,aeroporto,SJXA,31º17'32''S,054º09'22''W,-31.292222222222225,-54.15611111111111,886,14,W,1,1,0,INFERIDA_DESCRICAO,41
SJXB,"PORTO ESPERIDIÃO / Aguapey, MT",aeroporto,aeroporto,SJXB,15º45'23''S,058º48'07''W,-15.756388888888889,-58.801944444444445,600,15,W,1,1,0,INFERIDA_DESCRICAO,41
SJXC,"SANTA CRUZ CABRÁLIA / Usina Santa Cruz, BA",aeroporto,aeroporto,SJXC,16º10'59''S,039º21'29''W,-16.18305555555556,-39.35805555555556,410,24,W,1,1,0,INFERIDA_DESCRICAO,41
SJXD,"CAPITÓLIO / HELPN Escarpas, MG",heliponto,heliponto,SJXD,20º38'25''S,046º00'13''W,-20.640277777777776,-46.00361111111111,2602,22,W,1,1,0,INFERIDA_DESCRICAO,41
SJXE,"SILVA JARDIM / HELPN Sinal Construtora, RJ",heliponto,heliponto,SJXE,22º41'01''S,042º22'11''W,-22.683611111111112,-42.36972222222222,68,23,W,1,1,0,INFERIDA_DESCRICAO,41
SJXF,"TRAIRI / HELPN Aloiso Ximenes de Farias Junior, CE",heliponto,heliponto,SJXF,03º13'23''S,039º15'20''W,-3.223055555555556,-39.25555555555555,33,21,W,1,1,0,INFERIDA_DESCRICAO,41
SJXH,"IRAÍ / Águas Frias, RS",aeroporto,aeroporto,SJXH,27º13'01''S,053º16'21''W,-27.216944444444444,-53.2725,1135,16,W,1,1,0,INFERIDA_DESCRICAO,41
SJXM,"LIMA DUARTE / Carolina de Assis Repetto, MG",aeroporto,aeroporto,SJXM,21º43'56''S,043º53'40''W,-21.73222222222222,-43.894444444444446,3452,22,W,1,1,0,INFERIDA_DESCRICAO,41
SJXN,"POCONÉ / Parque Faz. Bom Futuro, MT",aeroporto,aeroporto,SJXN,17º11'29''S,057º02'02''W,-17.191388888888888,-57.03388888888889,361,16,W,1,1,0,INFERIDA_DESCRICAO,41
SJXO,"MANGARATIBA / HELPN HP Padilha, RJ",heliponto,heliponto,SJXO,23º02'19''S,044º09'12''W,-23.038611111111113,-44.15333333333333,16,22,W,1,1,0,INFERIDA_DESCRICAO,41
SJXP,"SÃO PAULO / HELPN Alice Maria Sampaio Ferreira, SP",heliponto,heliponto,SJXP,23º36'31''S,046º41'39''W,-23.608611111111113,-46.69416666666666,2579,21,W,1,1,0,INFERIDA_DESCRICAO,41
SJXQ,"RIBEIRÃO PRETO / HELPN Ribeirão Shopping, SP",heliponto,heliponto,SJXQ,21º12'42''S,047º50'04''W,-21.211666666666666,-47.83444444444444,2037,21,W,1,1,0,INFERIDA_DESCRICAO,41
SJXR,"PRAIA GRANDE / HELPN B. Cao Viño, SP",heliponto,heliponto,SJXR,24º00'35''S,046º25'02''W,-24.009722222222223,-46.41722222222222,177,21,W,1,1,0,INFERIDA_DESCRICAO,41
SJXS,"BELMONTE / Veracel, BA",aeroporto,aeroporto,SJXS,16º06'16''S,039º21'50''W,-16.104444444444447,-39.36388888888889,434,24,W,1,1,0,INFERIDA_DESCRICAO,41
SJXT,"ANGRA DOS REIS / HELPN Iguassú, RJ",heliponto,heliponto,SJXT,23º07'16''S,044º11'34''W,-23.121111111111112,-44.19277777777778,16,22,W,1,1,0,INFERIDA_DESCRICAO,41
SJXU,"GRAMADO / HELPN Alphaville Gramado, RS",heliponto,heliponto,SJXU,29º23'01''S,050º53'18''W,-29.38361111111111,-50.888333333333335,2684,17,W,1,1,0,INFERIDA_DESCRICAO,41
SJXV,"AMAMBAÍ / Faz. Bela Vista, MS",aeroporto,aeroporto,SJXV,22º55'52''S,055º03'16''W,-22.93111111111111,-55.05444444444444,1256,16,W,1,1,0,INFERIDA_DESCRICAO,41
SJXW,"NOVA ALVORADA DO SUL / Faz. 3M, MS",aeroporto,aeroporto,SJXW,21º40'25''S,054º02'09''W,-21.67361111111111,-54.03583333333333,1155,17,W,1,1,0,INFERIDA_DESCRICAO,41
SJXX,"PONTA PORÃ / Recreio, MS",aeroporto,aeroporto,SJXX,22º40'46''S,055º32'26''W,-22.679444444444446,-55.54055555555556,1968,16,W,1,1,0,INFERIDA_DESCRICAO,41
SJXY,"ANGRA DOS REIS / HELPN Piratas Mall, RJ",heliponto,heliponto,SJXY,23º00'13''S,044º17'57''W,-23.003611111111113,-44.299166666666665,6,22,W,1,1,0,INFERIDA_DESCRICAO,41
SJXZ,"SÃO PAULO / HELPN Namour, SP",heliponto,heliponto,SJXZ,23º34'22''S,046º38'28''W,-23.572777777777777,-46.64111111111111,2900,21,W,1,1,0,INFERIDA_DESCRICAO,41
SJYA,"SAQUAREMA / HELPN Caraguatá, RJ",heliponto,heliponto,SJYA,22º55'15''S,042º28'39''W,-22.920833333333334,-42.4775,162,23,W,1,1,0,INFERIDA_DESCRICAO,41
SJYB,"SÃO PAULO / HELPN Edifício Plaza I, SP",heliponto,heliponto,SJYB,23º36'37''S,046º41'44''W,-23.610277777777778,-46.69555555555555,2648,21,W,1,1,0,INFERIDA_DESCRICAO,41
SJYC,"PEIXE / AHE Peixe Angical, TO",aeroporto,aeroporto,SJYC,12º12'11''S,048º28'11''W,-12.203055555555554,-48.469722222222224,808,21,W,1,1,0,INFERIDA_DESCRICAO,41
SJYD,"SANTA LUZIA D’OESTE / Faz. Kajussol, RO",aeroporto,aeroporto,SJYD,11º57'53''S,061º41'12''W,-11.964722222222221,-61.68666666666666,636,14,W,1,1,0,INFERIDA_DESCRICAO,42
SJYE,"PACARAIMA / Água Fria, RR",aeroporto,aeroporto,SJYE,04º37'14''N,060º16'38''W,4.620555555555556,-60.27722222222222,994,15,W,1,1,0,INFERIDA_DESCRICAO,42
SJYF,"CARACARAÍ / Ajarani, RR",aeroporto,aeroporto,SJYF,02º00'28''N,061º28'33''W,2.0077777777777777,-61.475833333333334,594,15,W,1,1,0,INFERIDA_DESCRICAO,42
SJYG,"ALTO ALEGRE / Alto Mucajaí, RR",aeroporto,aeroporto,SJYG,02º45'54''N,062º13'17''W,2.765,-62.22138888888889,237,14,W,1,1,0,INFERIDA_DESCRICAO,42
SJYI,"PACARAIMA / Araí, RR",aeroporto,aeroporto,SJYI,04º26'38''N,060º50'50''W,4.443888888888889,-60.84722222222222,1500,15,W,1,1,0,INFERIDA_DESCRICAO,42
SJYJ,"ALTO ALEGRE / Aratha-Ú, RR",aeroporto,aeroporto,SJYJ,03º09'39''N,063º46'53''W,3.160833333333333,-63.78138888888889,236,14,W,1,1,0,INFERIDA_DESCRICAO,42
SJYK,"CARACARAÍ / Baixo Catrimani, RR",aeroporto,aeroporto,SJYK,01º04'16''N,062º13'06''W,1.0711111111111111,-62.218333333333334,171,14,W,1,1,0,INFERIDA_DESCRICAO,42
SJYL,"ALTO ALEGRE / Baixo Mucajaí, RR",aeroporto,aeroporto,SJYL,02º44'13''N,062º01'10''W,2.7369444444444446,-62.019444444444446,499,15,W,1,1,0,INFERIDA_DESCRICAO,42
SJYM,"PACARAIMA / Bala, RR",aeroporto,aeroporto,SJYM,03º50'14''N,060º36'12''W,3.8372222222222225,-60.60333333333333,348,15,W,1,1,0,INFERIDA_DESCRICAO,42
SJYO,"PACARAIMA / Bananal, RR",aeroporto,aeroporto,SJYO,04º37'58''N,060º35'08''W,4.632777777777778,-60.58555555555556,892,15,W,1,1,0,INFERIDA_DESCRICAO,42
SJYP,"UIRAMUTÃ / Bananeira, RR",aeroporto,aeroporto,SJYP,04º19'16''N,060º11'38''W,4.321111111111111,-60.193888888888885,892,15,W,1,1,0,INFERIDA_DESCRICAO,42
SJYR,"PACARAIMA / Cajú, RR",aeroporto,aeroporto,SJYR,04º42'21''N,060º30'55''W,4.7058333333333335,-60.515277777777776,794,15,W,1,1,0,INFERIDA_DESCRICAO,42
SJYS,"NORMANDIA / Camará, RR",aeroporto,aeroporto,SJYS,03º59'27''N,060º10'54''W,3.9908333333333332,-60.181666666666665,594,15,W,1,1,0,INFERIDA_DESCRICAO,42
SJYT,"PACARAIMA / Campo Formoso, RR",aeroporto,aeroporto,SJYT,04º43'12''N,060º46'11''W,4.72,-60.76972222222222,1194,15,W,1,1,0,INFERIDA_DESCRICAO,42
SJYU,"PACARAIMA / Campo Grande, RR",aeroporto,aeroporto,SJYU,04º41'08''N,060º48'10''W,4.685555555555556,-60.80277777777778,1194,15,W,1,1,0,INFERIDA_DESCRICAO,42
SJYV,"APIAÍ / HELPN Cauê-Apiaí, SP",heliponto,heliponto,SJYV,24º31'00''S,048º50'59''W,-24.516666666666666,-48.849722222222226,2959,20,W,1,1,0,INFERIDA_DESCRICAO,42
SJYW,"SANTA TEREZINHA / Faz. Santa Terezinha, MT",aeroporto,aeroporto,SJYW,10º19'53''S,050º56'25''W,-10.331388888888888,-50.94027777777777,748,20,W,1,1,0,INFERIDA_DESCRICAO,42
SJYY,"BRASNORTE / Rio do Sangue, MT",aeroporto,aeroporto,SJYY,11º31'20''S,058º10'38''W,-11.522222222222224,-58.17722222222222,935,16,W,1,1,0,INFERIDA_DESCRICAO,42
SJYZ,"PRIMAVERA DO LESTE / Faz. Lagoa Encantada, MT",aeroporto,aeroporto,SJYZ,15º16'13''S,054º15'27''W,-15.270277777777778,-54.2575,1968,18,W,1,1,0,INFERIDA_DESCRICAO,42
SJZB,"CASTANHEIRA/ Vale do Tucanã, MT",aeroporto,aeroporto,SJZB,10º41'22''S,058º38'59''W,-10.689444444444444,-58.64972222222222,879,16,W,1,1,0,INFERIDA_DESCRICAO,42
SJZC,"MARAIAL / Destilaria São Luiz, PE",aeroporto,aeroporto,SJZC,08º46'44''S,035º47'06''W,-8.77888888888889,-35.785,1371,22,W,1,1,0,INFERIDA_DESCRICAO,42
SJZD,"CORUMBÁ / Faz. Bandeiras, MS",aeroporto,aeroporto,SJZD,17º51'43''S,056º42'11''W,-17.861944444444447,-56.70305555555556,361,16,W,1,1,0,INFERIDA_DESCRICAO,42
SJZE,"TRÊS LAGOAS / Faz. Brioso, MS",aeroporto,aeroporto,SJZE,20º14'26''S,052º23'12''W,-20.240555555555556,-52.38666666666666,1270,19,W,1,1,0,INFERIDA_DESCRICAO,42
SJZF,"TRÊS LAGOAS / Faz. Campo Triste, MS",aeroporto,aeroporto,SJZF,20º37'07''S,052º01'05''W,-20.61861111111111,-52.018055555555556,1197,19,W,1,1,0,INFERIDA_DESCRICAO,42
SJZG,"CONFRESA/ Leonel de Moura Brizola, MT",aeroporto,aeroporto,SJZG,10º39'30''S,051º26'10''W,-10.658333333333333,-51.43611111111111,1188,20,W,1,1,0,INFERIDA_DESCRICAO,42
SJZH,"NOVA SANTA HELENA / Faz. Rio do Fogo, MT",aeroporto,aeroporto,SJZH,10º52'54''S,054º59'52''W,-10.881666666666668,-54.99777777777778,981,18,W,1,1,0,INFERIDA_DESCRICAO,42
SJZI,"SANTOS / HELPN Monte Carmelo, SP",heliponto,heliponto,SJZI,23º57'30''S,046º19'51''W,-23.958333333333332,-46.33083333333334,99,21,W,1,1,0,INFERIDA_DESCRICAO,42
SJZJ,"CAMPOS DO JORDÃO / HELPN Rancho Dória, SP",heliponto,heliponto,SJZJ,22º41'53''S,045º31'47''W,-22.698055555555555,-45.52972222222222,5223,22,W,1,1,0,INFERIDA_DESCRICAO,42
SJZK,"RIO DE JANEIRO / HELPN Projac, RJ",heliponto,heliponto,SJZK,22º57'24''S,043º23'50''W,-22.956666666666667,-43.39722222222222,94,23,W,1,1,0,INFERIDA_DESCRICAO,42
SJZL,"SÃO PAULO / HELPN Daslu, SP",heliponto,heliponto,SJZL,23º35'33''S,046º41'29''W,-23.592499999999998,-46.69138888888889,2451,21,W,1,1,0,INFERIDA_DESCRICAO,42
SJZM,"ARRAIAS / Carlos Alberto Pinto, TO",aeroporto,aeroporto,SJZM,12º36'25''S,046º44'50''W,-12.606944444444444,-46.74722222222222,1188,22,W,1,1,0,INFERIDA_DESCRICAO,42
SJZN,"SANTA CRUZ CABRÁLIA / HELPN Costa Brasilis, BA",heliponto,heliponto,SJZN,16º14'30''S,039º00'33''W,-16.241666666666667,-39.009166666666665,3,24,W,1,1,0,INFERIDA_DESCRICAO,42
SJZO,"CORUMBÁ / Faz. Boi Branco, MS",aeroporto,aeroporto,SJZO,18º27'56''S,056º45'48''W,-18.465555555555554,-56.763333333333335,394,16,W,1,1,0,INFERIDA_DESCRICAO,42
SJZP,"NOVO MUNDO / Aeródromo Mathovi, MT",aeroporto,aeroporto,SJZP,09º49'59''S,055º27'53''W,-9.833055555555555,-55.46472222222223,1070,18,W,1,1,0,INFERIDA_DESCRICAO,42
SJZQ,"CORRENTE / Faz. Monte Alegre, PI",aeroporto,aeroporto,SJZQ,10º33'51''S,044º56'49''W,-10.564166666666667,-44.94694444444444,1444,22,W,1,1,0,INFERIDA_DESCRICAO,42
SJZR,"URUÇUÍ / Faz. Italia, PI",aeroporto,aeroporto,SJZR,07º26'41''S,044º21'12''W,-7.4447222222222225,-44.35333333333333,1280,22,W,1,1,0,INFERIDA_DESCRICAO,42
SJZS,"URUÇUÍ / Faz. Canel, PI",aeroporto,aeroporto,SJZS,07º32'24''S,044º49'21''W,-7.54,-44.822500000000005,1280,22,W,1,1,0,INFERIDA_DESCRICAO,42
SJZT,"SERRA RAMALHO / Faz. Busato II, BA",aeroporto,aeroporto,SJZT,13º14'19''S,043º44'10''W,-13.23861111111111,-43.736111111111114,1500,23,W,1,1,0,INFERIDA_DESCRICAO,42
SJZU,"SÃO PAULO / HELPN Seculum, SP",heliponto,heliponto,SJZU,23º35'07''S,046º40'58''W,-23.585277777777776,-46.68277777777777,2592,21,W,1,1,0,INFERIDA_DESCRICAO,42
SJZV,"ITU / HELPN Terras de São José, SP",heliponto,heliponto,SJZV,23º17'54''S,047º17'42''W,-23.298333333333336,-47.294999999999995,2038,21,W,1,1,0,INFERIDA_DESCRICAO,42
SJZW,"ITATINGA / Faz. Regina, SP",aeroporto,aeroporto,SJZW,23º17'12''S,048º44'17''W,-23.28666666666667,-48.738055555555555,2044,20,W,1,1,0,INFERIDA_DESCRICAO,42
SJZX,"CORUMBÁ / Faz. Rebojo, MS",aeroporto,aeroporto,SJZX,20º01'35''S,057º55'08''W,-20.02638888888889,-57.91888888888889,397,15,W,1,1,0,INFERIDA_DESCRICAO,42
SKA,SKANDI ACHIEVER,plataforma,plataforma,9PBA,22º22'09''S,040º02'06''W,-22.36916666666667,-40.035,0,22,W,1,1,0,INFERIDA_DESCRICAO,42
SKAC,SKANDI ACHIEVER,plataforma,plataforma,9PBA,24º44'00''S,042º29'00''W,-24.733333333333334,-42.483333333333334,0,22,W,1,1,0,INFERIDA_DESCRICAO,42
SKAÇ,SAKANDI AÇU,plataforma,plataforma,9PKS,24º46'06''S,042º30'43''W,-24.76833333333333,-42.511944444444445,71,23,W,1,1,0,INFERIDA_DESCRICAO,42
SKAU,"NAVIO, SKANDI AÇU, bs  21XX2139-7455",plataforma,plataforma,9PKS,23º58'03''S,042º19'59''W,-23.967499999999998,-42.33305555555556,75,22,W,1,1,0,INFERIDA_DESCRICAO,42
SKBO,"Aeroporto Eldorado Bogota, Colombia",aeroporto,aeroporto,SKBO,04º42'05''N,074º08'49''W,4.701388888888889,-74.14694444444446,0,7,W,1,1,0,INFERIDA_DESCRICAO,42
SKBU,"NAVIO, SKANDI BUZIOS",plataforma,plataforma,9PKB,21º58'34''S,039º48'38''W,-21.97611111111111,-39.81055555555555,0,22,W,1,1,0,INFERIDA_DESCRICAO,42
SKCL,SKANDI CARLA,plataforma,plataforma,9PJZ,21º54'00''S,039º44'00''W,-21.9,-39.733333333333334,73,22,W,1,1,0,INFERIDA_DESCRICAO,42
SKNT,NAVIO / SKANDI NITEROI,plataforma,plataforma,9PEB,22º34'30''S,040º31'38''W,-22.575,-40.52722222222222,72,22,W,1,1,0,INFERIDA_DESCRICAO,42
SKNV,"Aeroporto Benito Salas, Colombia",aeroporto,aeroporto,SKNV,02º57'00''N,075º17'38''W,2.95,-75.29388888888889,0,6,W,1,1,0,INFERIDA_DESCRICAO,42
SKOL,SKANDI OLINDA,plataforma,plataforma,9PON,21º52'29''S,039º44'38''W,-21.87472222222222,-39.74388888888889,69,22,W,1,1,0,INFERIDA_DESCRICAO,42
SKPC,"Aeroporto Puerto Carreno, Colombia",aeroporto,aeroporto,SKPC,06º11'05''N,067º29'35''W,6.184722222222223,-67.49305555555556,0,12,W,1,1,0,INFERIDA_DESCRICAO,42
SKPS,"Aeroporto Antonio Nariño, Colombia",aeroporto,aeroporto,SKPS,01º23'47''N,077º17'27''W,1.396388888888889,-77.29083333333332,0,5,W,1,1,0,INFERIDA_DESCRICAO,42
SKRE,SKANDI RECIFE,plataforma,plataforma,9PKE,21º57'06''S,039º42'02''W,-21.951666666666664,-39.70055555555556,0,24,W,1,1,0,INFERIDA_DESCRICAO,42
SKSA,SKANDI SALVADOR,plataforma,plataforma,9PSU,22º22'09''S,040º02'06''W,-22.36916666666667,-40.035,0,22,W,1,1,0,INFERIDA_DESCRICAO,43
SKSL,SKAND SALVADOR,plataforma,plataforma,9PSU,24º42'25''S,042º16'03''W,-24.706944444444442,-42.2675,72,22,W,1,1,0,INFERIDA_DESCRICAO,43
SKVI,"NAVIO / SKANDI VITORIA, - BS 22XX2105-8471 / 21XX2139-7171",plataforma,plataforma,9PBJ,22º21'47''S,040º05'33''W,-22.363055555555558,-40.0925,89,22,W,1,1,0,INFERIDA_DESCRICAO,43
SML01,PC-SML01,waypoint,,,22º13'10''S,040º15'45''W,-22.21944444444444,-40.2625,0,23,W,1,0,0,INFERIDA_DESCRICAO,43
SNAB,"ARARIPINA / Araripina, PE",aeroporto,aeroporto,SNAB,07º35'40''S,040º31'20''W,-7.594444444444444,-40.52222222222222,2194,22,W,1,1,0,INFERIDA_DESCRICAO,43
SNAC,"XINGUARÁ / Faz. Santa Rosa, PA",aeroporto,aeroporto,SNAC,07º02'11''S,050º05'18''W,-7.036388888888888,-50.08833333333334,699,20,W,1,1,0,INFERIDA_DESCRICAO,43
SNAD,"GURUPI / Faz. Águia Branca, MA",aeroporto,aeroporto,SNAD,03º19'40''S,046º46'47''W,-3.3277777777777775,-46.77972222222222,410,21,W,1,1,0,INFERIDA_DESCRICAO,43
SNAE,"ARCOVERDE / Arcoverde, PE",aeroporto,aeroporto,SNAE,08º25'02''S,037º05'01''W,-8.417222222222222,-37.08361111111111,2080,22,W,1,1,0,INFERIDA_DESCRICAO,43
SNAF,"ÁGUA COMPRIDA / Faz. Água Comprida, MG",aeroporto,aeroporto,SNAF,19º56'49''S,048º02'01''W,-19.946944444444444,-48.03361111111111,2211,21,W,1,1,0,INFERIDA_DESCRICAO,43
SNAG,"ARAGUARI / Araguari, MG",aeroporto,aeroporto,SNAG,18º40'05''S,048º11'25''W,-18.668055555555558,-48.19027777777777,3107,21,W,1,1,0,INFERIDA_DESCRICAO,43
SNAH,"ADUSTINA / Adustina, BA",aeroporto,aeroporto,SNAH,10º35'05''S,038º05'14''W,-10.584722222222222,-38.08722222222222,892,23,W,1,1,0,INFERIDA_DESCRICAO,43
SNAI,"ALTO PARNAÍBA / Alto Parnaíba, MA",aeroporto,aeroporto,SNAI,09º05'01''S,045º57'02''W,-9.08361111111111,-45.95055555555556,968,22,W,1,1,0,INFERIDA_DESCRICAO,43
SNAJ,"PARAGOMINAS / Faz. Jaguaré, PA",aeroporto,aeroporto,SNAJ,03º25'18''S,048º20'08''W,-3.4216666666666664,-48.33555555555556,436,20,W,1,1,0,INFERIDA_DESCRICAO,43
SNAK,"PARAUAPEBAS / HELPN Carajás, PA",heliponto,heliponto,SNAK,06º04'54''S,050º04'24''W,-6.081666666666666,-50.07333333333334,2106,20,W,1,1,0,INFERIDA_DESCRICAO,43
SNAL,"ARAPIRACA / Arapiraca, AL",aeroporto,aeroporto,SNAL,09º46'35''S,036º37'50''W,-9.77638888888889,-36.63055555555555,886,23,W,1,1,0,INFERIDA_DESCRICAO,43
SNAM,"SANTO ANTÔNlO DO AMPARO / Santo Antônio do Amparo, MG",aeroporto,aeroporto,SNAM,20º54'41''S,044º53'40''W,-20.911388888888887,-44.894444444444446,3601,22,W,1,1,0,INFERIDA_DESCRICAO,43
SNAO,FAZENDA TRIMONTE,aeroporto,aeroporto,SNAO,22º30'45''S,042º03'04''W,-22.5125,-42.051111111111105,0,22,W,1,1,0,INFERIDA_DESCRICAO,43
SNAP,"JANAÚBA / Janaúba, MG",aeroporto,aeroporto,SNAP,15º43'59''S,043º19'26''W,-15.733055555555556,-43.323888888888895,1732,23,W,1,1,0,INFERIDA_DESCRICAO,43
SNAQ,"JARINU / HELPN Elisa, SP",heliponto,heliponto,SNAQ,23º09'15''S,046º46'47''W,-23.154166666666665,-46.77972222222222,2671,21,W,1,1,0,INFERIDA_DESCRICAO,43
SNAR,"ALMENARA / Cirilo Queiróz, MG",aeroporto,aeroporto,SNAR,16º11'02''S,040º40'02''W,-16.183888888888887,-40.66722222222222,640,23,W,1,1,0,INFERIDA_DESCRICAO,43
SNAS,"TRÊS MARIAS / Três Marias, MG",aeroporto,aeroporto,SNAS,18º13'30''S,045º11'26''W,-18.224999999999998,-45.190555555555555,2579,22,W,1,1,0,INFERIDA_DESCRICAO,43
SNAT,"ARACATI / Aracati, CE",aeroporto,aeroporto,SNAT,04º33'59''S,037º47'55''W,-4.566388888888889,-37.79861111111111,128,21,W,1,1,0,INFERIDA_DESCRICAO,43
SNAV,"JUAZEIRO / Agrovale, BA",aeroporto,aeroporto,SNAV,09º24'27''S,040º24'55''W,-9.4075,-40.415277777777774,1289,23,W,1,1,0,INFERIDA_DESCRICAO,43
SNAW,"CONQUISTA / Faz. Boa Fé, MG",aeroporto,aeroporto,SNAW,19º52'37''S,047º40'47''W,-19.876944444444444,-47.67972222222222,2461,21,W,1,1,0,INFERIDA_DESCRICAO,43
SNAX,"ASSIS / Assis, SP",aeroporto,aeroporto,SNAX,22º38'24''S,050º27'11''W,-22.64,-50.45305555555556,1850,19,W,1,1,0,INFERIDA_DESCRICAO,43
SNBA,Barreto/SP,aeroporto,aeroporto,SNBA,20º35'08''S,048º35'45''W,-20.585555555555555,-48.59583333333334,0,23,W,1,1,0,INFERIDA_DESCRICAO,43
SNBC,"BARRA DO CORDA / Barra do Corda, MA",aeroporto,aeroporto,SNBC,05º30'09''S,045º12'57''W,-5.5025,-45.215833333333336,509,21,W,1,1,0,INFERIDA_DESCRICAO,43
SNBD,"JUAZEIRO / Sobradinho, BA",aeroporto,aeroporto,SNBD,09º27'37''S,040º49'29''W,-9.460277777777778,-40.82472222222223,1240,23,W,1,1,0,INFERIDA_DESCRICAO,43
SNBG,"BAIXO GUANDU / Baixo Guandu - Aimorés, ES",aeroporto,aeroporto,SNBG,19º29'56''S,041º02'31''W,-19.49888888888889,-41.04194444444444,279,23,W,1,1,0,INFERIDA_DESCRICAO,43
SNBH,"NOVA LIMA / HELPN Biocor, MG",heliponto,heliponto,SNBH,19º58'55''S,043º56'41''W,-19.981944444444444,-43.94472222222222,3907,23,W,1,1,0,INFERIDA_DESCRICAO,43
SNBK,"BOCAIÚVA / Bocaiúva, MG",aeroporto,aeroporto,SNBK,17º07'59''S,043º48'56''W,-17.133055555555558,-43.815555555555555,2395,23,W,1,1,0,INFERIDA_DESCRICAO,43
SNBM,"MURIAÉ / Cristiano Ferreira Varella, MG",aeroporto,aeroporto,SNBM,21º07'44''S,042º22'01''W,-21.128888888888888,-42.36694444444444,886,23,W,1,1,0,INFERIDA_DESCRICAO,43
SNBN,"PORTEL / Balbinot, PA",aeroporto,aeroporto,SNBN,02º52'33''S,050º29'30''W,-2.8758333333333335,-50.49166666666667,203,20,W,1,1,0,INFERIDA_DESCRICAO,43
SNBO,"BOQUIRA / Boquira, BA",aeroporto,aeroporto,SNBO,12º47'26''S,042º43'44''W,-12.790555555555555,-42.72888888888889,1886,23,W,1,1,0,INFERIDA_DESCRICAO,43
SNBR,"BARREIRAS / Barreiras, BA",aeroporto,aeroporto,SNBR,12º04'45''S,045º00'34''W,-12.079166666666666,-45.00944444444445,2447,22,W,1,1,0,INFERIDA_DESCRICAO,43
SNBS,"BALSAS / Balsas, MA",aeroporto,aeroporto,SNBS,07º31'31''S,046º03'12''W,-7.525277777777777,-46.05333333333333,930,21,W,1,1,0,INFERIDA_DESCRICAO,43
SNBT,"BENEDITO LEITE / Benedito Leite, MA",aeroporto,aeroporto,SNBT,07º13'01''S,044º33'02''W,-7.216944444444445,-44.550555555555555,984,22,W,1,1,0,INFERIDA_DESCRICAO,43
SNBU,"BRUMADO / Sócrates Mariani Bittencourt, BA",aeroporto,aeroporto,SNBU,14º15'22''S,041º49'07''W,-14.25611111111111,-41.81861111111112,1673,23,W,1,1,0,INFERIDA_DESCRICAO,43
SNBV,"IPIXUNA DO PARÁ / Campo de Boi, PA",aeroporto,aeroporto,SNBV,02º31'32''S,047º31'09''W,-2.5255555555555556,-47.51916666666666,186,20,W,1,1,0,INFERIDA_DESCRICAO,43
SNBW,"BAIÃO / Baião, PA",aeroporto,aeroporto,SNBW,02º48'01''S,049º40'02''W,-2.8002777777777776,-49.66722222222222,105,20,W,1,1,0,INFERIDA_DESCRICAO,43
SNBX,"BARRA / Barra, BA",aeroporto,aeroporto,SNBX,11º05'02''S,043º08'02''W,-11.08388888888889,-43.13388888888889,1345,23,W,1,1,0,INFERIDA_DESCRICAO,43
SNBY,"BAMBUÍ / Bambuí, MG",aeroporto,aeroporto,SNBY,20º02'09''S,045º58'16''W,-20.035833333333336,-45.971111111111114,2523,22,W,1,1,0,INFERIDA_DESCRICAO,43
SNBZ,"PARAMIRIM / Paramirim, BA",aeroporto,aeroporto,SNBZ,13º26'46''S,042º14'57''W,-13.446111111111112,-42.24916666666667,1788,23,W,1,1,0,INFERIDA_DESCRICAO,43
SNCA,"CAMPO BELO / Campo Belo, MG",aeroporto,aeroporto,SNCA,20º53'33''S,045º20'08''W,-20.8925,-45.33555555555556,3182,22,W,1,1,0,INFERIDA_DESCRICAO,43
SNCB,"PRAINHA / Castanhal, PA",aeroporto,aeroporto,SNCB,02º31'25''S,053º56'23''W,-2.5236111111111112,-53.939722222222215,502,19,W,1,1,0,INFERIDA_DESCRICAO,43
SNCC,"CALÇOENE / Calçoene, AP",aeroporto,aeroporto,SNCC,02º30'53''N,050º57'08''W,2.5147222222222223,-50.952222222222225,59,19,W,1,1,0,INFERIDA_DESCRICAO,43
SNCD,"GOIANA / HELPN Catuama, PE",heliponto,heliponto,SNCD,07º41'26''S,034º52'33''W,-7.690555555555556,-34.87583333333333,16,22,W,1,1,0,INFERIDA_DESCRICAO,43
SNCE,"CAMPO DO MEIO / Campo do Meio, MG",aeroporto,aeroporto,SNCE,21º06'22''S,045º48'17''W,-21.10611111111111,-45.80472222222222,2559,22,W,1,1,0,INFERIDA_DESCRICAO,43
SNCG,"CAMPOS GERAIS / Campos Gerais, MG",aeroporto,aeroporto,SNCG,21º13'34''S,045º46'45''W,-21.22611111111111,-45.77916666666667,2838,22,W,1,1,0,INFERIDA_DESCRICAO,43
SNCH,"CARAGUATATUBA, HELPN UTGCA, SP",heliponto,heliponto,SNCH,23º39'26''S,045º29'52''W,-23.65722222222222,-45.49777777777778,0,22,W,1,1,0,INFERIDA_DESCRICAO,43
SNCI,"CAPANEMA / Cibrasa, PA",aeroporto,aeroporto,SNCI,01º14'10''S,047º12'19''W,-1.2361111111111112,-47.20527777777778,174,20,W,1,1,0,INFERIDA_DESCRICAO,43
SNCJ,"SANTARÉM / Piquiatuba, PA",aeroporto,aeroporto,SNCJ,02º32'48''S,054º42'18''W,-2.5466666666666664,-54.705000000000005,407,18,W,1,1,0,INFERIDA_DESCRICAO,43
SNCL,"CAIRU / Lorenzo, BA",aeroporto,aeroporto,SNCL,13º23'24''S,038º54'38''W,-13.389999999999999,-38.910555555555554,10,23,W,1,1,0,INFERIDA_DESCRICAO,43
SNCM,"CAPONGA / HELPN Caponga, CE",heliponto,heliponto,SNCM,04º01'25''S,038º12'32''W,-4.023611111111111,-38.20888888888889,20,21,W,1,1,0,INFERIDA_DESCRICAO,43
SNCP,"CARUTAPERA / Carutapera, MA",aeroporto,aeroporto,SNCP,01º15'01''S,046º01'02''W,-1.2502777777777778,-46.01722222222222,85,20,W,1,1,0,INFERIDA_DESCRICAO,44
SNCR,"BELO HORIZONTE / HELPN Viganó I, MG",heliponto,heliponto,SNCR,19º57'47''S,043º57'20''W,-19.963055555555556,-43.955555555555556,3426,23,W,1,1,0,INFERIDA_DESCRICAO,44
SNCS,"CAMPOS SALES / Campos Sales, CE",aeroporto,aeroporto,SNCS,07º02'58''S,040º21'51''W,-7.049444444444444,-40.36416666666667,2001,22,W,1,1,0,INFERIDA_DESCRICAO,44
SNCT,"CARATINGA / Ubaporanga, MG",aeroporto,aeroporto,SNCT,19º43'31''S,042º06'40''W,-19.725277777777777,-42.111111111111114,2067,23,W,1,1,0,INFERIDA_DESCRICAO,44
SNCV,"CAMPINA VERDE / Campina Verde, MG",aeroporto,aeroporto,SNCV,19º32'17''S,049º29'42''W,-19.53805555555556,-49.495,1805,20,W,1,1,0,INFERIDA_DESCRICAO,44
SNCW,"ALCÂNTARA / Centro de Lançamento de Alcântara, MA",aeroporto,aeroporto,SNCW,02º22'18''S,044º23'27''W,-2.3716666666666666,-44.39083333333333,148,21,W,1,1,0,INFERIDA_DESCRICAO,44
SNCX,"COLATINA / Colatina, ES",aeroporto,aeroporto,SNCX,19º29'13''S,040º34'45''W,-19.486944444444447,-40.57916666666667,492,24,W,1,1,0,INFERIDA_DESCRICAO,44
SNCY,"CORURIPE / Campo da Praia, AL",aeroporto,aeroporto,SNCY,10º13'15''S,036º17'10''W,-10.220833333333333,-36.28611111111111,138,23,W,1,1,0,INFERIDA_DESCRICAO,44
SNCZ,"PONTE NOVA / Ponte Nova, MG",aeroporto,aeroporto,SNCZ,20º24'11''S,042º55'00''W,-20.403055555555554,-42.916666666666664,1877,23,W,1,1,0,INFERIDA_DESCRICAO,44
SNDC,"REDENÇÃO / Redenção, PA",aeroporto,aeroporto,SNDC,08º01'50''S,049º58'50''W,-8.030555555555557,-49.980555555555554,670,20,W,1,1,0,INFERIDA_DESCRICAO,44
SNDD,"IGARAPÉ DO MEIO / Faz. Eldorado, MA",aeroporto,aeroporto,SNDD,03º41'32''S,045º16'12''W,-3.6922222222222225,-45.269999999999996,118,21,W,1,1,0,INFERIDA_DESCRICAO,44
SNDH,"BARREIRAS / Aba, BA",aeroporto,aeroporto,SNDH,12º09'37''S,045º01'21''W,-12.160277777777779,-45.0225,1682,22,W,1,1,0,INFERIDA_DESCRICAO,44
SNDJ,"SANTANA DOS BREJOS / Santana dos Brejos, BA",aeroporto,aeroporto,SNDJ,12º58'34''S,044º02'21''W,-12.976111111111111,-44.03916666666667,1759,23,W,1,1,0,INFERIDA_DESCRICAO,44
SNDO,"PARACATU / Ouro Branco, MG",aeroporto,aeroporto,SNDO,16º42'59''S,047º01'04''W,-16.71638888888889,-47.01777777777777,3066,22,W,1,1,0,INFERIDA_DESCRICAO,44
SNDP,"ACARÁ / Palmares, PA",aeroporto,aeroporto,SNDP,02º15'37''S,048º35'54''W,-2.2602777777777776,-48.598333333333336,218,20,W,1,1,0,INFERIDA_DESCRICAO,44
SNDQ,"SÃO DESIDÉRIO / Faz. Soya, BA",aeroporto,aeroporto,SNDQ,12º55'16''S,045º34'10''W,-12.921111111111111,-45.56944444444445,2595,22,W,1,1,0,INFERIDA_DESCRICAO,44
SNDR,"TIMON / Domingos Rego, MA",aeroporto,aeroporto,SNDR,05º04'49''S,042º52'22''W,-5.080277777777778,-42.87277777777778,373,22,W,1,1,0,INFERIDA_DESCRICAO,44
SNDT,"DIAMANTINA / Diamantina, MG",aeroporto,aeroporto,SNDT,18º14'00''S,043º39'04''W,-18.233333333333334,-43.651111111111106,4446,23,W,1,1,0,INFERIDA_DESCRICAO,44
SNDV,"DlVlNÓPOLlS / Divinópolis, MG",aeroporto,aeroporto,SNDV,20º10'55''S,044º52'12''W,-20.181944444444447,-44.87,2608,22,W,1,1,0,INFERIDA_DESCRICAO,44
SNDW,"ENCRUZILHADA / Divisa, BA",aeroporto,aeroporto,SNDW,15º43'02''S,041º01'02''W,-15.717222222222222,-41.01722222222222,3051,23,W,1,1,0,INFERIDA_DESCRICAO,44
SNDX,"CORURIPE / Cachoeira, AL",aeroporto,aeroporto,SNDX,10º02'24''S,036º19'35''W,-10.04,-36.32638888888889,345,23,W,1,1,0,INFERIDA_DESCRICAO,44
SNDZ,"BELO HORIZONTE / HELPN Via Brasil, MG",heliponto,heliponto,SNDZ,19º50'31''S,043º57'58''W,-19.841944444444444,-43.96611111111111,2676,23,W,1,1,0,INFERIDA_DESCRICAO,44
SNEA,"ESTRELA DO SUL / Piçarrão, MG",aeroporto,aeroporto,SNEA,18º43'17''S,047º51'56''W,-18.72138888888889,-47.86555555555556,3166,21,W,1,1,0,INFERIDA_DESCRICAO,44
SNEB,"PARAGOMINAS / Paragominas, PA",aeroporto,aeroporto,SNEB,03º01'31''S,047º19'01''W,-3.0252777777777777,-47.316944444444445,508,21,W,1,1,0,INFERIDA_DESCRICAO,44
SNEC,"PORTO SEGURO / Outeiro das Brisas, BA",aeroporto,aeroporto,SNEC,16º42'47''S,039º08'35''W,-16.713055555555556,-39.143055555555556,130,24,W,1,1,0,INFERIDA_DESCRICAO,44
SNEE,"CAMAÇARI / Jauá, BA",aeroporto,aeroporto,SNEE,12º48'28''S,038º14'55''W,-12.807777777777778,-38.24861111111111,76,23,W,1,1,0,INFERIDA_DESCRICAO,44
SNEK,"DOM BOSCO / Moria, MG",aeroporto,aeroporto,SNEK,16º53'02''S,046º14'11''W,-16.883888888888887,-46.23638888888889,1201,22,W,1,1,0,INFERIDA_DESCRICAO,44
SNEO,"NERÓPOLIS / Dezoito, GO",aeroporto,aeroporto,SNEO,16º26'28''S,049º11'59''W,-16.441111111111113,-49.19972222222222,2700,21,W,1,1,0,INFERIDA_DESCRICAO,44
SNEP,NAVIO / SKANDI NEPTUNE,plataforma,plataforma,9PHL,25º24'45''S,042º46'57''W,-25.412499999999998,-42.7825,0,5,W,1,1,0,INFERIDA_DESCRICAO,44
SNEQ,"RIO DE JANEIRO / HELPN Ouro Negro, RJ",heliponto,heliponto,SNEQ,22º54'46''S,043º13'22''W,-22.912777777777777,-43.22277777777778,282,23,W,1,1,0,INFERIDA_DESCRICAO,44
SNEU,"EUCLIDES DA CUNHA / Euclides da Cunha, BA",aeroporto,aeroporto,SNEU,10º31'32''S,039º02'07''W,-10.525555555555556,-39.03527777777778,1499,23,W,1,1,0,INFERIDA_DESCRICAO,44
SNEV,"BLUMENAU / HELPN Posthaus, SC",heliponto,heliponto,SNEV,26º52'50''S,049º08'22''W,-26.880555555555556,-49.13944444444444,95,19,W,1,1,0,INFERIDA_DESCRICAO,44
SNEW,"CARNEIRINHO / Faz. Congonhas, MG",aeroporto,aeroporto,SNEW,19º39'48''S,050º57'06''W,-19.66333333333333,-50.95166666666667,1375,20,W,1,1,0,INFERIDA_DESCRICAO,44
SNEY,"BREJÕES / Faz. Lagoa do Morro, BA",aeroporto,aeroporto,SNEY,13º06'09''S,039º54'13''W,-13.1025,-39.90361111111111,2666,23,W,1,1,0,INFERIDA_DESCRICAO,44
SNEZ,"NOVO BRASIL / Faz. Palmeira do Capim, GO",aeroporto,aeroporto,SNEZ,15º57'34''S,050º42'50''W,-15.959444444444443,-50.71388888888889,1220,20,W,1,1,0,INFERIDA_DESCRICAO,44
SNFA,"UNAÍ / Faz. Santo Antônio, MG",aeroporto,aeroporto,SNFA,16º42'52''S,046º31'11''W,-16.714444444444442,-46.51972222222222,1795,22,W,1,1,0,INFERIDA_DESCRICAO,44
SNFB,"PONTES E LACERDA / Faz. Minas Gerais, MT",aeroporto,aeroporto,SNFB,14º46'38''S,059º02'49''W,-14.777222222222223,-59.04694444444444,2395,15,W,1,1,0,INFERIDA_DESCRICAO,44
SNFC,"TAPIRA / Faz. Forquilha, MG",aeroporto,aeroporto,SNFC,19º51'06''S,046º42'36''W,-19.851666666666667,-46.71,4370,22,W,1,1,0,INFERIDA_DESCRICAO,44
SNFD,PORTO FRADE - ANGRA DOS REIS,aeroporto,aeroporto,SNFD,22º58'12''S,044º26'40''W,-22.97,-44.44444444444444,16,22,W,1,1,0,INFERIDA_DESCRICAO,44
SNFE,"ALFENAS / Alfenas, MG",aeroporto,aeroporto,SNFE,21º25'54''S,045º55'59''W,-21.43166666666667,-45.933055555555555,2871,22,W,1,1,0,INFERIDA_DESCRICAO,44
SNFF,"FORTALEZA / Feijó, CE",aeroporto,aeroporto,SNFF,03º48'34''S,038º37'01''W,-3.8094444444444444,-38.61694444444444,82,21,W,1,1,0,INFERIDA_DESCRICAO,44
SNFI,"TUPACIGUARA / Faz. São José do Parnaíba, MG",aeroporto,aeroporto,SNFI,18º23'15''S,048º51'42''W,-18.3875,-48.861666666666665,1676,21,W,1,1,0,INFERIDA_DESCRICAO,44
SNFJ,"JACAREACANGA / Pousada Thaimaçu, PA",aeroporto,aeroporto,SNFJ,09º03'46''S,056º35'36''W,-9.062777777777779,-56.593333333333334,751,17,W,1,1,0,INFERIDA_DESCRICAO,44
SNFK,"FRANCISCO SÁ / Francisco Sá, MG",aeroporto,aeroporto,SNFK,16º26'18''S,043º28'10''W,-16.438333333333333,-43.46944444444445,2484,23,W,1,1,0,INFERIDA_DESCRICAO,44
SNFL,"ITAITUBA / Garimpo Tocantinzinho, PA",aeroporto,aeroporto,SNFL,06º03'02''S,056º18'08''W,-6.0505555555555555,-56.30222222222222,590,18,W,1,1,0,INFERIDA_DESCRICAO,44
SNFN,"JARDINÓPOLIS / Faz. Santa Fé, SP",aeroporto,aeroporto,SNFN,20º56'15''S,047º52'05''W,-20.9375,-47.86805555555556,1739,21,W,1,1,0,INFERIDA_DESCRICAO,44
SNFO,"FORMIGA / Formiga, MG",aeroporto,aeroporto,SNFO,20º23'43''S,045º29'01''W,-20.39527777777778,-45.48361111111111,3337,22,W,1,1,0,INFERIDA_DESCRICAO,44
SNFP,"SORRISO / Faz. Pirapó, MT",aeroporto,aeroporto,SNFP,12º10'53''S,055º47'19''W,-12.181388888888888,-55.78861111111111,1273,18,W,1,1,0,INFERIDA_DESCRICAO,44
SNFQ,"SÃO SEBASTIÃO DA BELA VISTA / Faz. Paineira, MG",aeroporto,aeroporto,SNFQ,22º08'58''S,045º45'45''W,-22.149444444444445,-45.7625,3001,22,W,1,1,0,INFERIDA_DESCRICAO,44
SNFU,"FRUTAL/ Frutal, MG",aeroporto,aeroporto,SNFU,20º00'17''S,048º57'32''W,-20.004722222222224,-48.95888888888889,1808,21,W,1,1,0,INFERIDA_DESCRICAO,44
SNFV,"SIMÕES FILHO / Lago Joanes, BA",aeroporto,aeroporto,SNFV,12º40'00''S,038º23'45''W,-12.666666666666666,-38.395833333333336,239,23,W,1,1,0,INFERIDA_DESCRICAO,44
SNFX,"SÃO FÉLIX DO XINGU / São Félix do Xingu, PA",aeroporto,aeroporto,SNFX,06º38'25''S,051º59'24''W,-6.6402777777777775,-51.99,656,20,W,1,1,0,INFERIDA_DESCRICAO,44
SNFZ,"BOCAIÚVA / Faz. Villa Terezinha, MG",aeroporto,aeroporto,SNFZ,17º24'21''S,043º56'33''W,-17.40583333333333,-43.942499999999995,2765,23,W,1,1,0,INFERIDA_DESCRICAO,44
SNGA,"GUARAPARI / Guarapari, ES",aeroporto,aeroporto,SNGA,20º39'02''S,040º29'32''W,-20.650555555555552,-40.492222222222225,28,24,W,1,1,0,INFERIDA_DESCRICAO,44
SNGD,"GUADALUPE / Guadalupe , PI",aeroporto,aeroporto,SNGD,06º46'56''S,043º34'56''W,-6.782222222222222,-43.58222222222223,564,22,W,1,1,0,INFERIDA_DESCRICAO,44
SNGF,"GRAVATÁ / HELPN Faz. Manacá, PE",heliponto,heliponto,SNGF,08º11'29''S,035º30'17''W,-8.19138888888889,-35.50472222222222,1749,22,W,1,1,0,INFERIDA_DESCRICAO,45
SNGG,"BOM JESUS DO GURGUÉIA / Gurguéia, PI",aeroporto,aeroporto,SNGG,09º03'34''S,044º22'09''W,-9.059444444444445,-44.369166666666665,1066,22,W,1,1,0,INFERIDA_DESCRICAO,45
SNGH,"GUANHÃES / Guanhães, MG",aeroporto,aeroporto,SNGH,18º42'26''S,042º50'20''W,-18.70722222222222,-42.83888888888889,2618,23,W,1,1,0,INFERIDA_DESCRICAO,45
SNGI,"GUANAMBI / Guanambi, BA",aeroporto,aeroporto,SNGI,14º12'25''S,042º45'04''W,-14.206944444444444,-42.75111111111111,1815,23,W,1,1,0,INFERIDA_DESCRICAO,45
SNGK,"MONTE ALEGRE DE MINAS / Faz. Bela Vista, MG",aeroporto,aeroporto,SNGK,19º02'54''S,048º58'20''W,-19.048333333333336,-48.97222222222222,1984,21,W,1,1,0,INFERIDA_DESCRICAO,45
SNGL,"PORTO FELIZ / HELPN Boa Vista, SP",heliponto,heliponto,SNGL,23º19'55''S,047º33'34''W,-23.331944444444446,-47.559444444444445,1949,21,W,1,1,0,INFERIDA_DESCRICAO,45
SNGM,"UBERLÂNDIA / Faz. Canadá, MG",aeroporto,aeroporto,SNGM,18º51'45''S,048º24'55''W,-18.8625,-48.415277777777774,2624,21,W,1,1,0,INFERIDA_DESCRICAO,45
SNGN,"GARANHUNS / Garanhuns, PE",aeroporto,aeroporto,SNGN,08º50'04''S,036º28'17''W,-8.834444444444445,-36.47138888888889,2533,22,W,1,1,0,INFERIDA_DESCRICAO,45
SNGP,"TUPACIGUARA / Faz. Santa Maria, MG",aeroporto,aeroporto,SNGP,18º35'13''S,048º52'09''W,-18.586944444444445,-48.869166666666665,2624,21,W,1,1,0,INFERIDA_DESCRICAO,45
SNGR,"GOROTIRE / Gorotire, PA",aeroporto,aeroporto,SNGR,07º47'01''S,051º08'02''W,-7.783611111111111,-51.13388888888889,656,20,W,1,1,0,INFERIDA_DESCRICAO,45
SNGS,"MACEIÓ / Aeroclube de Alagoas, AL",aeroporto,aeroporto,SNGS,09º35'15''S,035º45'28''W,-9.5875,-35.757777777777775,285,23,W,1,1,0,INFERIDA_DESCRICAO,45
SNGT,"GENTIO DE OURO / Gentio de Ouro, BA",aeroporto,aeroporto,SNGT,11º26'25''S,042º31'32''W,-11.440277777777778,-42.525555555555556,3501,23,W,1,1,0,INFERIDA_DESCRICAO,45
SNGU,"GURUPÁ / Gurupá, PA",aeroporto,aeroporto,SNGU,01º25'01''S,051º38'02''W,-1.4169444444444446,-51.63388888888889,66,19,W,1,1,0,INFERIDA_DESCRICAO,45
SNGW,"PARAGOMINAS / Faz. Cauaxi, PA",aeroporto,aeroporto,SNGW,03º45'48''S,048º10'26''W,-3.763333333333333,-48.17388888888889,754,21,W,1,1,0,INFERIDA_DESCRICAO,45
SNGX,"GUAXUPÉ / Guaxupé, MG",aeroporto,aeroporto,SNGX,21º19'36''S,046º43'49''W,-21.326666666666668,-46.73027777777778,2786,21,W,1,1,0,INFERIDA_DESCRICAO,45
SNGZ,"CAJAMAR / HELPN Bardahl, SP",heliponto,heliponto,SNGZ,23º20'25''S,046º50'42''W,-23.340277777777775,-46.845,3182,21,W,1,1,0,INFERIDA_DESCRICAO,45
SNHB,"PARACURU / HELPN Base de Paracuru, CE",heliponto,heliponto,SNHB,03º24'01''S,039º00'44''W,-3.4002777777777777,-39.01222222222222,20,21,W,1,1,0,INFERIDA_DESCRICAO,45
SNHD,"CABO DE SANTO AGOSTINHO / HELPN Santo Agostinho, PE",heliponto,heliponto,SNHD,08º21'49''S,034º57'30''W,-8.36361111111111,-34.958333333333336,16,22,W,1,1,0,INFERIDA_DESCRICAO,45
SNHE,"UBERABA / Faz. Inhumas do Chapadão, MG",aeroporto,aeroporto,SNHE,19º18'08''S,048º12'15''W,-19.302222222222223,-48.20416666666667,2792,21,W,1,1,0,INFERIDA_DESCRICAO,45
SNHG,"SANDOLÂNDIA / Faz. Varjadão, TO",aeroporto,aeroporto,SNHG,12º20'29''S,049º37'16''W,-12.34138888888889,-49.62111111111111,794,21,W,1,1,0,INFERIDA_DESCRICAO,45
SNHH,"ITAJUBÁ / HELPN Helibrás, MG",heliponto,heliponto,SNHH,22º25'36''S,045º28'41''W,-22.42666666666667,-45.47805555555556,2762,22,W,1,1,0,INFERIDA_DESCRICAO,45
SNHI,"GUAMARÉ / HELPN Pólo Industrial, RN",heliponto,heliponto,SNHI,05º07'38''S,036º23'04''W,-5.127222222222222,-36.38444444444444,49,21,W,1,1,0,INFERIDA_DESCRICAO,45
SNHJ,"JOSÉ BONIFÁCIO / Usina de José Bonifácio, SP",aeroporto,aeroporto,SNHJ,21º05'42''S,049º54'53''W,-21.095,-49.914722222222224,1404,20,W,1,1,0,INFERIDA_DESCRICAO,45
SNHK,"ITAPECERICA / Nacional de Grafite I, MG",aeroporto,aeroporto,SNHK,20º26'04''S,045º08'18''W,-20.434444444444445,-45.138333333333335,3050,22,W,1,1,0,INFERIDA_DESCRICAO,45
SNHL,"JOÃO PINHEIRO / Lagoa da Taboca, MG",aeroporto,aeroporto,SNHL,17º11'36''S,045º39'56''W,-17.193333333333335,-45.66555555555556,1969,22,W,1,1,0,INFERIDA_DESCRICAO,45
SNHM,"SALVADOR / HELPN Morro da Gavazza, BA",heliponto,heliponto,SNHM,13º00'30''S,038º31'51''W,-13.008333333333333,-38.530833333333334,154,23,W,1,1,0,INFERIDA_DESCRICAO,45
SNHN,"CONTAGEM / HELPN Megafort, MG",heliponto,heliponto,SNHN,19º53'28''S,044º03'12''W,-19.891111111111112,-44.05333333333333,2913,23,W,1,1,0,INFERIDA_DESCRICAO,45
SNHO,"PEDRA AZUL / Nacional de Grafite II, MG",aeroporto,aeroporto,SNHO,15º50'10''S,041º04'35''W,-15.836111111111112,-41.07638888888889,1968,23,W,1,1,0,INFERIDA_DESCRICAO,45
SNHP,"ITABERABA / Herbert Mata Pires, BA",aeroporto,aeroporto,SNHP,12º13'02''S,040º29'07''W,-12.217222222222222,-40.48527777777778,1188,23,W,1,1,0,INFERIDA_DESCRICAO,45
SNHQ,"SALTO DA DIVISA / Nacional de Grafite III, MG",aeroporto,aeroporto,SNHQ,16º10'52''S,039º55'55''W,-16.18111111111111,-39.93194444444444,984,24,W,1,1,0,INFERIDA_DESCRICAO,45
SNHS,"SERRA TALHADA / Santa Magalhães, PE",aeroporto,aeroporto,SNHS,08º03'01''S,038º18'31''W,-8.050277777777778,-38.308611111111105,1542,22,W,1,1,0,INFERIDA_DESCRICAO,45
SNHT,"POÇOS DE CALDAS / HELPN Togni, MG",heliponto,heliponto,SNHT,21º46'49''S,046º35'46''W,-21.780277777777776,-46.596111111111114,3885,21,W,1,1,0,INFERIDA_DESCRICAO,45
SNHU,"ITINGA DO MARANHÃO / Faz. Bola Sete, MA",aeroporto,aeroporto,SNHU,04º34'09''S,047º28'16''W,-4.569166666666667,-47.471111111111114,699,21,W,1,1,0,INFERIDA_DESCRICAO,45
SNHW,"SANTA LUZIA / Faz. Agro-Maratá, MA",aeroporto,aeroporto,SNHW,04º10'56''S,046º22'56''W,-4.182222222222222,-46.382222222222225,1001,21,W,1,1,0,INFERIDA_DESCRICAO,45
SNHY,"RECIFE / HELPN Hospital Esperança, PE",heliponto,heliponto,SNHY,08º04'01''S,034º53'42''W,-8.066944444444443,-34.894999999999996,159,22,W,1,1,0,INFERIDA_DESCRICAO,45
SNIA,"IGARAPÉ-AÇU / Igarapé-Açu, PA",aeroporto,aeroporto,SNIA,01º07'38''S,047º35'57''W,-1.1272222222222223,-47.59916666666667,180,20,W,1,1,0,INFERIDA_DESCRICAO,45
SNIC,"IRECÊ / Irecê, BA",aeroporto,aeroporto,SNIC,11º20'24''S,041º51'10''W,-11.34,-41.85277777777778,2561,23,W,1,1,0,INFERIDA_DESCRICAO,45
SNID,"SÃO PAULO / HELPN Instituto Dr. Arnaldo, SP",heliponto,heliponto,SNID,23º33'22''S,046º40'04''W,-23.55611111111111,-46.66777777777777,3038,21,W,1,1,0,INFERIDA_DESCRICAO,45
SNIE,"CAETITÉ / Caetité, BA",aeroporto,aeroporto,SNIE,14º04'02''S,042º28'02''W,-14.067222222222222,-42.467222222222226,2854,23,W,1,1,0,INFERIDA_DESCRICAO,45
SNIG,"IGUATU / Iguatu, CE",aeroporto,aeroporto,SNIG,06º20'52''S,039º17'55''W,-6.347777777777777,-39.29861111111111,699,22,W,1,1,0,INFERIDA_DESCRICAO,45
SNIJ,"IPOJUCA / HELPN Suape, PE",heliponto,heliponto,SNIJ,08º21'48''S,035º00'31''W,-8.363333333333333,-35.00861111111111,47,22,W,1,1,0,INFERIDA_DESCRICAO,45
SNIO,"ClPÓ / Cipó, BA",aeroporto,aeroporto,SNIO,11º07'02''S,038º31'01''W,-11.117222222222223,-38.51694444444444,499,23,W,1,1,0,INFERIDA_DESCRICAO,45
SNIP,"ITAPETINGA / Itapetinga, BA",aeroporto,aeroporto,SNIP,15º14'38''S,040º16'34''W,-15.243888888888888,-40.27611111111111,915,23,W,1,1,0,INFERIDA_DESCRICAO,45
SNIR,"PARNARAMA / Faz. Mata Escura, MA",aeroporto,aeroporto,SNIR,05º44'34''S,043º35'56''W,-5.7427777777777775,-43.598888888888894,712,22,W,1,1,0,INFERIDA_DESCRICAO,45
SNIS,"CAXIAS / Faz. Rio Largo, MA",aeroporto,aeroporto,SNIS,05º11'49''S,043º35'52''W,-5.196944444444445,-43.59777777777778,459,22,W,1,1,0,INFERIDA_DESCRICAO,45
SNIU,"IPIAU / Ipiau, BA",aeroporto,aeroporto,SNIU,14º08'02''S,039º44'02''W,-14.133888888888889,-39.73388888888889,492,23,W,1,1,0,INFERIDA_DESCRICAO,45
SNIV,"IPIAÇÚ / Faz. Jumari, MG",aeroporto,aeroporto,SNIV,18º38'47''S,049º52'57''W,-18.64638888888889,-49.8825,1424,20,W,1,1,0,INFERIDA_DESCRICAO,45
SNIX,"CAMPOS DE JÚLIO / Faz. Masutti, MT",aeroporto,aeroporto,SNIX,13º33'12''S,059º06'01''W,-13.553333333333335,-59.10027777777778,1617,15,W,1,1,0,INFERIDA_DESCRICAO,45
SNIY,"IBIMIRIM / Ibimirim, PE",aeroporto,aeroporto,SNIY,08º30'01''S,037º40'01''W,-8.500277777777777,-37.66694444444444,1329,22,W,1,1,0,INFERIDA_DESCRICAO,45
SNIZ,"VILHENA / Faz. Jaqueline, RO",aeroporto,aeroporto,SNIZ,12º52'57''S,060º07'10''W,-12.8825,-60.11944444444445,1772,15,W,1,1,0,INFERIDA_DESCRICAO,45
SNJB,"JACOBINA / Jacobina, BA",aeroporto,aeroporto,SNJB,11º09'50''S,040º33'11''W,-11.16388888888889,-40.55305555555555,1640,23,W,1,1,0,INFERIDA_DESCRICAO,45
SNJE,"JABURANDI / Faz. Sertão do Formoso, BA",aeroporto,aeroporto,SNJE,14º47'37''S,046º00'11''W,-14.793611111111112,-46.003055555555555,3028,22,W,1,1,0,INFERIDA_DESCRICAO,45
SNJI,"JEQUITAÍ / Fazenda Fortaleza de Santa Terezinha, MG",aeroporto,aeroporto,SNJI,17º11'54''S,044º38'00''W,-17.198333333333334,-44.63333333333333,2077,23,W,1,1,0,INFERIDA_DESCRICAO,45
SNJL,"JUIZ DE FORA / Faz do Rochedo, MG",aeroporto,aeroporto,SNJL,21º50'44''S,043º11'15''W,-21.845555555555553,-43.1875,2300,23,W,1,1,0,INFERIDA_DESCRICAO,45
SNJM,"MANHUAÇU / Aeroporto Elias Breder, MG",aeroporto,aeroporto,SNJM,20º15'35''S,042º11'02''W,-20.259722222222223,-42.18388888888889,2723,23,W,1,1,0,INFERIDA_DESCRICAO,46
SNJN,"JANUÁRIA / Januária, MG",aeroporto,aeroporto,SNJN,15º28'29''S,044º23'11''W,-15.474722222222223,-44.38638888888889,1575,23,W,1,1,0,INFERIDA_DESCRICAO,46
SNJO,"JOÃO PESSOA / Aeroclube, PB",aeroporto,aeroporto,SNJO,07º05'31''S,034º50'33''W,-7.091944444444444,-34.8425,16,22,W,1,1,0,INFERIDA_DESCRICAO,46
SNJP,"JOÃO PINHEIRO / João Pinheiro, MG",aeroporto,aeroporto,SNJP,17º47'15''S,046º07'12''W,-17.7875,-46.12,2990,22,W,1,1,0,INFERIDA_DESCRICAO,46
SNJQ,"JEQUITINHONHA / Jequitinhonha, MG",aeroporto,aeroporto,SNJQ,16º28'20''S,041º01'30''W,-16.47222222222222,-41.025,853,23,W,1,1,0,INFERIDA_DESCRICAO,46
SNJR,"SÃO JOÃO DEL REI / São João Del Rei, MG",aeroporto,aeroporto,SNJR,21º05'11''S,044º13'35''W,-21.086388888888887,-44.22638888888889,3117,22,W,1,1,0,INFERIDA_DESCRICAO,46
SNJS,"JARDIM DO SERIDÓ / Jardim do Seridó, RN",aeroporto,aeroporto,SNJS,06º32'28''S,036º43'54''W,-6.541111111111111,-36.73166666666667,837,22,W,1,1,0,INFERIDA_DESCRICAO,46
SNJV,"SÃO JOÃO DA PONTE / Faz. Santa Mônica, MG",aeroporto,aeroporto,SNJV,16º00'16''S,043º44'59''W,-16.004444444444445,-43.749722222222225,2077,23,W,1,1,0,INFERIDA_DESCRICAO,46
SNJW,"SACRAMENTO / Jaguará, MG",aeroporto,aeroporto,SNJW,20º02'28''S,047º25'20''W,-20.041111111111114,-47.42222222222222,1909,21,W,1,1,0,INFERIDA_DESCRICAO,46
SNJX,"JUIZ DE FORA / HELPN Hospital Monte Sinai, MG",heliponto,heliponto,SNJX,21º46'53''S,043º21'53''W,-21.781388888888888,-43.36472222222223,2776,23,W,1,1,0,INFERIDA_DESCRICAO,46
SNJY,"ALTO DO RODRIGUES / HELPN Termoaçu, RN",heliponto,heliponto,SNJY,05º22'57''S,036º49'19''W,-5.382499999999999,-36.82194444444445,72,22,W,1,1,0,INFERIDA_DESCRICAO,46
SNKA,"AVARÉ / HELPN Faz. Perto D’Água, SP",heliponto,heliponto,SNKA,23º15'14''S,048º54'27''W,-23.253888888888888,-48.9075,2041,20,W,1,1,0,INFERIDA_DESCRICAO,46
SNKB,"CAMPINA GRANDE / Aeroclube, PB",aeroporto,aeroporto,SNKB,07º10'42''S,035º59'25''W,-7.178333333333334,-35.99027777777778,1926,22,W,1,1,0,INFERIDA_DESCRICAO,46
SNKC,"COCOS / Cocos, BA",aeroporto,aeroporto,SNKC,14º07'02''S,044º27'02''W,-14.117222222222223,-44.45055555555556,2018,22,W,1,1,0,INFERIDA_DESCRICAO,46
SNKD,"CONCEIÇÃO DO MATO DENTRO / Conceição do Mato Dentro, MG",aeroporto,aeroporto,SNKD,19º01'13''S,043º26'02''W,-19.02027777777778,-43.43388888888889,2196,23,W,1,1,0,INFERIDA_DESCRICAO,46
SNKF,"CONSELHEIRO LAFAIETE / Conselheiro Lafaiete, MG",aeroporto,aeroporto,SNKF,20º44'19''S,043º47'53''W,-20.738611111111112,-43.79805555555556,3478,23,W,1,1,0,INFERIDA_DESCRICAO,46
SNKG,"ARUJÁ / HELPN Ama, SP",heliponto,heliponto,SNKG,23º23'00''S,046º18'31''W,-23.383333333333333,-46.308611111111105,2687,21,W,1,1,0,INFERIDA_DESCRICAO,46
SNKH,"CREPUTIÁ / Creputiá, PA",aeroporto,aeroporto,SNKH,08º07'01''S,057º07'02''W,-8.116944444444444,-57.117222222222225,984,17,W,1,1,0,INFERIDA_DESCRICAO,46
SNKJ,"CUMARU DO NORTE / Faz. Rio Dourado, PA",aeroporto,aeroporto,SNKJ,08º20'39''S,051º27'05''W,-8.344166666666668,-51.45138888888889,814,20,W,1,1,0,INFERIDA_DESCRICAO,46
SNKK,"CAICÓ / Caicó, RN",aeroporto,aeroporto,SNKK,06º26'22''S,037º04'42''W,-6.439444444444445,-37.07833333333333,600,22,W,1,1,0,INFERIDA_DESCRICAO,46
SNKN,"CURRAIS NOVOS / Currais Novos, RN",aeroporto,aeroporto,SNKN,06º16'51''S,036º32'25''W,-6.280833333333334,-36.540277777777774,1148,22,W,1,1,0,INFERIDA_DESCRICAO,46
SNKS,"SANTA RITA DE CÁSSIA / Santa Rita de Cássia, BA",aeroporto,aeroporto,SNKS,10º57'01''S,044º28'02''W,-10.950277777777776,-44.467222222222226,1476,22,W,1,1,0,INFERIDA_DESCRICAO,46
SNKU,"CANUDOS / Canudos, BA",aeroporto,aeroporto,SNKU,09º54'02''S,039º08'01''W,-9.900555555555556,-39.13361111111111,1247,23,W,1,1,0,INFERIDA_DESCRICAO,46
SNKV,"CUTIAS / Faz. Campo Verde, AP",aeroporto,aeroporto,SNKV,01º02'34''N,050º31'00''W,1.0427777777777778,-50.516666666666666,49,19,W,1,1,0,INFERIDA_DESCRICAO,46
SNKY,"PARAGOMINAS / Faz. Cikel, PA",aeroporto,aeroporto,SNKY,03º39'52''S,048º50'04''W,-3.6644444444444444,-48.83444444444444,298,20,W,1,1,0,INFERIDA_DESCRICAO,46
SNLA,"CANAÃ DOS CARAJÁS / Faz. Lagoa das Antas, PA",aeroporto,aeroporto,SNLA,06º34'03''S,049º43'10''W,-6.5675,-49.71944444444445,899,20,W,1,1,0,INFERIDA_DESCRICAO,46
SNLC,"LAS CASAS / Las Casas, PA",aeroporto,aeroporto,SNLC,07º58'01''S,050º01'02''W,-7.966944444444445,-50.01722222222222,1969,20,W,1,1,0,INFERIDA_DESCRICAO,46
SNLF,"CAMPO FLORIDO / Filial Campo Florido, MG",aeroporto,aeroporto,SNLF,19º48'50''S,048º44'20''W,-19.81388888888889,-48.73888888888889,1959,21,W,1,1,0,INFERIDA_DESCRICAO,46
SNLG,"JABOTICATUBAS / Serra do Cipó, MG",aeroporto,aeroporto,SNLG,19º23'55''S,043º44'47''W,-19.398611111111112,-43.74638888888889,2621,23,W,1,1,0,INFERIDA_DESCRICAO,46
SNLI,"ABAETÉ / Abaeté, MG",aeroporto,aeroporto,SNLI,19º09'26''S,045º29'45''W,-19.15722222222222,-45.49583333333334,2178,22,W,1,1,0,INFERIDA_DESCRICAO,46
SNLJ,"ARIPUANÃ / Agropecuária Céu Aberto LTDA, MT",aeroporto,aeroporto,SNLJ,09º31'00''S,061º15'00''W,-9.516666666666667,-61.25,3428,14,W,1,1,0,INFERIDA_DESCRICAO,46
SNLL,"IPOJUCA / HELPN Brennand, PE",heliponto,heliponto,SNLL,08º34'49''S,035º02'20''W,-8.580277777777777,-35.038888888888884,3,22,W,1,1,0,INFERIDA_DESCRICAO,46
SNLN,"LINHARES / Linhares, ES",aeroporto,aeroporto,SNLN,19º21'16''S,040º04'08''W,-19.354444444444447,-40.06888888888889,131,24,W,1,1,0,INFERIDA_DESCRICAO,46
SNLO,"SÃO LOURENÇO / São Lourenço, MG",aeroporto,aeroporto,SNLO,22º05'30''S,045º02'43''W,-22.091666666666665,-45.04527777777778,2871,22,W,1,1,0,INFERIDA_DESCRICAO,46
SNLP,"PIRACAIA / HELPN Santa Fé, SP",heliponto,heliponto,SNLP,22º59'40''S,046º23'27''W,-22.994444444444447,-46.39083333333333,2848,21,W,1,1,0,INFERIDA_DESCRICAO,46
SNLQ,"NOVA CRIXÁS / Faz. Conforto, GO",aeroporto,aeroporto,SNLQ,14º03'57''S,050º24'55''W,-14.065833333333334,-50.415277777777774,1001,20,W,1,1,0,INFERIDA_DESCRICAO,46
SNLR,"SÃO PAULO / HELPN Itautec, SP",heliponto,heliponto,SNLR,23º31'51''S,046º34'19''W,-23.530833333333334,-46.57194444444445,2438,21,W,1,1,0,INFERIDA_DESCRICAO,46
SNLS,"LAGOA SANTA / HELPN São Sebastião, MG",heliponto,heliponto,SNLS,19º42'17''S,043º50'52''W,-19.704722222222223,-43.84777777777778,2677,23,W,1,1,0,INFERIDA_DESCRICAO,46
SNLX,"RONDON DO PARÁ / FAZ. Primavera 1, PA",aeroporto,aeroporto,SNLX,04º48'02''S,048º23'36''W,-4.8005555555555555,-48.39333333333333,1050,21,W,1,1,0,INFERIDA_DESCRICAO,46
SNLY,"LAGOA DA PRATA / Lagoa da Prata, MG",aeroporto,aeroporto,SNLY,20º03'56''S,045º33'23''W,-20.065555555555555,-45.55638888888888,2159,22,W,1,1,0,INFERIDA_DESCRICAO,46
SNLZ,"DIVINÓPOLIS DO TOCANTINS / Faz. Boca da Mata, TO",aeroporto,aeroporto,SNLZ,09º25'55''S,049º35'28''W,-9.431944444444444,-49.59111111111111,669,21,W,1,1,0,INFERIDA_DESCRICAO,46
SNMA,"MONTE ALEGRE / Monte Alegre, PA",aeroporto,aeroporto,SNMA,01º59'48''S,054º04'17''W,-1.9966666666666668,-54.07138888888889,325,18,W,1,1,0,INFERIDA_DESCRICAO,46
SNMC,"MACAÚBAS / Macaúbas, BA",aeroporto,aeroporto,SNMC,13º01'32''S,042º40'23''W,-13.025555555555556,-42.67305555555555,2133,23,W,1,1,0,INFERIDA_DESCRICAO,46
SNMD,"ITAITUBA / Mundico Coelho, PA",aeroporto,aeroporto,SNMD,06º49'14''S,056º50'41''W,-6.820555555555555,-56.844722222222224,471,17,W,1,1,0,INFERIDA_DESCRICAO,46
SNME,"MATA DE SÃO JOÃO / Costa dos Coqueiros, BA",aeroporto,aeroporto,SNME,12º29'23''S,038º01'25''W,-12.489722222222222,-38.02361111111111,233,23,W,1,1,0,INFERIDA_DESCRICAO,46
SNMF,"MONTE BELO / Agropastoril Monte Alegre, MG",aeroporto,aeroporto,SNMF,21º21'02''S,046º15'02''W,-21.350555555555555,-46.25055555555556,2841,22,W,1,1,0,INFERIDA_DESCRICAO,46
SNMG,"FORTALEZA / HELPN Miguel Dias, CE",heliponto,heliponto,SNMG,03º46'00''S,038º29'27''W,-3.7666666666666666,-38.490833333333335,66,21,W,1,1,0,INFERIDA_DESCRICAO,46
SNMI,"JAGUARARI / Mina Caraíba, BA",aeroporto,aeroporto,SNMI,09º50'05''S,039º53'00''W,-9.834722222222222,-39.88333333333333,1476,23,W,1,1,0,INFERIDA_DESCRICAO,46
SNMJ,"MARACÁS / Maracás, BA",aeroporto,aeroporto,SNMJ,13º26'00''S,040º26'00''W,-13.433333333333334,-40.43333333333333,328,23,W,1,1,0,INFERIDA_DESCRICAO,46
SNMK,"JAÍBA / Mocambinho, MG",aeroporto,aeroporto,SNMK,15º05'36''S,043º58'46''W,-15.093333333333334,-43.97944444444445,1519,23,W,1,1,0,INFERIDA_DESCRICAO,46
SNML,"RIO LARGO / Manduca Leão, AL",aeroporto,aeroporto,SNML,09º32'40''S,035º49'46''W,-9.544444444444444,-35.82944444444445,387,23,W,1,1,0,INFERIDA_DESCRICAO,46
SNMN,"MINAS NOVAS / Minas Novas, MG",aeroporto,aeroporto,SNMN,17º14'02''S,042º35'02''W,-17.233888888888888,-42.58388888888889,2461,23,W,1,1,0,INFERIDA_DESCRICAO,46
SNMQ,"JOINVILLE / HELPN Felipe Hansen, SC",heliponto,heliponto,SNMQ,26º18'59''S,048º51'57''W,-26.31638888888889,-48.865833333333335,108,19,W,1,1,0,INFERIDA_DESCRICAO,46
SNMR,"MARAÚ / Maraú, BA",aeroporto,aeroporto,SNMR,14º07'02''S,038º59'02''W,-14.117222222222223,-38.98388888888889,66,24,W,1,1,0,INFERIDA_DESCRICAO,46
SNMU,"MUCURI/ Mucuri, BA",aeroporto,aeroporto,SNMU,18º02'58''S,039º51'48''W,-18.049444444444447,-39.86333333333334,276,24,W,1,1,0,INFERIDA_DESCRICAO,46
SNMV,"ALCINÓPOLIS / Faz. Flávia, MS",aeroporto,aeroporto,SNMV,18º21'00''S,053º45'00''W,-18.35,-53.75,1250,18,W,1,1,0,INFERIDA_DESCRICAO,47
SNMW,"ARIPUANÃ / Agropecuária Paralelo Dez LTDA, MT",aeroporto,aeroporto,SNMW,09º59'58''S,061º03'08''W,-9.999444444444444,-61.05222222222222,3035,14,W,1,1,0,INFERIDA_DESCRICAO,47
SNMX,"SÃO MATEUS / São Mateus, ES",aeroporto,aeroporto,SNMX,18º43'15''S,039º49'57''W,-18.72083333333333,-39.8325,98,24,W,1,1,0,INFERIDA_DESCRICAO,47
SNMZ,"PORTO DE MOZ / Porto de Moz, PA",aeroporto,aeroporto,SNMZ,01º44'21''S,052º14'42''W,-1.7391666666666667,-52.245,53,19,W,1,1,0,INFERIDA_DESCRICAO,47
SNNB,"PARACATU / Faz. Cana Brava, MG",aeroporto,aeroporto,SNNB,17º10'37''S,046º17'51''W,-17.176944444444445,-46.2975,1772,22,W,1,1,0,INFERIDA_DESCRICAO,47
SNNC,"IPIXUNA DO PARÁ / Rio Capim, PA",aeroporto,aeroporto,SNNC,02º49'13''S,047º53'35''W,-2.8202777777777777,-47.893055555555556,236,20,W,1,1,0,INFERIDA_DESCRICAO,47
SNND,"ITUIUTABA / Bertin LTDA, MG",aeroporto,aeroporto,SNND,18º56'08''S,049º29'20''W,-18.935555555555556,-49.48888888888889,1815,20,W,1,1,0,INFERIDA_DESCRICAO,47
SNNE,"SÃO JOÃO NEPOMUCENO / São João Nepomuceno, MG",aeroporto,aeroporto,SNNE,21º32'32''S,043º01'16''W,-21.542222222222225,-43.02111111111111,1322,23,W,1,1,0,INFERIDA_DESCRICAO,47
SNNI,"MATA DE SÃO JOÃO / Praia do Forte, BA",aeroporto,aeroporto,SNNI,12º33'54''S,038º01'18''W,-12.565000000000001,-38.02166666666667,49,23,W,1,1,0,INFERIDA_DESCRICAO,47
SNNJ,"IACIARA / Faz. Santa Cruz, GO",aeroporto,aeroporto,SNNJ,14º13'04''S,046º50'19''W,-14.217777777777778,-46.83861111111111,1529,22,W,1,1,0,INFERIDA_DESCRICAO,47
SNNL,"NOVA LIMA / HELPN Hospital de Olhos de Minas Gerais, MG",heliponto,heliponto,SNNL,19º58'52''S,043º56'42''W,-19.981111111111108,-43.94499999999999,3925,23,W,1,1,0,INFERIDA_DESCRICAO,47
SNNM,"GUARAPUAVA / Entre Rios - Vitória, PR",aeroporto,aeroporto,SNNM,25º33'58''S,051º29'48''W,-25.566111111111113,-51.49666666666667,3602,18,W,1,1,0,INFERIDA_DESCRICAO,47
SNNO,"COMODORO / Faz. São Domingos, MT",aeroporto,aeroporto,SNNO,14º03'50''S,059º51'59''W,-14.06388888888889,-59.86638888888889,1001,15,W,1,1,0,INFERIDA_DESCRICAO,47
SNNP,"NILO PEÇANHA / Nilo Peçanha, PA",aeroporto,aeroporto,SNNP,08º04'01''S,052º10'02''W,-8.066944444444443,-52.16722222222222,984,20,W,1,1,0,INFERIDA_DESCRICAO,47
SNNR,"RECIFE / HELPN Modesto, PE",heliponto,heliponto,SNNR,08º06'42''S,034º53'52''W,-8.111666666666666,-34.897777777777776,36,22,W,1,1,0,INFERIDA_DESCRICAO,47
SNNT,"NOVA PONTE / Nova Ponte, MG",aeroporto,aeroporto,SNNT,19º11'56''S,047º43'40''W,-19.198888888888888,-47.72777777777778,3261,21,W,1,1,0,INFERIDA_DESCRICAO,47
SNNU,"NANUQUE / Nanuque, MG",aeroporto,aeroporto,SNNU,17º49'02''S,040º20'02''W,-17.81722222222222,-40.33388888888889,591,24,W,1,1,0,INFERIDA_DESCRICAO,47
SNNV,"PEDRA PRETA / Faz. Estrela do Sul, MT",aeroporto,aeroporto,SNNV,16º34'14''S,054º10'15''W,-16.570555555555554,-54.170833333333334,1099,18,W,1,1,0,INFERIDA_DESCRICAO,47
SNOA,"COROATÁ / Coroatá, MA",aeroporto,aeroporto,SNOA,04º08'28''S,044º06'56''W,-4.141111111111112,-44.11555555555556,157,21,W,1,1,0,INFERIDA_DESCRICAO,47
SNOB,"SOBRAL / Sobral, CE",aeroporto,aeroporto,SNOB,03º40'42''S,040º20'13''W,-3.6783333333333332,-40.33694444444445,210,21,W,1,1,0,INFERIDA_DESCRICAO,47
SNOC,"MORRO DO CHAPÉU / Morro do Chapéu, BA",aeroporto,aeroporto,SNOC,11º32'04''S,041º10'47''W,-11.534444444444444,-41.17972222222222,3609,23,W,1,1,0,INFERIDA_DESCRICAO,47
SNOF,"OURO FINO / Ouro Fino, MG",aeroporto,aeroporto,SNOF,22º17'51''S,046º23'36''W,-22.297500000000003,-46.39333333333333,2818,21,W,1,1,0,INFERIDA_DESCRICAO,47
SNOG,"CEARÁ - MIRIM / Ceará - Mirim, RN",aeroporto,aeroporto,SNOG,05º39'38''S,035º24'56''W,-5.660555555555556,-35.41555555555556,171,21,W,1,1,0,INFERIDA_DESCRICAO,47
SNOH,"GOIANA / HELPN Atlantis, PE",heliponto,heliponto,SNOH,07º33'51''S,034º51'31''W,-7.564166666666667,-34.85861111111111,16,22,W,1,1,0,INFERIDA_DESCRICAO,47
SNOI,"JUARA / Faz. Rio Mutuca, MT",aeroporto,aeroporto,SNOI,10º25'35''S,058º09'41''W,-10.426388888888889,-58.16138888888889,951,16,W,1,1,0,INFERIDA_DESCRICAO,47
SNOK,"AURORA DO PARÁ / Faz.Chão de Estrelas, PA",aeroporto,aeroporto,SNOK,02º19'38''S,047º39'04''W,-2.327222222222222,-47.651111111111106,126,20,W,1,1,0,INFERIDA_DESCRICAO,47
SNOM,"VILA BELA DA S.S. TRINDADE / Faz. Guaporeí, MT",aeroporto,aeroporto,SNOM,15º00'56''S,060º13'26''W,-15.015555555555556,-60.223888888888894,1001,14,W,1,1,0,INFERIDA_DESCRICAO,47
SNON,"CAMPINAS / HELPN Casa de Campo, SP",heliponto,heliponto,SNON,22º56'21''S,047º04'14''W,-22.939166666666665,-47.07055555555556,2316,21,W,1,1,0,INFERIDA_DESCRICAO,47
SNOO,"SORRISO / Faz. Quatrilho, MT",aeroporto,aeroporto,SNOO,13º21'28''S,055º39'58''W,-13.357777777777777,-55.66611111111111,1457,18,W,1,1,0,INFERIDA_DESCRICAO,47
SNOQ,"TACURU / Faz. Agropecuária Crioulo, MS",aeroporto,aeroporto,SNOQ,23º35'56''S,055º08'33''W,-23.598888888888887,-55.1425,1263,16,W,1,1,0,INFERIDA_DESCRICAO,47
SNOR,"AMPARO / HELPN Faz. Sesmaria, SP",heliponto,heliponto,SNOR,22º35'49''S,046º51'13''W,-22.596944444444443,-46.853611111111114,2280,21,W,1,1,0,INFERIDA_DESCRICAO,47
SNOS,"PASSOS / Passos, MG",aeroporto,aeroporto,SNOS,20º44'00''S,046º39'35''W,-20.733333333333334,-46.65972222222222,2697,22,W,1,1,0,INFERIDA_DESCRICAO,47
SNOT,"COMODORO / Faz. Santa Fé do Guaporé, MT",aeroporto,aeroporto,SNOT,14º00'42''S,059º53'12''W,-14.011666666666667,-59.88666666666666,952,15,W,1,1,0,INFERIDA_DESCRICAO,47
SNOU,"FEIJÓ / Novo Aeródromo de Feijó, AC",aeroporto,aeroporto,SNOU,08º08'27''S,070º20'50''W,-8.140833333333333,-70.34722222222221,394,8,W,1,1,0,INFERIDA_DESCRICAO,47
SNOV,"CORURIPE / Povoado de Camaçari, AL",aeroporto,aeroporto,SNOV,10º07'21''S,036º17'32''W,-10.1225,-36.29222222222222,279,23,W,1,1,0,INFERIDA_DESCRICAO,47
SNOW,"MARTINÓPOLIS / Faz. Turmalina, SP",aeroporto,aeroporto,SNOW,21º58'56''S,050º58'20''W,-21.98222222222222,-50.97222222222222,1378,19,W,1,1,0,INFERIDA_DESCRICAO,47
SNOX,"ORIXIMINÁ / Oriximiná, PA",aeroporto,aeroporto,SNOX,01º42'49''S,055º50'09''W,-1.713611111111111,-55.83583333333333,262,18,W,1,1,0,INFERIDA_DESCRICAO,47
SNOZ,"PAÇO DO LUMIAR / Coronel Alexandre Raposo, MA",aeroporto,aeroporto,SNOZ,02º31'25''S,044º07'27''W,-2.5236111111111112,-44.12416666666667,154,21,W,1,1,0,INFERIDA_DESCRICAO,47
SNPA,"PARÁ DE MINAS / Pará de Minas, MG",aeroporto,aeroporto,SNPA,19º50'34''S,044º36'04''W,-19.842777777777776,-44.60111111111111,2598,22,W,1,1,0,INFERIDA_DESCRICAO,47
SNPC,"PICOS / Picos, PI",aeroporto,aeroporto,SNPC,07º03'55''S,041º31'10''W,-7.065277777777777,-41.519444444444446,1050,22,W,1,1,0,INFERIDA_DESCRICAO,47
SNPD,"PATOS DE MINAS / Patos de Minas, MG",aeroporto,aeroporto,SNPD,18º40'20''S,046º29'29''W,-18.672222222222224,-46.49138888888889,2793,22,W,1,1,0,INFERIDA_DESCRICAO,47
SNPF,"PARNARAMA / Faz. Cana Brava, MA",aeroporto,aeroporto,SNPF,05º35'28''S,043º19'04''W,-5.591111111111111,-43.31777777777778,689,22,W,1,1,0,INFERIDA_DESCRICAO,47
SNPG,"PORTO GRANDE / Porto Grande, AP",aeroporto,aeroporto,SNPG,00º51'59''N,051º24'02''W,0.8663888888888889,-51.400555555555556,197,19,W,1,1,0,INFERIDA_DESCRICAO,47
SNPI,"PIATÃ / Piatã, BA",aeroporto,aeroporto,SNPI,13º00'02''S,041º46'30''W,-13.000555555555556,-41.775,4118,23,W,1,1,0,INFERIDA_DESCRICAO,47
SNPJ,"PATROCÍNIO / Patrocínio, MG",aeroporto,aeroporto,SNPJ,18º54'33''S,046º58'58''W,-18.909166666666664,-46.98277777777778,3229,22,W,1,1,0,INFERIDA_DESCRICAO,47
SNPL,"SANTA MERCEDES / Faz. Pacuruxu, SP",aeroporto,aeroporto,SNPL,21º15'23''S,051º43'44''W,-21.25638888888889,-51.72888888888889,1181,19,W,1,1,0,INFERIDA_DESCRICAO,47
SNPN,"LAVÍNIA / Faz. Água Fria, SP",aeroporto,aeroporto,SNPN,21º01'49''S,050º55'33''W,-21.030277777777776,-50.92583333333333,1378,19,W,1,1,0,INFERIDA_DESCRICAO,47
SNPO,"POMPEU / Pompeu, MG",aeroporto,aeroporto,SNPO,19º12'12''S,045º01'24''W,-19.203333333333333,-45.02333333333333,2313,22,W,1,1,0,INFERIDA_DESCRICAO,47
SNPR,"GRAVATÁ / HELPN Gilson Machado, PE",heliponto,heliponto,SNPR,08º11'59''S,035º36'58''W,-8.199722222222222,-35.61611111111111,1529,22,W,1,1,0,INFERIDA_DESCRICAO,47
SNPT,"PASSA TEMPO / Passa Tempo, MG",aeroporto,aeroporto,SNPT,20º39'02''S,044º30'02''W,-20.650555555555552,-44.50055555555556,3143,22,W,1,1,0,INFERIDA_DESCRICAO,47
SNPU,"PARAGUAÇU / Paraguaçu, MG",aeroporto,aeroporto,SNPU,21º33'33''S,045º45'06''W,-21.559166666666666,-45.751666666666665,2838,22,W,1,1,0,INFERIDA_DESCRICAO,47
SNPX,"PIRAPORA / Pirapora, MG",aeroporto,aeroporto,SNPX,17º19'01''S,044º51'37''W,-17.316944444444445,-44.86027777777778,1808,22,W,1,1,0,INFERIDA_DESCRICAO,47
SNPY,"SÃO SEBASTIÃO DO PARAÍSO / São Sebastião do Paraíso, MG",aeroporto,aeroporto,SNPY,20º56'57''S,046º59'03''W,-20.949166666666667,-46.98416666666667,3110,21,W,1,1,0,INFERIDA_DESCRICAO,47
SNPZ,"PEDRA AZUL / Pedra Azul, MG",aeroporto,aeroporto,SNPZ,16º04'02''S,041º10'02''W,-16.06722222222222,-41.16722222222222,2625,23,W,1,1,0,INFERIDA_DESCRICAO,47
SNQE,"PARAUAPEBAS / Faz. Serra Grande, PA",aeroporto,aeroporto,SNQE,06º04'08''S,049º50'24''W,-6.068888888888889,-49.84,682,20,W,1,1,0,INFERIDA_DESCRICAO,48
SNQF,"TRAIRI / HELPN Ilha Verde, CE",heliponto,heliponto,SNQF,03º13'13''S,039º15'21''W,-3.220277777777778,-39.255833333333335,20,21,W,1,1,0,INFERIDA_DESCRICAO,48
SNQG,"FLORIANO / Cangapara, PI",aeroporto,aeroporto,SNQG,06º50'46''S,043º04'41''W,-6.846111111111111,-43.07805555555556,689,22,W,1,1,0,INFERIDA_DESCRICAO,48
SNQI,"DIAMANTINO / Faz. Camagril Agropecuária, MT",aeroporto,aeroporto,SNQI,14º07'05''S,057º20'28''W,-14.118055555555555,-57.34111111111111,3609,16,W,1,1,0,INFERIDA_DESCRICAO,48
SNQJ,"CORUMBÁ / Rancho Paraíso, MS",aeroporto,aeroporto,SNQJ,17º31'22''S,055º24'02''W,-17.522777777777776,-55.400555555555556,499,17,W,1,1,0,INFERIDA_DESCRICAO,48
SNQK,"IPOJUCA / HELPN Muro Alto Beach Resort, PE",heliponto,heliponto,SNQK,08º26'14''S,034º59'00''W,-8.437222222222223,-34.983333333333334,39,22,W,1,1,0,INFERIDA_DESCRICAO,48
SNQL,"CÁCERES / Bom Jesus, MT",aeroporto,aeroporto,SNQL,15º44'06''S,057º20'47''W,-15.735,-57.34638888888889,482,16,W,1,1,0,INFERIDA_DESCRICAO,48
SNQP,"MAGDA / Faz. São Francisco, SP",aeroporto,aeroporto,SNQP,20º34'03''S,050º13'49''W,-20.5675,-50.23027777777778,1437,20,W,1,1,0,INFERIDA_DESCRICAO,48
SNQR,"POCONÉ / Faz. Bahia - Don Bosco, MT",aeroporto,aeroporto,SNQR,16º43'40''S,057º14'00''W,-16.727777777777778,-57.233333333333334,3,16,W,1,1,0,INFERIDA_DESCRICAO,48
SNQS,"IVINHEMA / Faz. N. S. Auxiliadora, MS",aeroporto,aeroporto,SNQS,22º18'16''S,054º01'50''W,-22.304444444444446,-54.03055555555555,1001,17,W,1,1,0,INFERIDA_DESCRICAO,48
SNQT,"UMUARAMA / Faz. Estrela do Sul, PR",aeroporto,aeroporto,SNQT,23º47'45''S,053º28'47''W,-23.795833333333334,-53.47972222222222,1542,17,W,1,1,0,INFERIDA_DESCRICAO,48
SNQU,"MUCUGÊ / Mucugê, BA",aeroporto,aeroporto,SNQU,13º02'04''S,041º26'42''W,-13.034444444444444,-41.44499999999999,3510,23,W,1,1,0,INFERIDA_DESCRICAO,48
SNQV,"CURVELO / Curvelo, MG",aeroporto,aeroporto,SNQV,18º45'58''S,044º27'29''W,-18.766111111111112,-44.45805555555556,2205,23,W,1,1,0,INFERIDA_DESCRICAO,48
SNQW,"JACAREACANGA / Cururu, PA",aeroporto,aeroporto,SNQW,07º33'52''S,057º44'32''W,-7.564444444444444,-57.742222222222225,453,17,W,1,1,0,INFERIDA_DESCRICAO,48
SNQX,"QUIXADÁ / Quixadá, CE",aeroporto,aeroporto,SNQX,04º58'01''S,039º00'01''W,-4.966944444444445,-39.000277777777775,653,22,W,1,1,0,INFERIDA_DESCRICAO,48
SNQY,"RIBEIRÃO PRETO / HELPN Colina Verde, SP",heliponto,heliponto,SNQY,21º13'46''S,047º47'43''W,-21.229444444444443,-47.79527777777778,2130,21,W,1,1,0,INFERIDA_DESCRICAO,48
SNRA,"PRATINHA / Faz. Santo André, MG",aeroporto,aeroporto,SNRA,19º43'34''S,046º21'10''W,-19.72611111111111,-46.35277777777778,4134,22,W,1,1,0,INFERIDA_DESCRICAO,48
SNRC,"CURITIBA / HELPN Ouro Verde, PR",heliponto,heliponto,SNRC,25º30'28''S,049º19'56''W,-25.50777777777778,-49.33222222222223,3155,19,W,1,1,0,INFERIDA_DESCRICAO,48
SNRG,"RIO DE JANEIRO / HELPN Furnas Centrais Elétricas S/A, RJ",heliponto,heliponto,SNRG,22º57'19''S,043º11'28''W,-22.955277777777777,-43.191111111111105,262,23,W,1,1,0,INFERIDA_DESCRICAO,48
SNRI,"BERTIOGA / HELPN Riviera de São Lourenço, SP",heliponto,heliponto,SNRI,23º47'52''S,046º03'21''W,-23.797777777777778,-46.05583333333333,23,21,W,1,1,0,INFERIDA_DESCRICAO,48
SNRM,"REMANSO / Remanso, BA",aeroporto,aeroporto,SNRM,09º39'01''S,042º07'02''W,-9.650277777777777,-42.117222222222225,1381,22,W,1,1,0,INFERIDA_DESCRICAO,48
SNRN,"GETULINA / Faz. 20 de Maio, SP",aeroporto,aeroporto,SNRN,21º48'32''S,049º58'16''W,-21.80888888888889,-49.971111111111114,1509,20,W,1,1,0,INFERIDA_DESCRICAO,48
SNRP,"RIO PARANAÍBA / Rio Paranaíba, MG",aeroporto,aeroporto,SNRP,19º12'45''S,046º14'26''W,-19.2125,-46.24055555555556,3757,22,W,1,1,0,INFERIDA_DESCRICAO,48
SNRQ,"JACAREACANGA / Porto Rico, PA",aeroporto,aeroporto,SNRQ,06º06'15''S,057º22'46''W,-6.104166666666666,-57.379444444444445,331,17,W,1,1,0,INFERIDA_DESCRICAO,48
SNRR,"NOVO REPARTIMENTO / Faz. Aratau, PA",aeroporto,aeroporto,SNRR,04º09'05''S,050º08'42''W,-4.1513888888888895,-50.144999999999996,604,20,W,1,1,0,INFERIDA_DESCRICAO,48
SNRU,"CARUARU / Caruaru, PE",aeroporto,aeroporto,SNRU,08º17'04''S,036º00'39''W,-8.284444444444444,-36.01083333333333,1891,22,W,1,1,0,INFERIDA_DESCRICAO,48
SNRV,"SAPUCAIA / Faz. Rio Vermelho, PA",aeroporto,aeroporto,SNRV,06º52'58''S,049º27'50''W,-6.882777777777778,-49.46388888888889,450,20,W,1,1,0,INFERIDA_DESCRICAO,48
SNRW,"MIRACEMA DO TOCANTINS / Faz. Barreiro, TO",aeroporto,aeroporto,SNRW,09º54'26''S,048º38'06''W,-9.907222222222222,-48.635,1033,21,W,1,1,0,INFERIDA_DESCRICAO,48
SNRX,"RIACHÃO / Riachão, MA",aeroporto,aeroporto,SNRX,07º21'01''S,046º38'02''W,-7.3502777777777775,-46.63388888888889,1312,21,W,1,1,0,INFERIDA_DESCRICAO,48
SNRY,"BELO HORIZONTE / HELPN Redpoint I, MG",heliponto,heliponto,SNRY,19º58'21''S,043º56'05''W,-19.972499999999997,-43.93472222222222,3812,23,W,1,1,0,INFERIDA_DESCRICAO,48
SNSA,"VAZANTE / Faz. Bom Sucesso, MG",aeroporto,aeroporto,SNSA,17º36'31''S,046º42'14''W,-17.608611111111113,-46.70388888888889,2454,22,W,1,1,0,INFERIDA_DESCRICAO,48
SNSB,"SÃO BENTO / São Bento, MA",aeroporto,aeroporto,SNSB,02º42'16''S,044º50'41''W,-2.7044444444444444,-44.844722222222224,230,21,W,1,1,0,INFERIDA_DESCRICAO,48
SNSC,"SACRAMENTO / Sacramento, MG",aeroporto,aeroporto,SNSC,19º53'35''S,047º25'20''W,-19.893055555555556,-47.42222222222222,3288,21,W,1,1,0,INFERIDA_DESCRICAO,48
SNSD,"SÃO DESIDÉRIO / São Luiz, BA",aeroporto,aeroporto,SNSD,12º55'10''S,045º42'52''W,-12.919444444444444,-45.714444444444446,2664,22,W,1,1,0,INFERIDA_DESCRICAO,48
SNSE,"SENTO SÉ / Sento Sé, BA",aeroporto,aeroporto,SNSE,09º44'29''S,041º50'28''W,-9.741388888888888,-41.84111111111111,1306,23,W,1,1,0,INFERIDA_DESCRICAO,48
SNSF,"PORTO MURTINHO / Faz. Entre Rios, MS",aeroporto,aeroporto,SNSF,21º21'54''S,057º06'33''W,-21.365000000000002,-57.10916666666667,1050,15,W,1,1,0,INFERIDA_DESCRICAO,48
SNSG,"SALGUEIRO / Salgueiro, PE",aeroporto,aeroporto,SNSG,08º02'48''S,039º08'02''W,-8.046666666666667,-39.13388888888889,1539,22,W,1,1,0,INFERIDA_DESCRICAO,48
SNSH,"SANTARÉM / São José, PA",aeroporto,aeroporto,SNSH,02º34'53''S,054º43'56''W,-2.5813888888888887,-54.73222222222223,440,18,W,1,1,0,INFERIDA_DESCRICAO,48
SNSI,"SANTA MARIA DO SUAÇUÍ / Santa Maria do Suaçuí, MG",aeroporto,aeroporto,SNSI,18º11'55''S,042º27'58''W,-18.198611111111113,-42.46611111111111,1575,23,W,1,1,0,INFERIDA_DESCRICAO,48
SNSJ,"SAPEZAL / Faz. Fogliatelli, MT",aeroporto,aeroporto,SNSJ,13º31'47''S,058º34'24''W,-13.529722222222222,-58.57333333333334,1723,16,W,1,1,0,INFERIDA_DESCRICAO,48
SNSL,"ALMEIRIM / Faz. Ipitinga, PA",aeroporto,aeroporto,SNSL,00º20'28''N,053º48'53''W,0.3411111111111111,-53.81472222222222,1680,18,W,1,1,0,INFERIDA_DESCRICAO,48
SNSN,"SÃO RAIMUNDO NONATO / São Raimundo Nonato, PI",aeroporto,aeroporto,SNSN,09º01'38''S,042º41'02''W,-9.027222222222223,-42.68388888888889,1247,22,W,1,1,0,INFERIDA_DESCRICAO,48
SNSO,"SERRO / Serro, MG",aeroporto,aeroporto,SNSO,18º36'40''S,043º25'26''W,-18.611111111111114,-43.42388888888889,2428,23,W,1,1,0,INFERIDA_DESCRICAO,48
SNSR,"GUARDA – MOR / Faz. Santos Reis, MG",aeroporto,aeroporto,SNSR,17º32'35''S,046º58'40''W,-17.543055555555558,-46.97777777777778,2165,22,W,1,1,0,INFERIDA_DESCRICAO,48
SNSS,"SALINAS / Salinas, MG",aeroporto,aeroporto,SNSS,16º12'28''S,042º19'20''W,-16.20777777777778,-42.32222222222222,2504,23,W,1,1,0,INFERIDA_DESCRICAO,48
SNST,"SOUTO SOARES / Souto Soares, BA",aeroporto,aeroporto,SNST,12º06'05''S,041º38'05''W,-12.101388888888888,-41.63472222222222,2753,23,W,1,1,0,INFERIDA_DESCRICAO,48
SNSW,"SOURE / Soure, PA",aeroporto,aeroporto,SNSW,00º41'54''S,048º31'05''W,-0.6983333333333334,-48.518055555555556,43,20,W,1,1,0,INFERIDA_DESCRICAO,48
SNSX,"ILHA SOLTEIRA / Faz. São Martinho, SP",aeroporto,aeroporto,SNSX,20º21'26''S,051º15'04''W,-20.357222222222223,-51.25111111111111,1148,19,W,1,1,0,INFERIDA_DESCRICAO,48
SNSY,"BONITO / Faz. São José, MS",aeroporto,aeroporto,SNSY,20º56'42''S,056º29'46''W,-20.945,-56.49611111111111,1247,16,W,1,1,0,INFERIDA_DESCRICAO,48
SNTA,"POMPÉIA / Faz. São Miguel, SP",aeroporto,aeroporto,SNTA,21º52'07''S,050º06'59''W,-21.86861111111111,-50.11638888888889,1444,20,W,1,1,0,INFERIDA_DESCRICAO,48
SNTD,"NATALÂNDIA / Faz. Mamoneira, MG",aeroporto,aeroporto,SNTD,16º35'08''S,046º30'36''W,-16.585555555555555,-46.51,1862,22,W,1,1,0,INFERIDA_DESCRICAO,48
SNTF,"TEIXEIRA DE FREITAS / Teixeira de Freitas, BA",aeroporto,aeroporto,SNTF,17º31'28''S,039º40'14''W,-17.524444444444445,-39.67055555555555,344,24,W,1,1,0,INFERIDA_DESCRICAO,48
SNTI,ÓBIDOS / Óbidos PA,aeroporto,aeroporto,SNTI,01º52'04''S,055º30'51''W,-1.8677777777777778,-55.51416666666667,328,18,W,1,1,0,INFERIDA_DESCRICAO,48
SNTJ,"ITAITUBA / Santa Teresa, PA",aeroporto,aeroporto,SNTJ,04º17'29''S,056º05'15''W,-4.291388888888889,-56.087500000000006,98,18,W,1,1,0,INFERIDA_DESCRICAO,48
SNTO,"TEÓFILO OTONI / Juscelino Kubitschek, MG",aeroporto,aeroporto,SNTO,17º53'27''S,041º30'54''W,-17.890833333333333,-41.515,1572,23,W,1,1,0,INFERIDA_DESCRICAO,48
SNTP,"TAILÂNDIA / Agropalma, PA",aeroporto,aeroporto,SNTP,02º31'31''S,048º45'07''W,-2.5252777777777777,-48.75194444444445,66,20,W,1,1,0,INFERIDA_DESCRICAO,49
SNTQ,"BURITIRAMA / Buritirama, BA",aeroporto,aeroporto,SNTQ,10º43'27''S,043º39'17''W,-10.724166666666667,-43.65472222222222,1690,22,W,1,1,0,INFERIDA_DESCRICAO,49
SNTR,"PIRITIBA / Piritiba, BA",aeroporto,aeroporto,SNTR,11º44'25''S,040º34'04''W,-11.740277777777777,-40.56777777777778,1896,23,W,1,1,0,INFERIDA_DESCRICAO,49
SNTS,"PATOS / Patos, PB",aeroporto,aeroporto,SNTS,07º02'16''S,037º15'27''W,-7.0377777777777775,-37.2575,820,22,W,1,1,0,INFERIDA_DESCRICAO,49
SNTT,"FELIXLÂNDIA / Tranquilo Testolin, MG",aeroporto,aeroporto,SNTT,18º45'46''S,045º06'48''W,-18.762777777777778,-45.11333333333334,2009,22,W,1,1,0,INFERIDA_DESCRICAO,49
SNTU,"TURIAÇU / Turiaçu, MA",aeroporto,aeroporto,SNTU,01º46'01''S,045º27'02''W,-1.7669444444444444,-45.45055555555556,33,21,W,1,1,0,INFERIDA_DESCRICAO,49
SNTV,"TAIOBEIRAS / Faz. Veredão, MG",aeroporto,aeroporto,SNTV,15º39'24''S,041º39'13''W,-15.656666666666666,-41.65361111111111,2559,23,W,1,1,0,INFERIDA_DESCRICAO,49
SNTW,"TEOTÔNIO VILELA / Senador Teotônio Vilela, AL",aeroporto,aeroporto,SNTW,09º53'49''S,036º17'35''W,-9.896944444444443,-36.293055555555554,443,23,W,1,1,0,INFERIDA_DESCRICAO,49
SNTY,"CORRENTINA / Correntina, BA",aeroporto,aeroporto,SNTY,13º22'50''S,044º37'02''W,-13.380555555555556,-44.617222222222225,2159,22,W,1,1,0,INFERIDA_DESCRICAO,49
SNUB,"UBÁ / Ubá, MG",aeroporto,aeroporto,SNUB,21º07'21''S,042º52'56''W,-21.1225,-42.882222222222225,1115,23,W,1,1,0,INFERIDA_DESCRICAO,49
SNUC,"AÇU / Açu, RN",aeroporto,aeroporto,SNUC,05º35'43''S,036º57'40''W,-5.595277777777778,-36.961111111111116,394,22,W,1,1,0,INFERIDA_DESCRICAO,49
SNUG,"VILA BELA DA S.S. TRINDADE / Faz. Eunice, MT",aeroporto,aeroporto,SNUG,14º57'20''S,059º37'22''W,-14.955555555555556,-59.62277777777778,787,15,W,1,1,0,INFERIDA_DESCRICAO,49
SNUH,"PIUMHI / Piumhi, MG",aeroporto,aeroporto,SNUH,20º26'19''S,045º59'34''W,-20.43861111111111,-45.99277777777778,2444,22,W,1,1,0,INFERIDA_DESCRICAO,49
SNUI,"ARAÇUAÍ / Araçuaí, MG",aeroporto,aeroporto,SNUI,16º51'07''S,042º02'46''W,-16.851944444444445,-42.04611111111111,1181,23,W,1,1,0,INFERIDA_DESCRICAO,49
SNUK,"BURITIZEIRO / Faz. Lago Vermelho, MG",aeroporto,aeroporto,SNUK,17º02'07''S,045º29'11''W,-17.03527777777778,-45.48638888888889,1690,22,W,1,1,0,INFERIDA_DESCRICAO,49
SNUP,"CAMPO ALEGRE / Usina Porto Rico, AL",aeroporto,aeroporto,SNUP,09º48'10''S,036º13'21''W,-9.802777777777779,-36.222500000000004,404,23,W,1,1,0,INFERIDA_DESCRICAO,49
SNUQ,"SÃO PAULO / HELPN Pão de Açúcar, SP",heliponto,heliponto,SNUQ,23º34'18''S,046º39'27''W,-23.571666666666665,-46.6575,2651,21,W,1,1,0,INFERIDA_DESCRICAO,49
SNUS,"DELTA / Usina Delta I, MG",aeroporto,aeroporto,SNUS,19º56'27''S,047º46'42''W,-19.940833333333334,-47.77833333333333,2100,21,W,1,1,0,INFERIDA_DESCRICAO,49
SNUT,"UTINGA / Utinga, BA",aeroporto,aeroporto,SNUT,12º06'15''S,041º04'17''W,-12.104166666666666,-41.07138888888889,1988,23,W,1,1,0,INFERIDA_DESCRICAO,49
SNUU,"UAUÁ / Uauá, BA",aeroporto,aeroporto,SNUU,09º50'06''S,039º29'40''W,-9.835,-39.49444444444445,1335,23,W,1,1,0,INFERIDA_DESCRICAO,49
SNUV,"ANAURILÂNDIA / Faz. Nova Aurora, MS",aeroporto,aeroporto,SNUV,22º13'01''S,052º44'25''W,-22.216944444444444,-52.74027777777778,951,18,W,1,1,0,INFERIDA_DESCRICAO,49
SNUX,"RIBAS DO RIO PARDO / Faz. Santo Antônio, MS",aeroporto,aeroporto,SNUX,21º24'17''S,053º18'25''W,-21.404722222222222,-53.30694444444444,1142,18,W,1,1,0,INFERIDA_DESCRICAO,49
SNUZ,"CORURIPE / Usina Coruripe, AL",aeroporto,aeroporto,SNUZ,10º05'36''S,036º11'16''W,-10.093333333333334,-36.187777777777775,210,23,W,1,1,0,INFERIDA_DESCRICAO,49
SNVA,"CUMARU DO NORTE / Faz. Bela Vista, PA",aeroporto,aeroporto,SNVA,07º59'15''S,050º37'54''W,-7.9875,-50.63166666666667,1037,20,W,1,1,0,INFERIDA_DESCRICAO,49
SNVB,"VALENÇA / Valença, BA",aeroporto,aeroporto,SNVB,13º17'47''S,038º59'33''W,-13.296388888888888,-38.9925,21,23,W,1,1,0,INFERIDA_DESCRICAO,49
SNVC,"VIÇOSA / Viçosa, MG",aeroporto,aeroporto,SNVC,20º44'41''S,042º50'31''W,-20.744722222222222,-42.841944444444444,2162,23,W,1,1,0,INFERIDA_DESCRICAO,49
SNVD,"SANTA MARIA DA VlTÓRlA / Santa Maria da Vitória, BA",aeroporto,aeroporto,SNVD,13º24'02''S,044º13'02''W,-13.400555555555556,-44.217222222222226,1850,23,W,1,1,0,INFERIDA_DESCRICAO,49
SNVF,"RIO DE JANEIRO / HELPN Banco Itaú-RJ, RJ",heliponto,heliponto,SNVF,22º53'58''S,043º13'25''W,-22.899444444444445,-43.22361111111111,207,23,W,1,1,0,INFERIDA_DESCRICAO,49
SNVG,"CONCEIÇÃO DAS ALAGOAS / Volta Grande, MG",aeroporto,aeroporto,SNVG,20º02'02''S,048º14'02''W,-20.03388888888889,-48.23388888888889,1831,21,W,1,1,0,INFERIDA_DESCRICAO,49
SNVH,"CÁCERES / Faz. Santa Helena, MT",aeroporto,aeroporto,SNVH,16º10'07''S,058º08'18''W,-16.16861111111111,-58.138333333333335,492,16,W,1,1,0,INFERIDA_DESCRICAO,49
SNVI,"TRÊS CORAÇÕES / Mello Viana, MG",aeroporto,aeroporto,SNVI,21º47'26''S,045º16'09''W,-21.790555555555557,-45.26916666666666,3232,22,W,1,1,0,INFERIDA_DESCRICAO,49
SNVJ,"JAURU / Faz. Salto Grande, MT",aeroporto,aeroporto,SNVJ,15º15'12''S,058º47'36''W,-15.253333333333334,-58.79333333333333,,15,W,1,1,1,INFERIDA_DESCRICAO,49
SNVK,"TRÊS LAGOAS / Faz. Santa Terezinha, MS",aeroporto,aeroporto,SNVK,20º30'05''S,052º22'08''W,-20.50138888888889,-52.36888888888889,1214,19,W,1,1,0,INFERIDA_DESCRICAO,49
SNVL,"VIRGEM DA LAPA / Virgem da Lapa, MG",aeroporto,aeroporto,SNVL,16º46'26''S,042º23'15''W,-16.773888888888887,-42.3875,2477,23,W,1,1,0,INFERIDA_DESCRICAO,49
SNVM,"BRASILÂNDIA / Faz. Guaivira, MS",aeroporto,aeroporto,SNVM,20º39'52''S,052º46'02''W,-20.66444444444444,-52.76722222222222,1112,18,W,1,1,0,INFERIDA_DESCRICAO,49
SNVN,"RUBIÁCEA / Faz. Santa Clara, SP",aeroporto,aeroporto,SNVN,21º18'12''S,050º45'08''W,-21.303333333333335,-50.75222222222222,1352,19,W,1,1,0,INFERIDA_DESCRICAO,49
SNVO,"CARNEIRINHOS / Faz. Pontal, MG",aeroporto,aeroporto,SNVO,19º58'41''S,050º58'06''W,-19.978055555555553,-50.968333333333334,1240,20,W,1,1,0,INFERIDA_DESCRICAO,49
SNVR,"VERA CRUZ / Aeroclube da Bahia, BA",aeroporto,aeroporto,SNVR,13º01'17''S,038º40'52''W,-13.02138888888889,-38.68111111111111,12,23,W,1,1,0,INFERIDA_DESCRICAO,49
SNVS,"BREVES / Breves, PA",aeroporto,aeroporto,SNVS,01º38'19''S,050º26'29''W,-1.638611111111111,-50.44138888888889,98,20,W,1,1,0,INFERIDA_DESCRICAO,49
SNVT,"SÃO CAETANO DO SUL / HELPN Pires do Rio, SP",heliponto,heliponto,SNVT,23º36'55''S,046º32'48''W,-23.61527777777778,-46.54666666666667,2478,21,W,1,1,0,INFERIDA_DESCRICAO,49
SNVU,"CÁSSIA / Faz. Itatuba, MG",aeroporto,aeroporto,SNVU,20º25'51''S,046º51'36''W,-20.430833333333336,-46.86,2395,21,W,1,1,0,INFERIDA_DESCRICAO,49
SNVW,"NOVA LACERDA / Faz. São João do Guaporé - Santa Paula, MT",aeroporto,aeroporto,SNVW,13º59'52''S,060º04'27''W,-13.997777777777777,-60.07416666666667,574,15,W,1,1,0,INFERIDA_DESCRICAO,49
SNVX,"SÃO JOSÉ / HELPN Golden Air, SC",heliponto,heliponto,SNVX,27º32'30''S,048º37'27''W,-27.541666666666668,-48.62416666666667,63,19,W,1,1,0,INFERIDA_DESCRICAO,49
SNVY,"PARANHOS / Faz. Ouro Verde, MS",aeroporto,aeroporto,SNVY,23º58'37''S,055º21'55''W,-23.97694444444444,-55.36527777777778,1299,16,W,1,1,0,INFERIDA_DESCRICAO,49
SNVZ,"VÁRZEA DA PALMA / Várzea da Palma, MG",aeroporto,aeroporto,SNVZ,17º38'42''S,044º42'38''W,-17.645,-44.71055555555556,1719,22,W,1,1,0,INFERIDA_DESCRICAO,49
SNWA,"CORURIPE / Guaxuma, AL",aeroporto,aeroporto,SNWA,09º58'50''S,036º13'52''W,-9.980555555555556,-36.23111111111111,322,23,W,1,1,0,INFERIDA_DESCRICAO,49
SNWB,"MIRANDÓPOLIS / Faz. São Lucas, SP",aeroporto,aeroporto,SNWB,20º55'56''S,050º57'25''W,-20.932222222222222,-50.956944444444446,1099,19,W,1,1,0,INFERIDA_DESCRICAO,49
SNWC,"CAMOCIM / Camocim, CE",aeroporto,aeroporto,SNWC,02º53'48''S,040º51'25''W,-2.8966666666666665,-40.856944444444444,16,21,W,1,1,0,INFERIDA_DESCRICAO,49
SNWD,"IGUATEMI / Faz. Guavirá, MS",aeroporto,aeroporto,SNWD,23º25'49''S,054º36'30''W,-23.43027777777778,-54.608333333333334,1335,17,W,1,1,0,INFERIDA_DESCRICAO,49
SNWF,"PONTA PORÃ / Faz. Cachoeirinha, MS",aeroporto,aeroporto,SNWF,22º26'17''S,055º13'54''W,-22.438055555555557,-55.23166666666667,1476,16,W,1,1,0,INFERIDA_DESCRICAO,49
SNWG,"ITAQUIRAÍ / Faz. Iporã, MS",aeroporto,aeroporto,SNWG,23º35'13''S,054º03'28''W,-23.586944444444445,-54.05777777777777,1476,17,W,1,1,0,INFERIDA_DESCRICAO,49
SNWH,"QUERÊNCIA DO NORTE / Faz. São Matheus, PR",aeroporto,aeroporto,SNWH,22º58'00''S,053º32'36''W,-22.966666666666665,-53.54333333333333,1050,17,W,1,1,0,INFERIDA_DESCRICAO,49
SNWI,"COMODORO / Faz. São João II - São João, MT",aeroporto,aeroporto,SNWI,14º04'08''S,060º00'33''W,-14.068888888888889,-60.009166666666665,594,15,W,1,1,0,INFERIDA_DESCRICAO,49
SNWJ,"ARAPUTANGA / Faz. Rancho Grande, MT",aeroporto,aeroporto,SNWJ,15º12'29''S,058º37'29''W,-15.208055555555555,-58.624722222222225,1345,15,W,1,1,0,INFERIDA_DESCRICAO,49
SNWK,"PEDRA PRETA / Faz. Santa Terezinha, MT",aeroporto,aeroporto,SNWK,16º40'28''S,054º15'59''W,-16.674444444444447,-54.26638888888889,722,18,W,1,1,0,INFERIDA_DESCRICAO,50
SNWL,"APORÉ / Faz. Ranchinho, GO",aeroporto,aeroporto,SNWL,18º50'00''S,051º47'28''W,-18.833333333333332,-51.79111111111111,1788,19,W,1,1,0,INFERIDA_DESCRICAO,50
SNWN,"PEDRA PRETA / Faz. Aliança, MT",aeroporto,aeroporto,SNWN,16º40'05''S,054º23'09''W,-16.668055555555558,-54.38583333333333,942,18,W,1,1,0,INFERIDA_DESCRICAO,50
SNWO,"AMAMBAÍ / Faz. Vera Cruz, MS",aeroporto,aeroporto,SNWO,23º01'04''S,054º37'28''W,-23.017777777777777,-54.62444444444444,1001,17,W,1,1,0,INFERIDA_DESCRICAO,50
SNWP,"UNIÃO DOS PALMARES / Laginha, AL",aeroporto,aeroporto,SNWP,09º18'50''S,036º03'23''W,-9.31388888888889,-36.05638888888888,262,23,W,1,1,0,INFERIDA_DESCRICAO,50
SNWR,"SENADOR JOSÉ PORFÍRIO / Wilma Rebelo, PA",aeroporto,aeroporto,SNWR,02º38'11''S,051º49'35''W,-2.636388888888889,-51.82638888888889,201,19,W,1,1,0,INFERIDA_DESCRICAO,50
SNWS,"CRATEÚS / Crateús, CE",aeroporto,aeroporto,SNWS,05º12'40''S,040º42'15''W,-5.211111111111111,-40.70416666666667,1034,22,W,1,1,0,INFERIDA_DESCRICAO,50
SNWU,"ARAL MOREIRA / Faz. Ponte Quihá, MS",aeroporto,aeroporto,SNWU,23º00'31''S,055º30'35''W,-23.00861111111111,-55.50972222222222,1575,16,W,1,1,0,INFERIDA_DESCRICAO,50
SNWV,"ESMERALDAS / HELPN Viganó 3, MG",heliponto,heliponto,SNWV,19º43'32''S,044º23'43''W,-19.725555555555555,-44.39527777777778,2362,22,W,1,1,0,INFERIDA_DESCRICAO,50
SNWW,"MOGI DAS CRUZES / HELPN Paradise Golf, SP",heliponto,heliponto,SNWW,23º35'26''S,046º15'43''W,-23.590555555555554,-46.261944444444445,2523,21,W,1,1,0,INFERIDA_DESCRICAO,50
SNWX,"LIMEIRA / HELPN Newton, SP",heliponto,heliponto,SNWX,22º32'20''S,047º25'10''W,-22.53888888888889,-47.419444444444444,2001,21,W,1,1,0,INFERIDA_DESCRICAO,50
SNWZ,"ATALAIA / Uruba, AL",aeroporto,aeroporto,SNWZ,09º29'06''S,035º57'32''W,-9.485,-35.95888888888889,302,23,W,1,1,0,INFERIDA_DESCRICAO,50
SNXB,"CAXAMBU / Caxambu, MG",aeroporto,aeroporto,SNXB,21º55'03''S,044º58'10''W,-21.9175,-44.96944444444445,2838,22,W,1,1,0,INFERIDA_DESCRICAO,50
SNXC,"BETIM / HELPN Viganó 2, MG",heliponto,heliponto,SNXC,19º57'15''S,044º04'19''W,-19.954166666666666,-44.07194444444445,3258,23,W,1,1,0,INFERIDA_DESCRICAO,50
SNXG,"SAPUCAIA / Faz. dos Castanhais, PA",aeroporto,aeroporto,SNXG,06º46'30''S,049º21'39''W,-6.775,-49.36083333333333,745,21,W,1,1,0,INFERIDA_DESCRICAO,50
SNXH,"CODÓ / Itapicuru, MA",aeroporto,aeroporto,SNXH,04º30'47''S,044º01'12''W,-4.513055555555556,-44.019999999999996,184,21,W,1,1,0,INFERIDA_DESCRICAO,50
SNXI,"PEREIRA BARRETO / Estância Turística de Pereira Barreto, SP",aeroporto,aeroporto,SNXI,20º37'29''S,051º05'06''W,-20.62472222222222,-51.085,1289,19,W,1,1,0,INFERIDA_DESCRICAO,50
SNXJ,"SÃO PAULO / HELPN Jucelino Plaza, SP",heliponto,heliponto,SNXJ,23º35'14''S,046º40'31''W,-23.58722222222222,-46.67527777777777,2657,21,W,1,1,0,INFERIDA_DESCRICAO,50
SNXK,"SÃO FÉLIX DO XINGU / Faz. Lagoa do Triunfo, PA",aeroporto,aeroporto,SNXK,06º32'13''S,052º46'09''W,-6.536944444444444,-52.76916666666666,558,19,W,1,1,0,INFERIDA_DESCRICAO,50
SNXL,"QUERÊNCIA / Primavera, MT",aeroporto,aeroporto,SNXL,12º37'00''S,052º09'14''W,-12.616666666666667,-52.153888888888886,1201,20,W,1,1,0,INFERIDA_DESCRICAO,50
SNXO,"NOVO PROGRESSO / Faz. Bom Sucesso, PA",aeroporto,aeroporto,SNXO,07º53'37''S,056º23'15''W,-7.8936111111111105,-56.3875,600,17,W,1,1,0,INFERIDA_DESCRICAO,50
SNXP,"SÃO PAULO / HELPN Residência Papaiz, SP",heliponto,heliponto,SNXP,23º35'21''S,046º42'15''W,-23.589166666666664,-46.70416666666667,2615,21,W,1,1,0,INFERIDA_DESCRICAO,50
SNXQ,"XIQUE-XIQUE / Xique-Xique, BA",aeroporto,aeroporto,SNXQ,10º50'13''S,042º40'57''W,-10.836944444444445,-42.6825,1384,23,W,1,1,0,INFERIDA_DESCRICAO,50
SNXR,"ITAITUBA / Faz. Conforto, PA",aeroporto,aeroporto,SNXR,07º23'36''S,056º31'23''W,-7.3933333333333335,-56.52305555555555,771,17,W,1,1,0,INFERIDA_DESCRICAO,50
SNXU,"CARIACICA / HELPN Meridional, ES",heliponto,heliponto,SNXU,20º19'56''S,040º22'42''W,-20.33222222222222,-40.37833333333333,144,24,W,1,1,0,INFERIDA_DESCRICAO,50
SNXV,"COLNIZA / Faz. Lagoa das Conchas, MT",aeroporto,aeroporto,SNXV,09º05'14''S,061º11'13''W,-9.087222222222223,-61.18694444444444,348,14,W,1,1,0,INFERIDA_DESCRICAO,50
SNXX,"MAXARANGUAPE / Maxaranguape, RN",aeroporto,aeroporto,SNXX,05º22'55''S,035º31'51''W,-5.381944444444444,-35.530833333333334,302,21,W,1,1,0,INFERIDA_DESCRICAO,50
SNXY,"PORTEL / Cikel Brasil Verde, PA",aeroporto,aeroporto,SNXY,02º42'01''S,050º31'43''W,-2.700277777777778,-50.52861111111111,98,20,W,1,1,0,INFERIDA_DESCRICAO,50
SNYA,"ALMEIRIM / Almeirim, PA",aeroporto,aeroporto,SNYA,01º29'31''S,052º34'42''W,-1.4919444444444445,-52.57833333333333,584,19,W,1,1,0,INFERIDA_DESCRICAO,50
SNYB,"ITUIUTABA / Ituiutaba, MG",aeroporto,aeroporto,SNYB,19º00'07''S,049º29'14''W,-19.001944444444444,-49.48722222222222,1985,20,W,1,1,0,INFERIDA_DESCRICAO,50
SNYC,"ITAITUBA / Rosa Branca, PA",aeroporto,aeroporto,SNYC,07º00'33''S,056º54'16''W,-7.009166666666666,-56.904444444444444,552,17,W,1,1,0,INFERIDA_DESCRICAO,50
SNYD,"PILÃO ARCADO / Pilão Arcado, BA",aeroporto,aeroporto,SNYD,10º04'01''S,042º27'02''W,-10.066944444444443,-42.45055555555556,1312,23,W,1,1,0,INFERIDA_DESCRICAO,50
SNYE,"PINHEIRO / Pinheiro, MA",aeroporto,aeroporto,SNYE,02º29'01''S,045º04'02''W,-2.483611111111111,-45.06722222222223,125,21,W,1,1,0,INFERIDA_DESCRICAO,50
SNYG,"FORTALEZA / HELPN Naturágua, CE",heliponto,heliponto,SNYG,03º49'55''S,038º28'25''W,-3.8319444444444444,-38.47361111111111,16,21,W,1,1,0,INFERIDA_DESCRICAO,50
SNYH,"CUMARU DO NORTE / Agropecuária Castanhais, PA",aeroporto,aeroporto,SNYH,08º42'00''S,051º10'27''W,-8.7,-51.174166666666665,1096,20,W,1,1,0,INFERIDA_DESCRICAO,50
SNYJ,"JACAREACANGA / Pista São Jorge, PA",aeroporto,aeroporto,SNYJ,06º08'01''S,057º24'15''W,-6.133611111111112,-57.40416666666667,811,17,W,1,1,0,INFERIDA_DESCRICAO,50
SNYL,"VARJÃO DE MINAS / Faz. São João, MG",aeroporto,aeroporto,SNYL,18º25'37''S,046º03'07''W,-18.426944444444445,-46.051944444444445,3300,22,W,1,1,0,INFERIDA_DESCRICAO,50
SNYM,"SÃO ROMÃO / Faz. Flexas, MG",aeroporto,aeroporto,SNYM,16º22'35''S,045º07'03''W,-16.37638888888889,-45.1175,1594,22,W,1,1,0,INFERIDA_DESCRICAO,50
SNYO,"RIACHINHO / Faz. Logradouro Vereda da Ponte, MG",aeroporto,aeroporto,SNYO,16º17'57''S,046º09'34''W,-16.299166666666668,-46.159444444444446,2848,22,W,1,1,0,INFERIDA_DESCRICAO,50
SNYP,"BENEVIDES / Chácara Paraíso, PA",aeroporto,aeroporto,SNYP,01º19'04''S,048º17'56''W,-1.3177777777777777,-48.29888888888889,69,20,W,1,1,0,INFERIDA_DESCRICAO,50
SNYQ,"ITAITUBA / Pista São Pedro, PA",aeroporto,aeroporto,SNYQ,05º19'14''S,056º39'53''W,-5.320555555555555,-56.664722222222224,459,17,W,1,1,0,INFERIDA_DESCRICAO,50
SNYR,"ITAITUBA / Faz. Água Azul, PA",aeroporto,aeroporto,SNYR,05º56'52''S,056º33'17''W,-5.947777777777778,-56.55472222222222,518,17,W,1,1,0,INFERIDA_DESCRICAO,50
SNYS,"JOÃO PINHEIRO / Destilaria WD, MG",aeroporto,aeroporto,SNYS,18º13'14''S,045º59'28''W,-18.220555555555553,-45.99111111111111,3199,22,W,1,1,0,INFERIDA_DESCRICAO,50
SNYT,"ITUAÇU / Ituaçu, BA",aeroporto,aeroporto,SNYT,13º49'42''S,041º18'12''W,-13.828333333333333,-41.30333333333333,1804,23,W,1,1,0,INFERIDA_DESCRICAO,50
SNYU,"ITURAMA / Iturama, MG",aeroporto,aeroporto,SNYU,19º43'02''S,050º13'03''W,-19.71722222222222,-50.2175,1558,20,W,1,1,0,INFERIDA_DESCRICAO,50
SNYV,"MOJU / Faz. Socôco, PA",aeroporto,aeroporto,SNYV,02º07'11''S,048º38'45''W,-2.1197222222222223,-48.645833333333336,102,20,W,1,1,0,INFERIDA_DESCRICAO,50
SNYW,"GUIMARÃES / Antônio Guerreiro, MA",aeroporto,aeroporto,SNYW,02º06'34''S,044º39'04''W,-2.1094444444444447,-44.651111111111106,245,21,W,1,1,0,INFERIDA_DESCRICAO,50
SNYY,"SUMARÉ / HELPN Copra, SP",heliponto,heliponto,SNYY,22º48'45''S,047º12'27''W,-22.8125,-47.2075,1926,21,W,1,1,0,INFERIDA_DESCRICAO,50
SNYZ,"RUSSAS / Vicente José, CE",aeroporto,aeroporto,SNYZ,04º50'35''S,038º08'40''W,-4.843055555555555,-38.144444444444446,115,21,W,1,1,0,INFERIDA_DESCRICAO,50
SNZA,"POUSO ALEGRE / Pouso Alegre, MG",aeroporto,aeroporto,SNZA,22º17'20''S,045º55'10''W,-22.28888888888889,-45.919444444444444,2904,22,W,1,1,0,INFERIDA_DESCRICAO,50
SNZC,"IGUATEMI / Faz. Águas Claras, MS",aeroporto,aeroporto,SNZC,23º19'30''S,054º30'17''W,-23.325,-54.50472222222222,1220,17,W,1,1,0,INFERIDA_DESCRICAO,50
SNZD,"MONTIVIDIU DO NORTE / Faz. Dona Hilda, GO",aeroporto,aeroporto,SNZD,13º12'15''S,048º36'03''W,-13.204166666666666,-48.600833333333334,1424,21,W,1,1,0,INFERIDA_DESCRICAO,50
SNZH,"ALTO PARNAÍBA / Faz. Pequena Holanda, MA",aeroporto,aeroporto,SNZH,09º00'36''S,046º08'41''W,-9.01,-46.14472222222222,2835,22,W,1,1,0,INFERIDA_DESCRICAO,50
SNZI,"INDAIATUBA / HELPN Helvétia, SP",heliponto,heliponto,SNZI,23º03'34''S,047º09'35''W,-23.059444444444445,-47.15972222222222,2077,21,W,1,1,0,INFERIDA_DESCRICAO,50
SNZK,"ITACARAMBÍ / Faz. Canadá, MG",aeroporto,aeroporto,SNZK,15º01'24''S,044º02'36''W,-15.023333333333333,-44.04333333333333,1518,23,W,1,1,0,INFERIDA_DESCRICAO,50
SNZL,"NOVO HORIZONTE / Faz. Santa Thereza, SP",aeroporto,aeroporto,SNZL,21º34'17''S,049º18'03''W,-21.57138888888889,-49.30083333333333,1401,20,W,1,1,0,INFERIDA_DESCRICAO,51
SNZM,"RECIFE / HELPN JCPM Trade Center, PE",heliponto,heliponto,SNZM,08º05'23''S,034º52'55''W,-8.089722222222223,-34.88194444444444,282,22,W,1,1,0,INFERIDA_DESCRICAO,51
SNZO,"TOUROS / Faz. Bebida Velha, RN",aeroporto,aeroporto,SNZO,05º17'49''S,035º32'12''W,-5.296944444444445,-35.53666666666666,131,21,W,1,1,0,INFERIDA_DESCRICAO,51
SNZP,"POÇÕES / Poções, BA",aeroporto,aeroporto,SNZP,14º31'31''S,040º20'33''W,-14.525277777777779,-40.3425,2772,23,W,1,1,0,INFERIDA_DESCRICAO,51
SNZR,"PARACATU / Paracatu, MG",aeroporto,aeroporto,SNZR,17º14'35''S,046º52'53''W,-17.243055555555557,-46.88138888888889,2359,22,W,1,1,0,INFERIDA_DESCRICAO,51
SNZT,"PARAGOMINAS / Faz. Recreio, PA",aeroporto,aeroporto,SNZT,03º30'23''S,048º20'00''W,-3.506388888888889,-48.333333333333336,499,20,W,1,1,0,INFERIDA_DESCRICAO,51
SNZU,"TOMÉ-AÇU / Faz. Nova Conceição, PA",aeroporto,aeroporto,SNZU,02º51'20''S,048º13'58''W,-2.8555555555555556,-48.23277777777778,243,20,W,1,1,0,INFERIDA_DESCRICAO,51
SNZV,"ULIANÓPOLIS / Faz. Jamaica, PA",aeroporto,aeroporto,SNZV,03º43'32''S,047º28'34''W,-3.7255555555555557,-47.476111111111116,361,21,W,1,1,0,INFERIDA_DESCRICAO,51
SNZW,"ITUBERÁ / Ituberá, BA",aeroporto,aeroporto,SNZW,13º43'56''S,039º08'30''W,-13.732222222222223,-39.141666666666666,13,23,W,1,1,0,INFERIDA_DESCRICAO,51
SNZY,"TUPÃ / Faz. Bandeira, SP",aeroporto,aeroporto,SNZY,22º00'02''S,050º35'52''W,-22.000555555555554,-50.59777777777778,1450,19,W,1,1,0,INFERIDA_DESCRICAO,51
SNZZ,"CORURIPE / Muzzi, AL",aeroporto,aeroporto,SNZZ,09º58'04''S,036º11'56''W,-9.967777777777778,-36.19888888888889,331,23,W,1,1,0,INFERIDA_DESCRICAO,51
SOBR,BASE DE APOIO SOBREIRO (ROSNEFT),aeroporto,aeroporto,SOBR,04º55'42''S,065º57'04''W,-4.928333333333334,-65.95111111111112,0,10,W,1,1,0,INFERIDA_DESCRICAO,51
SOCA,French Guiana / Feliz Eboué Airport,aeroporto,aeroporto,SOCA,04º49'11''N,052º21'43''W,4.819722222222222,-52.36194444444445,24,18,W,1,1,0,INFERIDA_DESCRICAO,51
SOLI,"Navio / Solitaire, BS 31-107130820 / 0827 /87-076434628",plataforma,plataforma,9PIS,25º15'55''S,042º47'45''W,-25.26527777777778,-42.795833333333334,0,22,W,1,1,0,INFERIDA_DESCRICAO,51
SOVEX,PLATAFORMA / Sovering Explorer,plataforma,plataforma,9PSG,25º11'59''S,045º00'16''W,-25.199722222222224,-45.004444444444445,0,22,W,1,1,0,INFERIDA_DESCRICAO,51
SPEAR,SPEARFISH - CANAL MARÍTIMO 16/06,embarcacao,plataforma,,22º33'00''S,040º13'00''W,-22.55,-40.21666666666667,0,22,W,1,1,0,INFERIDA_DESCRICAO,51
SPIRIT,SANCO SPIRIT ( PGS),plataforma,plataforma,9PGY,22º45'00''S,041º29'29''W,-22.75,-41.49138888888889,0,23,W,1,1,0,INFERIDA_DESCRICAO,51
SPQT,"Aeroporto Francisco Secada Vignetta, Peru",aeroporto,aeroporto,SPQT,03º47'05''S,073º18'31''W,-3.7847222222222223,-73.3086111111111,0,6,W,1,1,0,INFERIDA_DESCRICAO,51
SRIO,NAVIO / Seven Rio,plataforma,plataforma,9PSV,22º27'58''S,040º05'06''W,-22.46611111111111,-40.085,81,22,W,1,1,0,INFERIDA_DESCRICAO,51
SRITA,HELIPONTO SANTA RITA,heliponto,heliponto,,06º27'07''S,050º18'57''W,-6.451944444444445,-50.31583333333333,0,20,W,1,1,0,INFERIDA_DESCRICAO,51
SS11,A.ZEPHIR,plataforma,plataforma,9PAZ,23º06'30''S,041º05'11''W,-23.108333333333334,-41.08638888888889,0,22,W,1,1,0,INFERIDA_DESCRICAO,51
SS20,"PLATAFORMA / Olinda Star (queiroz Galvâo), BC",plataforma,plataforma,9PAJ,00º00'00''S,000º00'00''W,0,0,0,5,W,0,0,1,INFERIDA_DESCRICAO,51
SS29,PLATAFORMA /,plataforma,plataforma,,24º17'54''S,043º46'28''W,-24.298333333333336,-43.77444444444444,0,22,W,1,1,0,INFERIDA_DESCRICAO,51
SS39,PLATAFORMA / Alaskan Star,plataforma,plataforma,9PAS,22º45'10''S,040º41'36''W,-22.752777777777776,-40.69333333333333,73,23,W,1,1,0,INFERIDA_DESCRICAO,51
SS40,"PLATAFORMA / Arethuza Yorktown Shell, BC",plataforma,plataforma,,00º00'00''S,000º00'00''W,0,0,0,5,W,0,0,1,INFERIDA_DESCRICAO,51
SS41,"PLATAFORMA / Transocean Legend, BC",plataforma,plataforma,9PTL,22º25'20''S,041º38'09''W,-22.422222222222224,-41.63583333333333,0,23,W,1,1,0,INFERIDA_DESCRICAO,51
SS43,"PLATAFORMA / Sedco 710, BC",plataforma,plataforma,9PSC,22º06'08''S,039º51'34''W,-22.102222222222224,-39.85944444444445,0,24,W,1,1,0,INFERIDA_DESCRICAO,51
SS45,ATLANTIC STAR - SS45,plataforma,plataforma,9PTT,22º32'51''S,040º27'54''W,-22.547500000000003,-40.465,117,23,W,1,1,0,INFERIDA_DESCRICAO,51
SS46,SEMI-SUBMERSÍVEL / Ocean Baronese,plataforma,plataforma,9POB,00º00'00''S,000º00'00''W,0,0,0,22,W,0,0,1,INFERIDA_DESCRICAO,51
SS47,"PLATAFORMA / Pride South America, BC",plataforma,plataforma,9PAM,00º00'00''S,000º00'00''W,0,0,0,5,W,0,0,1,INFERIDA_DESCRICAO,51
SS48,PLATAFORMA / PRIDE SOUTH ATLANTIC,plataforma,plataforma,9PSA,25º51'05''S,045º55'00''W,-25.85138888888889,-45.916666666666664,0,21,W,1,1,0,INFERIDA_DESCRICAO,51
SS49,"PLATAFORMA / Sedco 707, BC",plataforma,plataforma,9PED,00º00'00''S,000º00'00''W,0,0,0,5,W,0,0,1,INFERIDA_DESCRICAO,51
SS50,"PLATAFORMA / Transocean Driller, BC",plataforma,plataforma,9PTC,22º05'24''S,039º52'54''W,-22.09,-39.88166666666667,53,24,W,1,1,0,INFERIDA_DESCRICAO,51
SS52,"PLATAFORMA / Ocean Whittington, BC",plataforma,plataforma,9PAB,22º25'00''S,039º32'00''W,-22.416666666666668,-39.53333333333333,0,24,W,1,1,0,INFERIDA_DESCRICAO,51
SS53,PLATAFORMA / Paul Wolf,plataforma,plataforma,9PAI,20º14'11''S,039º18'39''W,-20.23638888888889,-39.31083333333333,,24,W,1,1,1,INFERIDA_DESCRICAO,51
SS54,PLATAFORMA / Ocean Winner,plataforma,plataforma,9POW,00º00'00''S,000º00'00''W,0,0,0,5,W,0,0,1,INFERIDA_DESCRICAO,51
SS55,PLATAFORMA / Ocean Alliance,plataforma,plataforma,,00º00'00''S,000º00'00''W,0,0,0,21,W,0,0,1,INFERIDA_DESCRICAO,51
SS56,"PLATAFORMA / Pride Carlos Walter, BC",plataforma,plataforma,9PCW,22º35'05''S,041º05'18''W,-22.584722222222222,-41.08833333333334,63,24,W,1,1,0,INFERIDA_DESCRICAO,51
SS57,PLATAFORMA / Ensco 6002 BC,plataforma,plataforma,9PJA,22º25'27''S,040º04'52''W,-22.424166666666668,-40.08111111111111,63,24,W,1,1,0,INFERIDA_DESCRICAO,51
SS58,PLATAFORMA / ODN TAY IV,plataforma,plataforma,9PFB,00º00'00''S,000º00'00''W,0,0,0,5,W,0,0,1,INFERIDA_DESCRICAO,51
SS59,PLATAFORMA / Sedco Express,plataforma,plataforma,,22º27'00''S,041º33'00''W,-22.45,-41.55,,23,W,1,1,1,INFERIDA_DESCRICAO,51
SS60,"PLATAFORMA / Pride Rio de Janeiro, BC",plataforma,plataforma,9PJM,21º20'01''S,040º01'07''W,-21.33361111111111,-40.01861111111111,123,24,W,1,1,0,INFERIDA_DESCRICAO,51
SS61,PLATAFORMA / Pride Portland,plataforma,plataforma,9PRP,22º32'03''S,040º12'15''W,-22.534166666666668,-40.20416666666667,123,24,W,1,1,0,INFERIDA_DESCRICAO,51
SS62,"PLATAFORMA / Noble Therald Martin, BC",plataforma,plataforma,9PNT,22º26'18''S,040º43'43''W,-22.438333333333333,-40.728611111111114,62,23,W,1,1,0,INFERIDA_DESCRICAO,51
SS63,"PLATAFORMA / Falcon 100, BC",plataforma,plataforma,9PFW,22º09'20''S,039º56'15''W,-22.155555555555555,-39.9375,0,24,W,1,1,0,INFERIDA_DESCRICAO,51
SS64,"PLATAFORMA / Ocean Concord, BC",plataforma,plataforma,9POR,22º15'00''S,040º28'01''W,-22.25,-40.466944444444444,0,24,W,1,1,0,INFERIDA_DESCRICAO,51
SS65,"PLATAFORMA / Borgni Dolphin, BC",plataforma,plataforma,9PBY,22º20'49''S,040º06'02''W,-22.346944444444443,-40.10055555555556,0,24,W,1,1,0,INFERIDA_DESCRICAO,51
SS66,PLATAFORMA PRIDE MEXICO,plataforma,plataforma,,26º45'45''S,046º40'05''W,-26.7625,-46.668055555555554,0,20,W,1,1,0,INFERIDA_DESCRICAO,51
SS67,"PLATAFORMA / OCEAN WORKER,",plataforma,plataforma,9POK,00º00'00''S,000º00'00''W,0,0,0,5,W,0,0,1,INFERIDA_DESCRICAO,51
SS68,PLATAFORMA / WEST TAURUS,plataforma,plataforma,9PWU,23º55'00''S,042º32'00''W,-23.916666666666668,-42.53333333333333,0,5,W,1,1,0,INFERIDA_DESCRICAO,51
SS69,PLATAFORMA / West Eminence - 22XX27929410,plataforma,plataforma,9PAC,25º09'01''S,042º57'00''W,-25.150277777777777,-42.95,0,22,W,1,1,0,INFERIDA_DESCRICAO,51
SS70,VICTORIA - SS70,plataforma,plataforma,9PBH,23º50'00''S,042º47'59''W,-23.833333333333332,-42.79972222222222,170,22,W,1,1,0,INFERIDA_DESCRICAO,51
SS71,"PLATAFORMA / Dave Bear, BC",plataforma,plataforma,9PND,22º31'31''S,040º06'39''W,-22.525277777777777,-40.11083333333333,153,24,W,1,1,0,INFERIDA_DESCRICAO,51
SS72,"plataforma, (IRIM)",plataforma,plataforma,9PCS,00º00'00''S,000º00'00''W,0,0,0,23,W,0,0,1,INFERIDA_DESCRICAO,51
SS73,PLATAFORMA / GOLD STAR - 22XX3321-0594,plataforma,plataforma,9PGS,22º05'18''S,039º53'12''W,-22.08833333333333,-39.88666666666666,123,22,W,1,1,0,INFERIDA_DESCRICAO,52
SS74,"PLATAFORMA / SEVAN DRILLER, BV",plataforma,plataforma,9PBN,25º01'00''S,042º39'00''W,-25.016666666666666,-42.65,150,22,W,1,1,0,INFERIDA_DESCRICAO,52
SS75,PLATAFORMA / Ocean Courage,plataforma,plataforma,9PBS,21º15'59''S,039º59'59''W,-21.26638888888889,-39.999722222222225,100,23,W,1,1,0,INFERIDA_DESCRICAO,52
SS76,PLATAFORMA / Cajun Express,plataforma,plataforma,9PBW,25º25'08''S,042º43'34''W,-25.41888888888889,-42.726111111111116,0,22,W,1,1,0,INFERIDA_DESCRICAO,52
SS77,OCEAN VALOR - SS-77,plataforma,plataforma,9PBX,22º00'00''S,040º15'00''W,-22,-40.25,126,22,W,1,1,0,INFERIDA_DESCRICAO,52
SS78,"PLATAFORMA / West Orion, BS - 21XX3956-9350",plataforma,plataforma,9PWR,24º00'00''S,043º08'00''W,-24,-43.13333333333333,129,22,W,1,1,0,INFERIDA_DESCRICAO,52
SS79,PLATAFORMA / LONE STAR,plataforma,plataforma,9PCF,23º31'41''S,041º05'06''W,-23.528055555555554,-41.085,80,24,W,1,1,0,INFERIDA_DESCRICAO,52
SS80,"Navio Submersível,",embarcacao,plataforma,,22º29'00''S,040º04'00''W,-22.483333333333334,-40.06666666666667,0,24,W,1,1,0,INFERIDA_DESCRICAO,52
SS81,PLATAFORMA / NORBE VI ODEBRECHT - 22XX2020-2600 / 2601,plataforma,plataforma,9PCZ,24º28'22''S,044º11'19''W,-24.472777777777775,-44.18861111111111,140,24,W,1,1,0,INFERIDA_DESCRICAO,52
SS83,ALPHA STAR - SS-83,plataforma,plataforma,9PDL,22º33'47''S,040º18'46''W,-22.563055555555557,-40.312777777777775,87,22,W,1,1,0,INFERIDA_DESCRICAO,52
SS84,SS AMAZONIA,plataforma,plataforma,9PEA,00º00'00''S,000º00'00''W,0,0,0,22,W,0,0,1,INFERIDA_DESCRICAO,52
SS85,"PLATAFORMA / ODN DELBA III, BC - 022XX2753-2300",plataforma,plataforma,9PFE,22º31'24''S,039º55'17''W,-22.523333333333333,-39.921388888888885,145,24,W,1,1,0,INFERIDA_DESCRICAO,52
SS86,PLATAFORMA / SEVAN BRASIL,plataforma,plataforma,9PFX,24º39'30''S,042º25'40''W,-24.65833333333333,-42.42777777777778,152,23,W,1,1,0,INFERIDA_DESCRICAO,52
SS87,"PLATAFORMA / SEDCO 706, BC",plataforma,plataforma,9PAG,22º29'24''S,040º04'21''W,-22.490000000000002,-40.072500000000005,80,24,W,1,1,0,INFERIDA_DESCRICAO,52
SS88,PLATAFORMA / BASDRILL BETA,plataforma,plataforma,9PHY,23º31'01''S,041º03'00''W,-23.516944444444444,-41.05,87,23,W,1,1,0,INFERIDA_DESCRICAO,52
SS92,NAN HAI BA HAO,plataforma,plataforma,9PMU,22º33'45''S,040º32'15''W,-22.5625,-40.5375,,22,W,1,1,1,INFERIDA_DESCRICAO,52
SSAB,"IBAITI / Ibaiti, PR",aeroporto,aeroporto,SSAB,23º45'47''S,050º15'53''W,-23.763055555555557,-50.264722222222225,1968,19,W,1,1,0,INFERIDA_DESCRICAO,52
SSAC,"AQUIDAUANA / Faz. Santana, MS",aeroporto,aeroporto,SSAC,19º42'29''S,055º25'16''W,-19.708055555555553,-55.42111111111111,426,17,W,1,1,0,INFERIDA_DESCRICAO,52
SSAD,"CHAPADÃO DO SUL / Faz. Ribeirão, MS",aeroporto,aeroporto,SSAD,18º45'47''S,052º55'34''W,-18.763055555555557,-52.92611111111111,2736,19,W,1,1,0,INFERIDA_DESCRICAO,52
SSAE,"ARROIO GRANDE / Arroio Grande, RS",aeroporto,aeroporto,SSAE,32º13'27''S,053º04'02''W,-32.22416666666667,-53.06722222222223,161,14,W,1,1,0,INFERIDA_DESCRICAO,52
SSAF,"SANTA TEREZINHA DO ITAIPU / Aeroclube de Foz do lguaçu, PR",aeroporto,aeroporto,SSAF,25º22'10''S,054º28'14''W,-25.369444444444444,-54.470555555555556,840,16,W,1,1,0,INFERIDA_DESCRICAO,52
SSAG,"ÁGUA CLARA / Faz. Agropecuária Lobo Ltda, MS",aeroporto,aeroporto,SSAG,19º43'00''S,052º43'32''W,-19.716666666666665,-52.72555555555556,1410,19,W,1,1,0,INFERIDA_DESCRICAO,52
SSAJ,"NOVA ANDRADINA / Faz. Esperança, MS",aeroporto,aeroporto,SSAJ,22º16'32''S,053º18'43''W,-22.275555555555556,-53.31194444444444,1109,18,W,1,1,0,INFERIDA_DESCRICAO,52
SSAK,"CRUZ ALTA / Aeroclube, RS",aeroporto,aeroporto,SSAK,28º39'28''S,053º36'38''W,-28.657777777777778,-53.61055555555556,1542,15,W,1,1,0,INFERIDA_DESCRICAO,52
SSAN,"ANDIRÁ / Andirá, PR",aeroporto,aeroporto,SSAN,23º01'37''S,050º13'42''W,-23.026944444444442,-50.22833333333333,1608,19,W,1,1,0,INFERIDA_DESCRICAO,52
SSAP,"APUCARANA / Apucarana, PR",aeroporto,aeroporto,SSAP,23º36'44''S,051º23'06''W,-23.612222222222222,-51.385,2641,19,W,1,1,0,INFERIDA_DESCRICAO,52
SSAQ,"PASSO FUNDO / Aeroclube, RS",aeroporto,aeroporto,SSAQ,28º15'02''S,052º31'00''W,-28.250555555555554,-52.516666666666666,1969,16,W,1,1,0,INFERIDA_DESCRICAO,52
SSAR,"CAMPO GRANDE / Faz. Jacaré, MS",aeroporto,aeroporto,SSAR,21º30'11''S,053º58'03''W,-21.503055555555555,-53.9675,1214,17,W,1,1,0,INFERIDA_DESCRICAO,52
SSAU,"TAPES / Centeno, RS",aeroporto,aeroporto,SSAU,30º44'51''S,051º25'44''W,-30.747500000000002,-51.428888888888885,14,16,W,1,1,0,INFERIDA_DESCRICAO,52
SSAV,"PORTO MURTINHO / Faz. Amonguijá, MS",aeroporto,aeroporto,SSAV,21º41'27''S,057º28'27''W,-21.690833333333334,-57.47416666666667,400,15,W,1,1,0,INFERIDA_DESCRICAO,52
SSAY,"CAMPO GRANDE / Sítio Pouso do Aviador, MS",aeroporto,aeroporto,SSAY,20º29'28''S,054º28'23''W,-20.491111111111113,-54.473055555555554,1946,17,W,1,1,0,INFERIDA_DESCRICAO,52
SSBC,"CASTILHO / Malibu Confinamento - MC, SP",aeroporto,aeroporto,SSBC,20º43'34''S,051º35'19''W,-20.72611111111111,-51.58861111111111,1115,19,W,1,1,0,INFERIDA_DESCRICAO,52
SSBE,"CAMAPUÃ / Camapuã, MS",aeroporto,aeroporto,SSBE,19º35'52''S,054º01'09''W,-19.597777777777775,-54.01916666666666,1848,18,W,1,1,0,INFERIDA_DESCRICAO,52
SSBF,"APARECIDA DO TABOADO / Faz. JL, MS",aeroporto,aeroporto,SSBF,20º00'16''S,051º23'12''W,-20.004444444444445,-51.38666666666666,1400,19,W,1,1,0,INFERIDA_DESCRICAO,52
SSBG,"BENTO GONÇALVES / Aeroclube de Bento Gonçalves, RS",aeroporto,aeroporto,SSBG,29º08'54''S,051º32'11''W,-29.148333333333333,-51.53638888888889,2209,17,W,1,1,0,INFERIDA_DESCRICAO,52
SSBH,"COXIM / Faz. Baía do Lara, MS",aeroporto,aeroporto,SSBH,17º34'04''S,055º17'18''W,-17.567777777777778,-55.288333333333334,453,17,W,1,1,0,INFERIDA_DESCRICAO,52
SSBK,"SONORA / Faz. Araruna, MS",aeroporto,aeroporto,SSBK,17º34'58''S,054º38'27''W,-17.58277777777778,-54.64083333333333,1886,18,W,1,1,0,INFERIDA_DESCRICAO,52
SSBL,"BLUMENAU / Blumenau, SC",aeroporto,aeroporto,SSBL,26º49'58''S,049º05'37''W,-26.83277777777778,-49.093611111111116,60,19,W,1,1,0,INFERIDA_DESCRICAO,52
SSBM,"DOIS IRMÃOS DO BURITI / Faz. Lageado, MS",aeroporto,aeroporto,SSBM,20º17'51''S,055º25'33''W,-20.297500000000003,-55.42583333333333,650,17,W,1,1,0,INFERIDA_DESCRICAO,52
SSBN,"PORTO ALEGRE / Belém Novo, RS",aeroporto,aeroporto,SSBN,30º11'16''S,051º10'58''W,-30.18777777777778,-51.18277777777777,20,17,W,1,1,0,INFERIDA_DESCRICAO,52
SSBP,"CURITIBA / HELPN Parque Barigui, PR",heliponto,heliponto,SSBP,25º25'48''S,049º19'05''W,-25.43,-49.31805555555556,2936,19,W,1,1,0,INFERIDA_DESCRICAO,52
SSBQ,"BATAGUASSU / Frigorífico Santa Marina, MS",aeroporto,aeroporto,SSBQ,21º44'48''S,052º28'42''W,-21.746666666666666,-52.47833333333333,1207,18,W,1,1,0,INFERIDA_DESCRICAO,52
SSBR,"BANDEIRANTES / Bandeirantes, PR",aeroporto,aeroporto,SSBR,23º04'22''S,050º25'23''W,-23.072777777777777,-50.42305555555555,1319,19,W,1,1,0,INFERIDA_DESCRICAO,52
SSBT,"BATAIPORÃ / Faz. Santa Ilídia, MS",aeroporto,aeroporto,SSBT,22º19'30''S,053º05'42''W,-22.325,-53.095,1033,18,W,1,1,0,INFERIDA_DESCRICAO,52
SSBU,"PORTO MURTINHO / Faz. Baguaçu - Miragem, MS",aeroporto,aeroporto,SSBU,21º27'23''S,057º08'25''W,-21.45638888888889,-57.140277777777776,1191,15,W,1,1,0,INFERIDA_DESCRICAO,52
SSBW,"SIDROLÂNDIA / Faz. Boa Sorte, MS",aeroporto,aeroporto,SSBW,20º54'47''S,055º00'49''W,-20.913055555555555,-55.01361111111111,1083,17,W,1,1,0,INFERIDA_DESCRICAO,52
SSBX,"COXIM / Faz. Lageado, MS",aeroporto,aeroporto,SSBX,18º26'30''S,054º48'00''W,-18.441666666666666,-54.8,696,18,W,1,1,0,INFERIDA_DESCRICAO,52
SSBY,"MIRANDA / Orlando Chesini Ometto, MS",aeroporto,aeroporto,SSBY,20º06'04''S,056º47'36''W,-20.101111111111113,-56.79333333333333,443,16,W,1,1,0,INFERIDA_DESCRICAO,52
SSBZ,AEROPORTO DE BUZIOS,aeroporto,aeroporto,SSBZ,22º45'34''S,041º57'00''W,-22.759444444444444,-41.95,56,17,W,1,1,0,INFERIDA_DESCRICAO,52
SSCA,"CHAPADÃO DO SUL / Faz. Campo Bom, MS",aeroporto,aeroporto,SSCA,18º44'22''S,052º37'12''W,-18.739444444444445,-52.62,2657,19,W,1,1,0,INFERIDA_DESCRICAO,52
SSCD,"CHAPADÃO DO SUL / Chapadão do Sul, MS",aeroporto,aeroporto,SSCD,18º50'16''S,052º29'12''W,-18.837777777777777,-52.486666666666665,2644,19,W,1,1,0,INFERIDA_DESCRICAO,52
SSCF,"CAMPO LARGO / Max Fontoura, PR",aeroporto,aeroporto,SSCF,25º25'56''S,049º31'48''W,-25.432222222222222,-49.53,3140,19,W,1,1,0,INFERIDA_DESCRICAO,52
SSCH,"NOVA ANDRADINA / Faz. Cachoeirão, MS",aeroporto,aeroporto,SSCH,21º35'52''S,053º13'32''W,-21.597777777777775,-53.22555555555556,1053,18,W,1,1,0,INFERIDA_DESCRICAO,52
SSCI,"COXIM / Coxim, MS",aeroporto,aeroporto,SSCI,18º28'53''S,054º42'57''W,-18.481388888888887,-54.715833333333336,957,18,W,1,1,0,INFERIDA_DESCRICAO,52
SSCJ,"RIO BRILHANTE / Faz. Celeiro, MS",aeroporto,aeroporto,SSCJ,21º32'30''S,054º39'42''W,-21.541666666666668,-54.66166666666666,1070,17,W,1,1,0,INFERIDA_DESCRICAO,52
SSCK,"CONCÓRDIA / Concórdia, SC",aeroporto,aeroporto,SSCK,27º10'50''S,052º03'04''W,-27.180555555555557,-52.051111111111105,2461,17,W,1,1,0,INFERIDA_DESCRICAO,53
SSCL,"CASSILÂNDIA / Cassilândia, MS",aeroporto,aeroporto,SSCL,19º08'47''S,051º41'07''W,-19.14638888888889,-51.68527777777778,1568,19,W,1,1,0,INFERIDA_DESCRICAO,53
SSCM,"RIO BRILHANTE / Faz. Caçadinha, MS",aeroporto,aeroporto,SSCM,21º37'26''S,054º48'39''W,-21.62388888888889,-54.81083333333333,1312,17,W,1,1,0,INFERIDA_DESCRICAO,53
SSCN,"CANELA / Canela, RS",aeroporto,aeroporto,SSCN,29º21'53''S,050º49'38''W,-29.364722222222223,-50.827222222222225,2723,17,W,1,1,0,INFERIDA_DESCRICAO,53
SSCO,"CAPÃO DO LEÃO / Cmte Marilda Z. Mesquita, RS",aeroporto,aeroporto,SSCO,31º46'27''S,052º27'05''W,-31.774166666666666,-52.45138888888889,33,15,W,1,1,0,INFERIDA_DESCRICAO,53
SSCP,"CORNÉLIO PROCÓPlO / Cornélio Procópio, PR",aeroporto,aeroporto,SSCP,23º09'10''S,050º36'10''W,-23.152777777777775,-50.60277777777778,1854,19,W,1,1,0,INFERIDA_DESCRICAO,53
SSCQ,"CACEQUI / Saicã, RS",aeroporto,aeroporto,SSCQ,29º53'59''S,054º55'45''W,-29.899722222222223,-54.92916666666667,285,14,W,1,1,0,INFERIDA_DESCRICAO,53
SSCS,"CAMPO GRANDE / Estância Ema, MS",aeroporto,aeroporto,SSCS,20º37'11''S,054º43'19''W,-20.619722222222222,-54.721944444444446,1968,17,W,1,1,0,INFERIDA_DESCRICAO,53
SSCT,"CIANORTE / Cianorte, PR",aeroporto,aeroporto,SSCT,23º41'29''S,052º38'32''W,-23.691388888888888,-52.64222222222222,1837,18,W,1,1,0,INFERIDA_DESCRICAO,53
SSCU,"SANTA MARIA DAS BARREIRAS / Faz. Santa Marina, PA",aeroporto,aeroporto,SSCU,08º52'05''S,050º28'46''W,-8.868055555555555,-50.47944444444445,1007,20,W,1,1,0,INFERIDA_DESCRICAO,53
SSCV,"CAPIVARI DO SUL / Capivari, RS",aeroporto,aeroporto,SSCV,30º08'05''S,050º30'31''W,-30.134722222222223,-50.50861111111111,14,17,W,1,1,0,INFERIDA_DESCRICAO,53
SSCX,"PASSO FUNDO / Faz. Coxilha, RS",aeroporto,aeroporto,SSCX,28º07'02''S,052º19'02''W,-28.11722222222222,-52.31722222222223,2133,17,W,1,1,0,INFERIDA_DESCRICAO,53
SSCY,"CAMPO LARGO / HELPN Sikorski, PR",heliponto,heliponto,SSCY,25º26'15''S,049º26'50''W,-25.4375,-49.447222222222216,3149,19,W,1,1,0,INFERIDA_DESCRICAO,53
SSCZ,"CHAPADÃO DO SUL / Tenoar, MS",aeroporto,aeroporto,SSCZ,18º48'43''S,052º38'21''W,-18.811944444444446,-52.63916666666667,2664,19,W,1,1,0,INFERIDA_DESCRICAO,53
SSDD,"CANOAS / HELPN N. S. de Fátima, RS",heliponto,heliponto,SSDD,29º55'58''S,051º11'00''W,-29.93277777777778,-51.18333333333333,13,17,W,1,1,0,INFERIDA_DESCRICAO,53
SSDH,"CORUMBÁ / Faz. Caranday, MS",aeroporto,aeroporto,SSDH,20º12'22''S,057º03'48''W,-20.20611111111111,-57.06333333333333,541,16,W,1,1,0,INFERIDA_DESCRICAO,53
SSDI,"BURITI BRAVO / Faz. Bacatuba, MA",aeroporto,aeroporto,SSDI,05º39'30''S,043º42'20''W,-5.658333333333334,-43.705555555555556,584,22,W,1,1,0,INFERIDA_DESCRICAO,53
SSDJ,"CAMAPUÃ / Faz. Bonanza, MS",aeroporto,aeroporto,SSDJ,19º03'03''S,054º03'54''W,-19.050833333333333,-54.065,1252,18,W,1,1,0,INFERIDA_DESCRICAO,53
SSDK,"NOVO HORIZONTE DO SUL / Faz. Vista Alegre, MS",aeroporto,aeroporto,SSDK,22º35'52''S,053º41'27''W,-22.597777777777775,-53.69083333333333,1099,17,W,1,1,0,INFERIDA_DESCRICAO,53
SSDL,"RIBEIRO GONÇALVES / Faz. Ribeirão, PI",aeroporto,aeroporto,SSDL,08º00'23''S,045º20'17''W,-8.006388888888889,-45.338055555555556,1588,22,W,1,1,0,INFERIDA_DESCRICAO,53
SSDM,"SANTANA DO LIVRAMENTO / Aeroclube de Santana do Livramento, RS",aeroporto,aeroporto,SSDM,30º49'20''S,055º34'35''W,-30.822222222222223,-55.57638888888889,1073,13,W,1,1,0,INFERIDA_DESCRICAO,53
SSDO,"DOURADOS / Dourados, MS",aeroporto,aeroporto,SSDO,22º11'57''S,054º54'29''W,-22.199166666666667,-54.908055555555556,1503,17,W,1,1,0,INFERIDA_DESCRICAO,53
SSDP,"VILA BELA DA SS. TRINDADE / Faz. Fortaleza do Guaporé, MT",aeroporto,aeroporto,SSDP,14º27'34''S,060º10'41''W,-14.459444444444443,-60.17805555555555,738,14,W,1,1,0,INFERIDA_DESCRICAO,53
SSDQ,"MIRANDA / Faz. Marema, MS",aeroporto,aeroporto,SSDQ,20º10'58''S,056º38'09''W,-20.18277777777778,-56.63583333333333,446,16,W,1,1,0,INFERIDA_DESCRICAO,53
SSDT,"REDENÇÃO / Faz. Pau D`Arco, PA",aeroporto,aeroporto,SSDT,07º56'37''S,050º10'35''W,-7.943611111111111,-50.17638888888889,794,20,W,1,1,0,INFERIDA_DESCRICAO,53
SSDV,"COXIM / Faz. Santa Maria, MS",aeroporto,aeroporto,SSDV,18º12'58''S,055º27'55''W,-18.21611111111111,-55.46527777777778,508,17,W,1,1,0,INFERIDA_DESCRICAO,53
SSDW,"SORRISO / Faz. Potrich, MT",aeroporto,aeroporto,SSDW,12º55'28''S,055º31'09''W,-12.924444444444443,-55.51916666666666,1197,18,W,1,1,0,INFERIDA_DESCRICAO,53
SSDX,"CAMAQUÃ / Faz. da Coxilha, RS",aeroporto,aeroporto,SSDX,31º00'00''S,051º42'02''W,-31,-51.70055555555556,33,16,W,1,1,0,INFERIDA_DESCRICAO,53
SSDZ,"AMAMBAÍ / Faz. Divisão, MS",aeroporto,aeroporto,SSDZ,23º08'02''S,054º38'02''W,-23.133888888888887,-54.63388888888889,1312,17,W,1,1,0,INFERIDA_DESCRICAO,53
SSEA,SEVEN SEAS,plataforma,plataforma,9PBP,22º25'11''S,041º40'07''W,-22.419722222222223,-41.66861111111111,73,23,W,1,1,0,INFERIDA_DESCRICAO,53
SSED,"PEDRO GOMES / Faz. Escalada, MS",aeroporto,aeroporto,SSED,17º57'24''S,054º25'09''W,-17.956666666666667,-54.41916666666666,1132,18,W,1,1,0,INFERIDA_DESCRICAO,53
SSEF,"CAJURU / Faz. Passaredo, SP",aeroporto,aeroporto,SSEF,21º19'37''S,047º13'52''W,-21.326944444444443,-47.23111111111111,4632,21,W,1,1,0,INFERIDA_DESCRICAO,53
SSEG,"PELOTAS / Estância da Gruta, RS",aeroporto,aeroporto,SSEG,31º56'33''S,052º28'46''W,-31.9425,-52.47944444444445,33,15,W,1,1,0,INFERIDA_DESCRICAO,53
SSEJ,"EMBU / HELPN Moinho Velho, SP",heliponto,heliponto,SSEJ,23º37'37''S,046º50'48''W,-23.626944444444444,-46.84666666666667,2831,21,W,1,1,0,INFERIDA_DESCRICAO,53
SSEK,"RIBAS DO RIO PARDO / Faz. Lontra, MS",aeroporto,aeroporto,SSEK,20º01'04''S,053º15'09''W,-20.017777777777777,-53.2525,1299,18,W,1,1,0,INFERIDA_DESCRICAO,53
SSEO,"RIBAS DO RIO PARDO / Faz. Mimoso, MS",aeroporto,aeroporto,SSEO,20º44'04''S,053º34'36''W,-20.734444444444446,-53.57666666666667,1299,18,W,1,1,0,INFERIDA_DESCRICAO,53
SSEP,"SÃO SEPÉ / São Sepé, RS",aeroporto,aeroporto,SSEP,30º10'56''S,053º34'46''W,-30.182222222222222,-53.57944444444445,502,15,W,1,1,0,INFERIDA_DESCRICAO,53
SSEQ,"ANGÉLICA / Faz. Rio Brilhante, MS",aeroporto,aeroporto,SSEQ,21º55'24''S,053º56'24''W,-21.923333333333336,-53.94,1099,17,W,1,1,0,INFERIDA_DESCRICAO,53
SSER,"ERECHIM / Erechim, RS",aeroporto,aeroporto,SSER,27º39'36''S,052º16'34''W,-27.66,-52.27611111111111,2498,17,W,1,1,0,INFERIDA_DESCRICAO,53
SSET,"TAMBAÚ / Tambaú, SP",aeroporto,aeroporto,SSET,21º41'50''S,047º18'56''W,-21.697222222222223,-47.315555555555555,2451,21,W,1,1,0,INFERIDA_DESCRICAO,53
SSEU,"ITAITUBA / Monte Carmelo, PA",aeroporto,aeroporto,SSEU,07º16'59''S,056º34'57''W,-7.283055555555555,-56.5825,915,17,W,1,1,0,INFERIDA_DESCRICAO,53
SSEV,"CORUMBÁ / São Camilo, MS",aeroporto,aeroporto,SSEV,18º05'14''S,057º07'53''W,-18.08722222222222,-57.13138888888889,289,16,W,1,1,0,INFERIDA_DESCRICAO,53
SSEW,"PARDINHO / Sítio Limoeiro, SP",aeroporto,aeroporto,SSEW,23º08'44''S,048º18'35''W,-23.145555555555553,-48.30972222222222,3084,20,W,1,1,0,INFERIDA_DESCRICAO,53
SSEX,"MIRANDA / Estância Caiman, MS",aeroporto,aeroporto,SSEX,19º57'58''S,056º18'39''W,-19.96611111111111,-56.31083333333333,361,16,W,1,1,0,INFERIDA_DESCRICAO,53
SSEY,"ALEGRETE / Estância Itapororó, RS",aeroporto,aeroporto,SSEY,29º26'02''S,056º18'02''W,-29.433888888888887,-56.300555555555555,197,13,W,1,1,0,INFERIDA_DESCRICAO,53
SSEZ,"ESPUMOSO / Espumoso, RS",aeroporto,aeroporto,SSEZ,28º44'15''S,052º51'23''W,-28.7375,-52.85638888888889,1198,16,W,1,1,0,INFERIDA_DESCRICAO,53
SSFA,"PINHÃO / Foz do Areia, PR",aeroporto,aeroporto,SSFA,25º58'43''S,051º38'07''W,-25.97861111111111,-51.63527777777778,3645,18,W,1,1,0,INFERIDA_DESCRICAO,53
SSFB,"FRANCISCO BELTRÃO / Francisco Beltrão, PR",aeroporto,aeroporto,SSFB,26º03'34''S,053º03'50''W,-26.059444444444445,-53.06388888888888,2100,17,W,1,1,0,INFERIDA_DESCRICAO,53
SSFD,"AMAMBAÍ / Faz. Acaraja, MS",aeroporto,aeroporto,SSFD,23º00'04''S,054º41'58''W,-23.00111111111111,-54.69944444444444,1224,17,W,1,1,0,INFERIDA_DESCRICAO,53
SSFE,"FOZ DO IGUAÇU / Estância Hércules, PR",aeroporto,aeroporto,SSFE,25º27'42''S,054º35'50''W,-25.461666666666666,-54.59722222222222,558,16,W,1,1,0,INFERIDA_DESCRICAO,53
SSFF,"NOVA ALVORADA DO SUL / Faz. São Francisco, MS",aeroporto,aeroporto,SSFF,21º10'43''S,054º17'35''W,-21.178611111111113,-54.293055555555554,1204,17,W,1,1,0,INFERIDA_DESCRICAO,53
SSFG,"PARANAPOEMA / Faz. Guanabara, PR",aeroporto,aeroporto,SSFG,22º39'32''S,052º07'52''W,-22.65888888888889,-52.13111111111111,925,18,W,1,1,0,INFERIDA_DESCRICAO,53
SSFH,"UBERABA / Vale dos Dinossauros, MG",aeroporto,aeroporto,SSFH,19º46'56''S,047º48'43''W,-19.78222222222222,-47.81194444444444,2438,21,W,1,1,0,INFERIDA_DESCRICAO,53
SSFI,"PONTA PORÃ / Faz. ltamarati, MS",aeroporto,aeroporto,SSFI,22º11'02''S,055º34'50''W,-22.183888888888887,-55.580555555555556,1837,16,W,1,1,0,INFERIDA_DESCRICAO,53
SSFJ,"CAMPO GRANDE / Faz. Retiro da Cachoeira, MS",aeroporto,aeroporto,SSFJ,20º48'28''S,054º37'11''W,-20.80777777777778,-54.61972222222222,1435,17,W,1,1,0,INFERIDA_DESCRICAO,54
SSFK,"CORUMBÁ / Forte Coimbra, MS",aeroporto,aeroporto,SSFK,19º54'22''S,057º46'46''W,-19.90611111111111,-57.779444444444444,279,15,W,1,1,0,INFERIDA_DESCRICAO,54
SSFL,"FRONTEIRAS / João Pereira dos Santos Filho, PI",aeroporto,aeroporto,SSFL,07º06'00''S,040º37'37''W,-7.1,-40.62694444444445,1466,22,W,1,1,0,INFERIDA_DESCRICAO,54
SSFN,"CAARAPÓ / Faz. Novilho, MS",aeroporto,aeroporto,SSFN,22º37'09''S,054º55'33''W,-22.61916666666667,-54.92583333333333,1706,17,W,1,1,0,INFERIDA_DESCRICAO,54
SSFO,"MIRANDA / Faz. Novo Horizonte, MS",aeroporto,aeroporto,SSFO,20º02'23''S,056º19'13''W,-20.039722222222224,-56.32027777777778,354,16,W,1,1,0,INFERIDA_DESCRICAO,54
SSFR,"FRONTEIRA / Fronteira, MG",aeroporto,aeroporto,SSFR,20º16'39''S,049º11'27''W,-20.2775,-49.19083333333333,1599,20,W,1,1,0,INFERIDA_DESCRICAO,54
SSFT,"NOVA ANDRADINA / Faz. Thome, MS",aeroporto,aeroporto,SSFT,21º39'33''S,053º30'40''W,-21.659166666666664,-53.51111111111111,1111,18,W,1,1,0,INFERIDA_DESCRICAO,54
SSFW,"COXIM / Faz. Grotão, MS",aeroporto,aeroporto,SSFW,18º40'39''S,054º23'32''W,-18.677500000000002,-54.39222222222222,1063,18,W,1,1,0,INFERIDA_DESCRICAO,54
SSFX,"NOVA FÁTIMA / Faz. Primavera, PR",aeroporto,aeroporto,SSFX,23º27'21''S,050º34'33''W,-23.45583333333333,-50.575833333333335,2239,19,W,1,1,0,INFERIDA_DESCRICAO,54
SSFY,"FOZ DO IGUAÇU / HELPN Furnas Centrais Elétricas, PR",heliponto,heliponto,SSFY,25º28'19''S,054º32'30''W,-25.471944444444443,-54.541666666666664,751,16,W,1,1,0,INFERIDA_DESCRICAO,54
SSGA,"GARIBALDI / Garibaldi, RS",aeroporto,aeroporto,SSGA,29º16'06''S,051º31'56''W,-29.26833333333333,-51.532222222222224,2231,17,W,1,1,0,INFERIDA_DESCRICAO,54
SSGB,"GUARATUBA / Guaratuba, PR",aeroporto,aeroporto,SSGB,25º52'50''S,048º36'44''W,-25.880555555555556,-48.61222222222222,49,20,W,1,1,0,INFERIDA_DESCRICAO,54
SSGE,"TRÊS LAGOAS / Faz. Periquitos, MS",aeroporto,aeroporto,SSGE,20º30'25''S,051º50'21''W,-20.506944444444443,-51.83916666666667,1180,19,W,1,1,0,INFERIDA_DESCRICAO,54
SSGF,"RIBAS DO RIO PARDO / Faz. Formosa, MS",aeroporto,aeroporto,SSGF,20º11'50''S,053º13'23''W,-20.197222222222223,-53.223055555555554,1575,18,W,1,1,0,INFERIDA_DESCRICAO,54
SSGG,"PORTO MURTINHO / Faz. Jacaré de Chifre, MS",aeroporto,aeroporto,SSGG,21º01'40''S,057º29'50''W,-21.02777777777778,-57.49722222222222,381,15,W,1,1,0,INFERIDA_DESCRICAO,54
SSGH,"AQUIDAUANA / Faz. Capão Verde, MS",aeroporto,aeroporto,SSGH,20º04'25''S,056º04'06''W,-20.07361111111111,-56.068333333333335,410,16,W,1,1,0,INFERIDA_DESCRICAO,54
SSGI,"ELDORADO DO SUL / Astral, RS",aeroporto,aeroporto,SSGI,30º03'37''S,051º26'15''W,-30.060277777777777,-51.4375,33,16,W,1,1,0,INFERIDA_DESCRICAO,54
SSGJ,"CORUMBÁ / Faz. Poleiro Grande, MS",aeroporto,aeroporto,SSGJ,17º14'59''S,056º16'32''W,-17.249722222222225,-56.275555555555556,331,17,W,1,1,0,INFERIDA_DESCRICAO,54
SSGM,"BELA VISTA / Faz. Seriema, MS",aeroporto,aeroporto,SSGM,21º41'36''S,056º33'45''W,-21.693333333333335,-56.5625,1151,16,W,1,1,0,INFERIDA_DESCRICAO,54
SSGN,"IGUATEMI / Faz. Guaíba, MS",aeroporto,aeroporto,SSGN,23º14'21''S,054º32'28''W,-23.239166666666666,-54.54111111111111,1401,17,W,1,1,0,INFERIDA_DESCRICAO,54
SSGO,"SÃO GABRIEL D’OESTE / Rosada, MS",aeroporto,aeroporto,SSGO,19º25'47''S,054º35'14''W,-19.429722222222225,-54.58722222222222,2211,17,W,1,1,0,INFERIDA_DESCRICAO,54
SSGP,"BRASÍLIA / Piquet, DF",aeroporto,aeroporto,SSGP,15º51'14''S,047º48'23''W,-15.85388888888889,-47.80638888888888,3281,21,W,1,1,0,INFERIDA_DESCRICAO,54
SSGQ,"ÁGUA CLARA / Faz. São Francisco, MS",aeroporto,aeroporto,SSGQ,19º22'51''S,053º02'30''W,-19.380833333333335,-53.041666666666664,1099,18,W,1,1,0,INFERIDA_DESCRICAO,54
SSGT,"RIO BRILHANTE / Faz. Capão Alto, MS",aeroporto,aeroporto,SSGT,21º41'56''S,054º48'50''W,-21.698888888888888,-54.81388888888888,1050,17,W,1,1,0,INFERIDA_DESCRICAO,54
SSGU,"SANTA ISABEL DO IVAÍ / Faz. Gurucaia, PR",aeroporto,aeroporto,SSGU,23º11'38''S,053º19'42''W,-23.19388888888889,-53.32833333333333,886,17,W,1,1,0,INFERIDA_DESCRICAO,54
SSGV,"VOTORANTIM / HELPN Sorocred, SP",heliponto,heliponto,SSGV,23º33'24''S,047º28'40''W,-23.55666666666667,-47.47777777777778,2080,21,W,1,1,0,INFERIDA_DESCRICAO,54
SSGX,"AQUIDAUANA / Faz. Rio Negro, MS",aeroporto,aeroporto,SSGX,19º34'06''S,056º14'44''W,-19.56833333333333,-56.245555555555555,312,16,W,1,1,0,INFERIDA_DESCRICAO,54
SSGY,"GUAÍRA / Guaíra, PR",aeroporto,aeroporto,SSGY,24º04'47''S,054º11'17''W,-24.079722222222223,-54.18805555555555,889,17,W,1,1,0,INFERIDA_DESCRICAO,54
SSGZ,"NAVIRAÍ / Faz. Santa Helena do Pindó, MS",aeroporto,aeroporto,SSGZ,22º53'42''S,053º52'04''W,-22.895,-53.867777777777775,1050,17,W,1,1,0,INFERIDA_DESCRICAO,54
SSHA,"AQUIDAUANA / Aeroclube de Aquidauana, MS",aeroporto,aeroporto,SSHA,20º28'51''S,055º46'10''W,-20.480833333333333,-55.769444444444446,620,16,W,1,1,0,INFERIDA_DESCRICAO,54
SSHB,"IVATE / Faz. Serra Dourada, PR",aeroporto,aeroporto,SSHB,23º19'20''S,053º28'07''W,-23.322222222222223,-53.468611111111116,1007,17,W,1,1,0,INFERIDA_DESCRICAO,54
SSHF,"CORUMBÁ / Sítio Serra Negra, MS",aeroporto,aeroporto,SSHF,18º02'02''S,057º29'02''W,-18.03388888888889,-57.48388888888889,328,16,W,1,1,0,INFERIDA_DESCRICAO,54
SSHH,"FOZ DO IGUAÇU / HELPN Helisul I, PR",heliponto,heliponto,SSHH,25º36'15''S,054º29'37''W,-25.604166666666668,-54.493611111111115,732,16,W,1,1,0,INFERIDA_DESCRICAO,54
SSHK,"PONTA PORÃ / Faz. Jaguarandy, MS",aeroporto,aeroporto,SSHK,22º35'23''S,055º34'10''W,-22.58972222222222,-55.56944444444445,1968,16,W,1,1,0,INFERIDA_DESCRICAO,54
SSHL,"JUSSARA / Faz. Jussara, PR",aeroporto,aeroporto,SSHL,23º34'30''S,052º24'30''W,-23.575,-52.40833333333333,1213,18,W,1,1,0,INFERIDA_DESCRICAO,54
SSHM,"PORTO ALEGRE / HELPN Hospital Moinho de Vento, RS",heliponto,heliponto,SSHM,30º01'28''S,051º12'40''W,-30.024444444444445,-51.211111111111116,253,17,W,1,1,0,INFERIDA_DESCRICAO,54
SSHN,"IGUARAÇU / Recanto das Águias, PR",aeroporto,aeroporto,SSHN,23º14'42''S,051º52'32''W,-23.245,-51.87555555555556,1637,18,W,1,1,0,INFERIDA_DESCRICAO,54
SSHQ,"TERENOS / Faz. Paraíso, MS",aeroporto,aeroporto,SSHQ,20º33'42''S,054º51'51''W,-20.561666666666667,-54.86416666666667,1280,17,W,1,1,0,INFERIDA_DESCRICAO,54
SSHR,"JOINVILLE / HELPN Horus, SC",heliponto,heliponto,SSHR,26º19'55''S,048º50'57''W,-26.331944444444446,-48.84916666666667,62,19,W,1,1,0,INFERIDA_DESCRICAO,54
SSHS,"FOZ DO IGUAÇU / HELPN Helisul IV, PR",heliponto,heliponto,SSHS,25º36'47''S,054º23'53''W,-25.613055555555558,-54.39805555555556,676,16,W,1,1,0,INFERIDA_DESCRICAO,54
SSHU,"AQUIDAUANA / Faz. Centenário, MS",aeroporto,aeroporto,SSHU,19º27'29''S,056º02'43''W,-19.458055555555553,-56.04527777777778,426,17,W,1,1,0,INFERIDA_DESCRICAO,54
SSHX,"PARANHOS / Faz. Jatobá, MS",aeroporto,aeroporto,SSHX,23º55'30''S,055º17'59''W,-23.925,-55.29972222222222,1335,16,W,1,1,0,INFERIDA_DESCRICAO,54
SSHY,"FOZ DO IGUAÇU / HELPN Itaipú, PR",heliponto,heliponto,SSHY,25º25'14''S,054º35'35''W,-25.420555555555556,-54.59305555555556,574,16,W,1,1,0,INFERIDA_DESCRICAO,54
SSHZ,"HORIZONTINA / Horizontina, RS",aeroporto,aeroporto,SSHZ,27º38'20''S,054º20'28''W,-27.63888888888889,-54.34111111111111,1063,15,W,1,1,0,INFERIDA_DESCRICAO,54
SSIC,"DOURADOS / APLIC Aviação Agrícola LTDA, MS",aeroporto,aeroporto,SSIC,22º18'24''S,054º49'28''W,-22.30666666666667,-54.824444444444445,1405,17,W,1,1,0,INFERIDA_DESCRICAO,54
SSID,"NOVA ANDRADINA / Independência, MS",aeroporto,aeroporto,SSID,22º16'43''S,053º23'00''W,-22.27861111111111,-53.38333333333333,1135,18,W,1,1,0,INFERIDA_DESCRICAO,54
SSIE,"CAMPO GRANDE / Teruel Ipanema Estância, MS",aeroporto,aeroporto,SSIE,20º35'58''S,054º36'09''W,-20.599444444444444,-54.6025,1732,17,W,1,1,0,INFERIDA_DESCRICAO,54
SSIF,"ITAQUIRAÍ / Faz. Baunilha, MS",aeroporto,aeroporto,SSIF,23º33'37''S,054º02'02''W,-23.560277777777777,-54.03388888888889,970,17,W,1,1,0,INFERIDA_DESCRICAO,54
SSIG,"AQUIDAUANA / Faz. Santa Maria, MS",aeroporto,aeroporto,SSIG,20º16'12''S,055º43'42''W,-20.27,-55.72833333333333,617,17,W,1,1,0,INFERIDA_DESCRICAO,54
SSIH,"BRASILÂNDIA / Faz. Fortaleza, MS",aeroporto,aeroporto,SSIH,20º56'47''S,052º43'20''W,-20.94638888888889,-52.72222222222222,1295,18,W,1,1,0,INFERIDA_DESCRICAO,54
SSII,"BELA VISTA / Faz. Orion, MS",aeroporto,aeroporto,SSII,22º01'22''S,056º19'27''W,-22.022777777777776,-56.32416666666667,1001,16,W,1,1,0,INFERIDA_DESCRICAO,54
SSIJ,"IJUÍ / Ijuí, RS",aeroporto,aeroporto,SSIJ,28º22'12''S,053º50'44''W,-28.37,-53.845555555555556,1197,15,W,1,1,0,INFERIDA_DESCRICAO,54
SSIQ,"ITAQUI / Itaqui, RS",aeroporto,aeroporto,SSIQ,29º10'23''S,056º32'12''W,-29.173055555555557,-56.53666666666666,230,13,W,1,1,0,INFERIDA_DESCRICAO,54
SSIS,"IBATÉ / Major José Ignácio, SP",aeroporto,aeroporto,SSIS,22º02'52''S,048º05'50''W,-22.047777777777778,-48.09722222222222,1962,21,W,1,1,0,INFERIDA_DESCRICAO,54
SSIU,"PÂNTANO GRANDE / Sítio Enel, RS",aeroporto,aeroporto,SSIU,30º08'01''S,052º21'55''W,-30.13361111111111,-52.36527777777778,32,16,W,1,1,0,INFERIDA_DESCRICAO,54
SSIV,"IVINHEMA / Faz. Experimental, MS",aeroporto,aeroporto,SSIV,22º17'50''S,053º50'50''W,-22.297222222222224,-53.84722222222222,1194,17,W,1,1,0,INFERIDA_DESCRICAO,55
SSIZ,"ITUPEVA / HELPN Condomínio Fazenda da Grama, SP",heliponto,heliponto,SSIZ,23º03'33''S,047º03'45''W,-23.059166666666666,-47.0625,2257,21,W,1,1,0,INFERIDA_DESCRICAO,55
SSJA,"JOAÇABA / Joaçaba, SC",aeroporto,aeroporto,SSJA,27º10'22''S,051º33'06''W,-27.172777777777778,-51.55166666666666,2546,17,W,1,1,0,INFERIDA_DESCRICAO,55
SSJB,"SÃO GABRIEL D’OESTE / Salenco, MS",aeroporto,aeroporto,SSJB,18º51'24''S,054º20'51''W,-18.85666666666667,-54.347500000000004,1253,18,W,1,1,0,INFERIDA_DESCRICAO,55
SSJC,"GUAÍBA / Faz. do Jacuí, RS",aeroporto,aeroporto,SSJC,29º58'59''S,051º18'02''W,-29.983055555555556,-51.300555555555555,26,17,W,1,1,0,INFERIDA_DESCRICAO,55
SSJF,"CURITIBA / HELPN Polícia Federal Curitiba, PR",heliponto,heliponto,SSJF,25º22'28''S,049º13'42''W,-25.374444444444446,-49.22833333333333,3064,19,W,1,1,0,INFERIDA_DESCRICAO,55
SSJG,"PORTO MURTINHO / Faz. Santa Ana, MS",aeroporto,aeroporto,SSJG,21º12'59''S,057º40'53''W,-21.21638888888889,-57.68138888888889,351,15,W,1,1,0,INFERIDA_DESCRICAO,55
SSJH,"NOVA ANDRADINA / Faz. Guarani, MS",aeroporto,aeroporto,SSJH,22º09'57''S,053º34'23''W,-22.16583333333333,-53.573055555555555,787,18,W,1,1,0,INFERIDA_DESCRICAO,55
SSJI,"JARDIM / Jardim, MS",aeroporto,aeroporto,SSJI,21º29'34''S,056º09'10''W,-21.49277777777778,-56.15277777777778,1053,16,W,1,1,0,INFERIDA_DESCRICAO,55
SSJJ,"NOVA ANDRADINA / Faz. Tupi, MS",aeroporto,aeroporto,SSJJ,21º48'26''S,053º07'46''W,-21.807222222222222,-53.129444444444445,1377,18,W,1,1,0,INFERIDA_DESCRICAO,55
SSJK,"JÚLIO DE CASTILHOS / Júlio de Castilhos, RS",aeroporto,aeroporto,SSJK,29º09'11''S,053º44'36''W,-29.153055555555554,-53.74333333333333,1633,15,W,1,1,0,INFERIDA_DESCRICAO,55
SSJL,"CAMAPUÃ / Faz. Jamaica, MS",aeroporto,aeroporto,SSJL,19º20'52''S,053º46'12''W,-19.347777777777775,-53.769999999999996,1706,18,W,1,1,0,INFERIDA_DESCRICAO,55
SSJM,"CHAPADÃO DO SUL / Faz. Júlio Martins, MS",aeroporto,aeroporto,SSJM,18º50'33''S,052º29'58''W,-18.842499999999998,-52.49944444444444,2621,19,W,1,1,0,INFERIDA_DESCRICAO,55
SSJO,"CORUMBÁ / Faz. Angico, MS",aeroporto,aeroporto,SSJO,19º22'35''S,057º27'10''W,-19.37638888888889,-57.45277777777778,511,16,W,1,1,0,INFERIDA_DESCRICAO,55
SSJP,"COLORADO / Faz. Junqueira, PR",aeroporto,aeroporto,SSJP,22º53'42''S,051º55'45''W,-22.895,-51.92916666666667,1428,18,W,1,1,0,INFERIDA_DESCRICAO,55
SSJQ,"RIBEIRÃO CASCALHEIRA / Faz. Floresta, MT",aeroporto,aeroporto,SSJQ,12º48'42''S,051º52'33''W,-12.811666666666667,-51.87583333333333,1266,20,W,1,1,0,INFERIDA_DESCRICAO,55
SSJR,"JAGUARÃO / Jaguarão, RS",aeroporto,aeroporto,SSJR,32º32'26''S,053º23'03''W,-32.54055555555556,-53.384166666666665,66,14,W,1,1,0,INFERIDA_DESCRICAO,55
SSJS,"JARAGUÁ DO SUL / HELPN Malwee, SC",heliponto,heliponto,SSJS,26º31'02''S,049º07'21''W,-26.51722222222222,-49.1225,134,19,W,1,1,0,INFERIDA_DESCRICAO,55
SSJV,"CORUMBÁ / Piratininga, MS",aeroporto,aeroporto,SSJV,17º56'33''S,056º28'48''W,-17.9425,-56.480000000000004,150,17,W,1,1,0,INFERIDA_DESCRICAO,55
SSJW,"RIO BRILHANTE / Faz. Jauru, MS",aeroporto,aeroporto,SSJW,21º46'57''S,053º53'32''W,-21.7825,-53.89222222222222,1017,17,W,1,1,0,INFERIDA_DESCRICAO,55
SSJX,"CORUMBÁ / São Bento, MS",aeroporto,aeroporto,SSJX,19º28'41''S,057º00'51''W,-19.478055555555553,-57.01416666666667,150,16,W,1,1,0,INFERIDA_DESCRICAO,55
SSJY,"CORUMBÁ / São João, MS",aeroporto,aeroporto,SSJY,17º42'27''S,056º13'02''W,-17.7075,-56.217222222222226,150,17,W,1,1,0,INFERIDA_DESCRICAO,55
SSJZ,"TERRA ROXA / Faz. Três Unidos, PR",aeroporto,aeroporto,SSJZ,24º03'06''S,054º00'24''W,-24.051666666666666,-54.00666666666667,1000,17,W,1,1,0,INFERIDA_DESCRICAO,55
SSKA,"CORUMBÁ / Faz. Campinas, MS",aeroporto,aeroporto,SSKA,18º54'20''S,056º21'35''W,-18.905555555555555,-56.359722222222224,328,16,W,1,1,0,INFERIDA_DESCRICAO,55
SSKB,"AQUIDAUANA / Faz. Tupanciretan, MS",aeroporto,aeroporto,SSKB,19º28'28''S,056º22'38''W,-19.474444444444444,-56.37722222222222,312,16,W,1,1,0,INFERIDA_DESCRICAO,55
SSKC,"INOCÊNCIA / Faz. União, MS",aeroporto,aeroporto,SSKC,19º17'33''S,052º03'39''W,-19.2925,-52.06083333333333,1758,19,W,1,1,0,INFERIDA_DESCRICAO,55
SSKD,"AQUIDAUANA / Faz. União, MS",aeroporto,aeroporto,SSKD,19º45'00''S,055º28'00''W,-19.75,-55.46666666666667,410,17,W,1,1,0,INFERIDA_DESCRICAO,55
SSKF,"ITAQUIRAÍ / Porto Bonito, MS",aeroporto,aeroporto,SSKF,23º20'15''S,053º52'11''W,-23.3375,-53.86972222222222,1180,17,W,1,1,0,INFERIDA_DESCRICAO,55
SSKG,"CAMPO GRANDE / Estância Santa Maria, MS",aeroporto,aeroporto,SSKG,20º30'20''S,054º31'29''W,-20.505555555555556,-54.52472222222222,2028,17,W,1,1,0,INFERIDA_DESCRICAO,55
SSKH,"ARAL MOREIRA / Faz. Karl Hermann Isenberg, MS",aeroporto,aeroporto,SSKH,22º54'42''S,055º32'20''W,-22.911666666666665,-55.538888888888884,1853,16,W,1,1,0,INFERIDA_DESCRICAO,55
SSKI,"CORNÉLIO PROCÓPIO / Faz. Santa Helena, PR",aeroporto,aeroporto,SSKI,23º20'26''S,050º34'59''W,-23.340555555555554,-50.58305555555556,1672,19,W,1,1,0,INFERIDA_DESCRICAO,55
SSKJ,"RIO BRANCO DO IVAÍ / Faz. Mestiça, PR",aeroporto,aeroporto,SSKJ,24º18'26''S,051º24'39''W,-24.307222222222222,-51.41083333333333,1574,18,W,1,1,0,INFERIDA_DESCRICAO,55
SSKK,"CAPÃO DA CANOA / Capão da Canoa, RS",aeroporto,aeroporto,SSKK,29º45'49''S,050º02'13''W,-29.76361111111111,-50.036944444444444,33,17,W,1,1,0,INFERIDA_DESCRICAO,55
SSKL,"AMAMBAÍ / Faz. Pião, MS",aeroporto,aeroporto,SSKL,23º24'25''S,055º13'36''W,-23.40694444444444,-55.22666666666667,1542,16,W,1,1,0,INFERIDA_DESCRICAO,55
SSKM,"CAMPO MOURÃO / Campo Mourão, PR",aeroporto,aeroporto,SSKM,24º00'09''S,052º21'25''W,-24.0025,-52.356944444444444,1854,18,W,1,1,0,INFERIDA_DESCRICAO,55
SSKP,"PALOTINA / Copacel, PR",aeroporto,aeroporto,SSKP,24º18'32''S,053º50'32''W,-24.30888888888889,-53.842222222222226,1050,17,W,1,1,0,INFERIDA_DESCRICAO,55
SSKQ,"NOVA CRIXÁS / Faz. Santa Rosa, GO",aeroporto,aeroporto,SSKQ,14º32'28''S,050º27'43''W,-14.54111111111111,-50.46194444444445,1000,20,W,1,1,0,INFERIDA_DESCRICAO,55
SSKR,"PARAÚNA / Faz. Primavera, GO",aeroporto,aeroporto,SSKR,17º10'10''S,050º49'28''W,-17.169444444444444,-50.824444444444445,2306,20,W,1,1,0,INFERIDA_DESCRICAO,55
SSKS,"CACHOEIRA DO SUL / Cachoeira do Sul, RS",aeroporto,aeroporto,SSKS,30º00'08''S,052º56'25''W,-30.002222222222223,-52.94027777777777,253,15,W,1,1,0,INFERIDA_DESCRICAO,55
SSKT,"SÃO JOSÉ / Aeroclube de Santa Catarina, SC",aeroporto,aeroporto,SSKT,27º36'42''S,048º40'22''W,-27.611666666666668,-48.672777777777775,20,19,W,1,1,0,INFERIDA_DESCRICAO,55
SSKU,"CURITIBANOS / Curitibanos, SC",aeroporto,aeroporto,SSKU,27º16'57''S,050º36'41''W,-27.2825,-50.61138888888889,3133,18,W,1,1,0,INFERIDA_DESCRICAO,55
SSKW,"CACOAL / Cacoal, RO",aeroporto,aeroporto,SSKW,11º29'37''S,061º10'32''W,-11.493611111111111,-61.175555555555555,807,14,W,1,1,0,INFERIDA_DESCRICAO,55
SSKZ,"CARAZINHO / Carazinho, RS",aeroporto,aeroporto,SSKZ,28º19'17''S,052º48'56''W,-28.32138888888889,-52.815555555555555,1854,16,W,1,1,0,INFERIDA_DESCRICAO,55
SSLB,"CORUMBÁ / Faz. São Paulino, MS",aeroporto,aeroporto,SSLB,19º01'31''S,055º55'34''W,-19.025277777777777,-55.92611111111111,394,17,W,1,1,0,INFERIDA_DESCRICAO,55
SSLC,"LAGUNA CARAPÃ / Faz. Laguna Caren, MS",aeroporto,aeroporto,SSLC,22º40'24''S,055º14'12''W,-22.673333333333336,-55.236666666666665,1755,16,W,1,1,0,INFERIDA_DESCRICAO,55
SSLD,"CORUMBÁ / Faz. Lourdes, MS",aeroporto,aeroporto,SSLD,18º38'38''S,056º45'34''W,-18.64388888888889,-56.75944444444445,328,16,W,1,1,0,INFERIDA_DESCRICAO,55
SSLG,"SÃO LUÍS GONZAGA / São Luís Gonzaga, RS",aeroporto,aeroporto,SSLG,28º22'35''S,055º02'15''W,-28.37638888888889,-55.0375,656,15,W,1,1,0,INFERIDA_DESCRICAO,55
SSLK,"COXIM / Faz. Aldeia, MS",aeroporto,aeroporto,SSLK,18º12'59''S,055º09'32''W,-18.21638888888889,-55.15888888888889,394,17,W,1,1,0,INFERIDA_DESCRICAO,55
SSLN,"LONTRAS / Helmuth Baungartem, SC",aeroporto,aeroporto,SSLN,27º09'37''S,049º32'36''W,-27.160277777777775,-49.54333333333333,1096,19,W,1,1,0,INFERIDA_DESCRICAO,55
SSLP,"PORTO MURTINHO / Faz. Lucero Porã, MS",aeroporto,aeroporto,SSLP,21º54'39''S,057º38'48''W,-21.910833333333333,-57.64666666666667,299,15,W,1,1,0,INFERIDA_DESCRICAO,55
SSLR,"LADÁRIO / Ocorema, MS",aeroporto,aeroporto,SSLR,19º06'18''S,057º35'36''W,-19.105,-57.593333333333334,413,15,W,1,1,0,INFERIDA_DESCRICAO,55
SSLS,"LARANJEIRAS DO SUL / Salto Santiago, PR",aeroporto,aeroporto,SSLS,25º30'54''S,052º33'27''W,-25.515,-52.5575,2087,17,W,1,1,0,INFERIDA_DESCRICAO,55
SSLT,"ALEGRETE / Alegrete Novo, RS",aeroporto,aeroporto,SSLT,29º48'45''S,055º53'32''W,-29.8125,-55.89222222222222,459,13,W,1,1,0,INFERIDA_DESCRICAO,55
SSLU,"JARDIM / Faz. Aurora, MS",aeroporto,aeroporto,SSLU,21º31'24''S,056º36'42''W,-21.523333333333333,-56.611666666666665,755,16,W,1,1,0,INFERIDA_DESCRICAO,55
SSLW,"BELA VISTA / Faz. Três Cerros, MS",aeroporto,aeroporto,SSLW,21º58'24''S,056º47'51''W,-21.973333333333333,-56.7975,853,15,W,1,1,0,INFERIDA_DESCRICAO,56
SSLY,"CAMPINAS / HELPN NorteSul, SP",heliponto,heliponto,SSLY,22º54'07''S,047º02'49''W,-22.901944444444442,-47.04694444444444,2357,21,W,1,1,0,INFERIDA_DESCRICAO,56
SSMA,"BRUSQUE / Marrecão, SC",aeroporto,aeroporto,SSMA,27º04'01''S,048º53'26''W,-27.066944444444445,-48.89055555555556,68,19,W,1,1,0,INFERIDA_DESCRICAO,56
SSMC,"NOVA ANDRADINA / Faz. São Miguel da Catequese, MS",aeroporto,aeroporto,SSMC,22º05'16''S,053º31'12''W,-22.087777777777777,-53.519999999999996,1209,18,W,1,1,0,INFERIDA_DESCRICAO,56
SSME,"ANASTÁCIO / Faz. Ipiranga, MS",aeroporto,aeroporto,SSME,20º58'50''S,055º33'57''W,-20.980555555555554,-55.56583333333333,804,17,W,1,1,0,INFERIDA_DESCRICAO,56
SSMG,"SANTOS / HELPN Uno, SP",heliponto,heliponto,SSMG,23º57'24''S,046º19'53''W,-23.956666666666667,-46.331388888888895,226,21,W,1,1,0,INFERIDA_DESCRICAO,56
SSMH,"CAPÃO DO LEÃO / Faz. Santa Maria, RS",aeroporto,aeroporto,SSMH,31º55'46''S,052º27'49''W,-31.929444444444446,-52.46361111111111,66,15,W,1,1,0,INFERIDA_DESCRICAO,56
SSMI,"BELA VISTA / Faz. Morrinhos, MS",aeroporto,aeroporto,SSMI,22º05'02''S,056º18'02''W,-22.083888888888886,-56.300555555555555,1148,16,W,1,1,0,INFERIDA_DESCRICAO,56
SSMJ,"MARACAJU / Maracaju, MS",aeroporto,aeroporto,SSMJ,21º38'02''S,055º08'42''W,-21.633888888888887,-55.144999999999996,1283,17,W,1,1,0,INFERIDA_DESCRICAO,56
SSMK,"ELDORADO DO SUL / El Dorado, RS",aeroporto,aeroporto,SSMK,30º04'24''S,051º24'35''W,-30.073333333333334,-51.40972222222222,20,16,W,1,1,0,INFERIDA_DESCRICAO,56
SSML,"IGUATEMI / Faz. Maria Luiza, MS",aeroporto,aeroporto,SSML,23º35'52''S,054º38'47''W,-23.597777777777775,-54.646388888888886,1083,16,W,1,1,0,INFERIDA_DESCRICAO,56
SSMP,"ITAMBÉ / Faz. Três Minas, PR",aeroporto,aeroporto,SSMP,23º40'22''S,052º00'35''W,-23.672777777777778,-52.00972222222222,1391,18,W,1,1,0,INFERIDA_DESCRICAO,56
SSMQ,"MONTE ALEGRE DO SUL / HELPN Chácara Monte Alegre, SP",heliponto,heliponto,SSMQ,22º41'24''S,046º40'50''W,-22.69,-46.68055555555555,2454,21,W,1,1,0,INFERIDA_DESCRICAO,56
SSMR,"MANOEL RIBAS / Manoel Ribas, PR",aeroporto,aeroporto,SSMR,24º31'44''S,051º38'50''W,-24.528888888888886,-51.64722222222222,2822,18,W,1,1,0,INFERIDA_DESCRICAO,56
SSMT,"MOSTARDAS / Mostardas, RS",aeroporto,aeroporto,SSMT,31º06'15''S,050º54'44''W,-31.104166666666668,-50.91222222222222,59,16,W,1,1,0,INFERIDA_DESCRICAO,56
SSMU,"CACHOEIRINHA / HELPN Magnum, RS",heliponto,heliponto,SSMU,29º56'49''S,051º06'19''W,-29.946944444444444,-51.10527777777778,66,17,W,1,1,0,INFERIDA_DESCRICAO,56
SSMV,"PIRASSUNUNGA / Faz. Boa Vista, SP",aeroporto,aeroporto,SSMV,22º02'33''S,047º33'36''W,-22.0425,-47.559999999999995,2434,21,W,1,1,0,INFERIDA_DESCRICAO,56
SSMW,"PERUÍBE / Ica, SP",aeroporto,aeroporto,SSMW,24º18'55''S,047º00'50''W,-24.31527777777778,-47.013888888888886,49,21,W,1,1,0,INFERIDA_DESCRICAO,56
SSMX,"NOVA RESENDE / Faz. Planalto, MG",aeroporto,aeroporto,SSMX,21º07'29''S,046º25'23''W,-21.12472222222222,-46.42305555555555,3868,22,W,1,1,0,INFERIDA_DESCRICAO,56
SSMY,"SÃO MIGUEL DO IGUAÇU / São Miguel do Iguaçu, PR",aeroporto,aeroporto,SSMY,25º23'56''S,054º14'05''W,-25.398888888888887,-54.234722222222224,951,16,W,1,1,0,INFERIDA_DESCRICAO,56
SSMZ,"COMODORO / Faz. São Mateus, MT",aeroporto,aeroporto,SSMZ,13º55'02''S,059º59'00''W,-13.917222222222222,-59.983333333333334,1070,15,W,1,1,0,INFERIDA_DESCRICAO,56
SSNA,"MIRANDA / Estância Miranda, MS",aeroporto,aeroporto,SSNA,19º54'03''S,056º26'22''W,-19.90083333333333,-56.43944444444444,436,16,W,1,1,0,INFERIDA_DESCRICAO,56
SSNB,"NAVIRAÍ / Naviraí, MS",aeroporto,aeroporto,SSNB,23º02'29''S,054º11'06''W,-23.04138888888889,-54.184999999999995,1329,17,W,1,1,0,INFERIDA_DESCRICAO,56
SSND,"SÃO FÉLIX DO ARAGUAIA / Santa Maria, MT",aeroporto,aeroporto,SSND,11º09'53''S,052º49'27''W,-11.164722222222222,-52.82416666666667,1119,19,W,1,1,0,INFERIDA_DESCRICAO,56
SSNE,"CORUMBÁ / Faz. São Benedito, MS",aeroporto,aeroporto,SSNE,18º24'56''S,056º27'19''W,-18.415555555555553,-56.45527777777778,394,16,W,1,1,0,INFERIDA_DESCRICAO,56
SSNF,"COLÔMBIA / Faz. Naisa, SP",aeroporto,aeroporto,SSNF,20º19'47''S,048º48'36''W,-20.329722222222223,-48.809999999999995,1739,21,W,1,1,0,INFERIDA_DESCRICAO,56
SSNG,"MONTENEGRO / Montenegro, RS",aeroporto,aeroporto,SSNG,29º43'10''S,051º29'22''W,-29.71944444444444,-51.489444444444445,125,17,W,1,1,0,INFERIDA_DESCRICAO,56
SSNH,"NOVO HAMBURGO / Novo Hamburgo, RS",aeroporto,aeroporto,SSNH,29º41'46''S,051º04'54''W,-29.69611111111111,-51.08166666666667,66,17,W,1,1,0,INFERIDA_DESCRICAO,56
SSNI,"NAVIRAÍ / Faz. Novo Rumo, MS",aeroporto,aeroporto,SSNI,22º59'07''S,053º52'37''W,-22.985277777777778,-53.87694444444445,1247,17,W,1,1,0,INFERIDA_DESCRICAO,56
SSNK,"PEDRA PRETA / Sementes Petrovina, MT",aeroporto,aeroporto,SSNK,16º50'34''S,054º04'33''W,-16.842777777777776,-54.075833333333335,2362,18,W,1,1,0,INFERIDA_DESCRICAO,56
SSNM,"GUARANTÃ DO NORTE / Guarantã, MT",aeroporto,aeroporto,SSNM,09º57'57''S,054º53'06''W,-9.965833333333332,-54.885,968,18,W,1,1,0,INFERIDA_DESCRICAO,56
SSNP,"NOVA PRATA / Nova Prata, RS",aeroporto,aeroporto,SSNP,28º48'09''S,051º36'15''W,-28.802500000000002,-51.60416666666667,2264,17,W,1,1,0,INFERIDA_DESCRICAO,56
SSNQ,"NIOAQUE / Nioaque, MS",aeroporto,aeroporto,SSNQ,21º11'05''S,055º49'49''W,-21.184722222222224,-55.83027777777778,984,16,W,1,1,0,INFERIDA_DESCRICAO,56
SSNR,"COXIM / Faz. Novo Horizonte, MS",aeroporto,aeroporto,SSNR,18º19'07''S,054º56'08''W,-18.31861111111111,-54.93555555555555,754,17,W,1,1,0,INFERIDA_DESCRICAO,56
SSNT,"AMAMBAÍ / Faz. Rosa Mística, MS",aeroporto,aeroporto,SSNT,23º17'33''S,055º03'21''W,-23.2925,-55.05583333333333,1289,16,W,1,1,0,INFERIDA_DESCRICAO,56
SSNU,"BROTAS / Santa Isabel, SP",aeroporto,aeroporto,SSNU,22º14'27''S,048º01'30''W,-22.240833333333335,-48.025,2582,21,W,1,1,0,INFERIDA_DESCRICAO,56
SSNV,"CORUMBÁ / Faz. Novo Horizonte, MS",aeroporto,aeroporto,SSNV,19º13'59''S,057º01'47''W,-19.233055555555556,-57.02972222222222,285,16,W,1,1,0,INFERIDA_DESCRICAO,56
SSNX,"ITIRAPINA / HELPN Faz. da Toca, SP",heliponto,heliponto,SSNX,22º12'48''S,047º44'12''W,-22.21333333333333,-47.736666666666665,2572,21,W,1,1,0,INFERIDA_DESCRICAO,56
SSNY,"CÁCERES / Faz. Florida, MT",aeroporto,aeroporto,SSNY,17º11'01''S,058º13'00''W,-17.183611111111112,-58.21666666666667,541,15,W,1,1,0,INFERIDA_DESCRICAO,56
SSOA,"SÃO PAULO / HELPN Blue Tree Tower Faria Lima, SP",heliponto,heliponto,SSOA,23º35'26''S,046º40'49''W,-23.590555555555554,-46.680277777777775,2680,21,W,1,1,0,INFERIDA_DESCRICAO,56
SSOC,"CORUMBÁ / Faz. Sans Souci - Sede, MS",aeroporto,aeroporto,SSOC,19º02'00''S,056º57'00''W,-19.033333333333335,-56.95,305,16,W,1,1,0,INFERIDA_DESCRICAO,56
SSOD,"MIRANDA / Faz. Pouso Alegre, MS",aeroporto,aeroporto,SSOD,20º14'52''S,056º24'55''W,-20.247777777777777,-56.415277777777774,374,16,W,1,1,0,INFERIDA_DESCRICAO,56
SSOE,"SÃO MIGUEL DO OESTE / São Miguel do Oeste, SC",aeroporto,aeroporto,SSOE,26º46'52''S,053º30'12''W,-26.78111111111111,-53.50333333333333,2180,16,W,1,1,0,INFERIDA_DESCRICAO,56
SSOF,"MONTE AZUL / Faz. Vale da Serra, MG",aeroporto,aeroporto,SSOF,15º11'20''S,043º31'52''W,-15.18888888888889,-43.53111111111111,1575,23,W,1,1,0,INFERIDA_DESCRICAO,56
SSOG,"ARAPONGAS / Arapongas, PR",aeroporto,aeroporto,SSOG,23º21'21''S,051º29'27''W,-23.355833333333333,-51.490833333333335,2599,19,W,1,1,0,INFERIDA_DESCRICAO,56
SSOI,"PEDERNEIRAS / Pederneiras, SP",aeroporto,aeroporto,SSOI,22º18'26''S,048º46'19''W,-22.307222222222222,-48.77194444444444,1788,20,W,1,1,0,INFERIDA_DESCRICAO,56
SSOJ,"INOCÊNCIA / Faz. Estrela, MS",aeroporto,aeroporto,SSOJ,19º58'45''S,051º44'06''W,-19.979166666666664,-51.735,1476,19,W,1,1,0,INFERIDA_DESCRICAO,56
SSOK,"LONDRINA / 14 Bis, PR",aeroporto,aeroporto,SSOK,23º12'51''S,051º11'09''W,-23.214166666666667,-51.18583333333333,1932,19,W,1,1,0,INFERIDA_DESCRICAO,56
SSOL,"LAVRAS / Lavras, MG",aeroporto,aeroporto,SSOL,21º14'38''S,044º58'10''W,-21.24388888888889,-44.96944444444445,3146,22,W,1,1,0,INFERIDA_DESCRICAO,56
SSON,"TUCURÚ / Faz. Joalice, MS",aeroporto,aeroporto,SSON,23º47'16''S,055º01'45''W,-23.78777777777778,-55.02916666666667,1476,16,W,1,1,0,INFERIDA_DESCRICAO,56
SSOO,"FERNÃO / Estância J.D.S., SP",aeroporto,aeroporto,SSOO,22º20'14''S,049º32'35''W,-22.33722222222222,-49.543055555555554,1903,20,W,1,1,0,INFERIDA_DESCRICAO,56
SSOP,"APARECIDA DO TABOADO / Faz. Cachoeirinha, MS",aeroporto,aeroporto,SSOP,20º02'36''S,051º28'29''W,-20.043333333333337,-51.474722222222226,1539,19,W,1,1,0,INFERIDA_DESCRICAO,56
SSOQ,"AQUIDAUANA / Faz. Barranco Alto, MS",aeroporto,aeroporto,SSOQ,19º34'40''S,056º09'08''W,-19.57777777777778,-56.15222222222222,502,16,W,1,1,0,INFERIDA_DESCRICAO,56
SSOR,"ALEGRETE / Chico Ledur, RS",aeroporto,aeroporto,SSOR,29º49'05''S,055º42'51''W,-29.818055555555556,-55.71416666666667,354,13,W,1,1,0,INFERIDA_DESCRICAO,56
SSOS,"OSÓRlO / Osório, RS",aeroporto,aeroporto,SSOS,29º54'08''S,050º15'02''W,-29.90222222222222,-50.25055555555556,39,17,W,1,1,0,INFERIDA_DESCRICAO,56
SSOT,"SÃO ROMÃO / Faz. Saco da Tapera, MG",aeroporto,aeroporto,SSOT,16º20'49''S,045º20'57''W,-16.346944444444443,-45.34916666666667,1946,22,W,1,1,0,INFERIDA_DESCRICAO,57
SSOU,"PARACATU / Faz. Inhumas, MG",aeroporto,aeroporto,SSOU,17º02'13''S,046º15'37''W,-17.036944444444448,-46.26027777777778,1772,22,W,1,1,0,INFERIDA_DESCRICAO,57
SSOV,"URUCUIA / Faz. Hora, MG",aeroporto,aeroporto,SSOV,16º08'48''S,045º49'30''W,-16.146666666666665,-45.825,1837,22,W,1,1,0,INFERIDA_DESCRICAO,57
SSPB,"PATO BRANCO / Pato Branco, PR",aeroporto,aeroporto,SSPB,26º13'04''S,052º41'39''W,-26.217777777777776,-52.69416666666666,2697,17,W,1,1,0,INFERIDA_DESCRICAO,57
SSPC,"COCALINHO / Faz. Santa Júlia, MT",aeroporto,aeroporto,SSPC,13º43'54''S,051º20'24''W,-13.731666666666667,-51.34,866,20,W,1,1,0,INFERIDA_DESCRICAO,57
SSPD,"COMODORO / Faz. Paraguá, MT",aeroporto,aeroporto,SSPD,14º46'00''S,060º02'00''W,-14.766666666666667,-60.03333333333333,922,15,W,1,1,0,INFERIDA_DESCRICAO,57
SSPE,"NOBRES / Essência Retiro do Rio Cuiabá, MT",aeroporto,aeroporto,SSPE,14º26'08''S,055º36'34''W,-14.435555555555556,-55.60944444444445,837,18,W,1,1,0,INFERIDA_DESCRICAO,57
SSPG,"PARANAGUÁ / Paranaguá, PR",aeroporto,aeroporto,SSPG,25º32'26''S,048º31'52''W,-25.540555555555557,-48.53111111111111,16,20,W,1,1,0,INFERIDA_DESCRICAO,57
SSPI,"PARANAVAÍ / Paranavaí, PR",aeroporto,aeroporto,SSPI,23º05'30''S,052º29'04''W,-23.091666666666665,-52.48444444444444,1526,18,W,1,1,0,INFERIDA_DESCRICAO,57
SSPK,"PORECATU / Porecatu, PR",aeroporto,aeroporto,SSPK,22º46'17''S,051º21'56''W,-22.77138888888889,-51.36555555555556,1424,19,W,1,1,0,INFERIDA_DESCRICAO,57
SSPL,"PALMEIRA DAS MISSÕES / Palmeira das Missões, RS",aeroporto,aeroporto,SSPL,27º54'06''S,053º19'44''W,-27.901666666666664,-53.32888888888889,2083,16,W,1,1,0,INFERIDA_DESCRICAO,57
SSPM,"PORTO MURTINHO / Porto Murtinho, MS",aeroporto,aeroporto,SSPM,21º42'39''S,057º52'45''W,-21.710833333333333,-57.87916666666667,260,15,W,1,1,0,INFERIDA_DESCRICAO,57
SSPN,"PARANAÍBA / Paranaíba, MS",aeroporto,aeroporto,SSPN,19º39'04''S,051º11'56''W,-19.65111111111111,-51.19888888888889,1446,19,W,1,1,0,INFERIDA_DESCRICAO,57
SSPO,"ITAPORÃ / APLIC Aviação agrícola II, MS",aeroporto,aeroporto,SSPO,22º00'33''S,054º47'23''W,-22.009166666666665,-54.78972222222222,1165,17,W,1,1,0,INFERIDA_DESCRICAO,57
SSPS,"PALMAS / Palmas, PR",aeroporto,aeroporto,SSPS,26º28'20''S,051º58'32''W,-26.47222222222222,-51.97555555555556,3609,17,W,1,1,0,INFERIDA_DESCRICAO,57
SSPY,"CORUMBÁ / Porto índio, MS",aeroporto,aeroporto,SSPY,17º40'11''S,057º45'11''W,-17.669722222222223,-57.753055555555555,390,16,W,1,1,0,INFERIDA_DESCRICAO,57
SSPZ,"JAPORÃ / Faz. Princesa do Sul, MS",aeroporto,aeroporto,SSPZ,23º46'16''S,054º40'40''W,-23.77111111111111,-54.67777777777778,1053,16,W,1,1,0,INFERIDA_DESCRICAO,57
SSQA,"COMODORO / Faz. Guaporé, MT",aeroporto,aeroporto,SSQA,13º43'23''S,060º18'50''W,-13.723055555555556,-60.31388888888888,830,15,W,1,1,0,INFERIDA_DESCRICAO,57
SSQC,"SIQUEIRA CAMPOS / Siqueira Campos, PR",aeroporto,aeroporto,SSQC,23º40'28''S,049º49'08''W,-23.674444444444447,-49.81888888888889,2313,19,W,1,1,0,INFERIDA_DESCRICAO,57
SSQD,"ANGRA DOS REIS / HELPN Ilha do Cavaco, RJ",heliponto,heliponto,SSQD,23º00'53''S,044º15'54''W,-23.014722222222222,-44.265,7,22,W,1,1,0,INFERIDA_DESCRICAO,57
SSQE,"SÃO PAULO / HELPN TV Mundial I, SP",heliponto,heliponto,SSQE,23º34'05''S,046º42'30''W,-23.568055555555556,-46.708333333333336,2405,21,W,1,1,0,INFERIDA_DESCRICAO,57
SSQF,"SETE QUEDAS / Faz. Floresta Negra, MS",aeroporto,aeroporto,SSQF,23º48'50''S,054º42'02''W,-23.81388888888889,-54.70055555555556,1623,16,W,1,1,0,INFERIDA_DESCRICAO,57
SSQG,"SÃO PAULO / HELPN Edifício Banespa, SP",heliponto,heliponto,SSQG,23º32'44''S,046º38'01''W,-23.545555555555556,-46.63361111111111,2674,21,W,1,1,0,INFERIDA_DESCRICAO,57
SSQH,"BELO HORIZONTE / HELPN Hospital Mater Dei, MG",heliponto,heliponto,SSQH,19º55'38''S,043º56'56''W,-19.927222222222223,-43.94888888888889,3054,23,W,1,1,0,INFERIDA_DESCRICAO,57
SSQJ,"SÃO PAULO / HELPN COMPANY, SP",heliponto,heliponto,SSQJ,23º34'21''S,046º42'12''W,-23.572499999999998,-46.70333333333333,2536,21,W,1,1,0,INFERIDA_DESCRICAO,57
SSQK,"BARUERI / HELPN Viaoeste-Castelo III, SP",heliponto,heliponto,SSQK,23º30'21''S,046º51'18''W,-23.50583333333333,-46.855000000000004,2467,21,W,1,1,0,INFERIDA_DESCRICAO,57
SSQL,"UIRAPURU / Faz. Matrichã, GO",aeroporto,aeroporto,SSQL,14º06'51''S,050º07'20''W,-14.114166666666666,-50.12222222222222,3609,20,W,1,1,0,INFERIDA_DESCRICAO,57
SSQM,"TANQUE NOVO / Tanque Novo, BA",aeroporto,aeroporto,SSQM,13º32'45''S,042º28'48''W,-13.545833333333333,-42.480000000000004,2464,23,W,1,1,0,INFERIDA_DESCRICAO,57
SSQO,"RIBAS DO RIO PARDO / Faz. Itapora, MS",aeroporto,aeroporto,SSQO,20º04'58''S,053º53'19''W,-20.08277777777778,-53.88861111111111,1590,18,W,1,1,0,INFERIDA_DESCRICAO,57
SSQP,"MONTE SANTO / Monte Santo, BA",aeroporto,aeroporto,SSQP,10º28'42''S,039º17'15''W,-10.478333333333333,-39.2875,1362,23,W,1,1,0,INFERIDA_DESCRICAO,57
SSQQ,"CARANDAÍ / HELPN Pedra do Sino, MG",heliponto,heliponto,SSQQ,20º53'58''S,043º49'07''W,-20.899444444444445,-43.81861111111112,3596,23,W,1,1,0,INFERIDA_DESCRICAO,57
SSQR,"RIBAS DO RIO PARDO / Faz. Primavera, MS",aeroporto,aeroporto,SSQR,21º23'19''S,053º36'02''W,-21.38861111111111,-53.60055555555556,1286,18,W,1,1,0,INFERIDA_DESCRICAO,57
SSQT,"CASTRO / Castro, PR",aeroporto,aeroporto,SSQT,24º48'27''S,049º57'37''W,-24.8075,-49.96027777777778,3314,19,W,1,1,0,INFERIDA_DESCRICAO,57
SSQU,"AQUIDAUANA / Faz. Alegrete - Retiro Carandá, MS",aeroporto,aeroporto,SSQU,20º03'53''S,055º42'06''W,-20.064722222222223,-55.70166666666667,410,17,W,1,1,0,INFERIDA_DESCRICAO,57
SSQW,"CAMPINAS / HELPN Royal Palm Plaza, SP",heliponto,heliponto,SSQW,22º56'08''S,047º04'18''W,-22.935555555555556,-47.07166666666667,2457,21,W,1,1,0,INFERIDA_DESCRICAO,57
SSQX,"SÃO PAULO / HELPN Frei Caneca Shopping, SP",heliponto,heliponto,SSQX,23º33'13''S,046º39'09''W,-23.553611111111113,-46.652499999999996,2713,21,W,1,1,0,INFERIDA_DESCRICAO,57
SSQY,"SÃO PAULO / HELPN Centro Empresarial de São Paulo, SP",heliponto,heliponto,SSQY,23º38'56''S,046º43'46''W,-23.648888888888887,-46.72944444444445,2503,21,W,1,1,0,INFERIDA_DESCRICAO,57
SSQZ,"MIMOSO DO OESTE / Luis Eduardo Magalhães, BA",aeroporto,aeroporto,SSQZ,12º06'24''S,045º53'48''W,-12.106666666666666,-45.89666666666667,2408,22,W,1,1,0,INFERIDA_DESCRICAO,57
SSRA,"NOVA ANDRADINA / Faz. Rancho Belo, MS",aeroporto,aeroporto,SSRA,21º42'30''S,053º05'58''W,-21.708333333333332,-53.099444444444444,1384,18,W,1,1,0,INFERIDA_DESCRICAO,57
SSRB,"RIO BRILHANTE / Rio Brilhante, MS",aeroporto,aeroporto,SSRB,21º50'52''S,054º31'40''W,-21.847777777777775,-54.52777777777778,1024,17,W,1,1,0,INFERIDA_DESCRICAO,57
SSRC,"RIO BRILHANTE / Faz. Santa Inês, MS",aeroporto,aeroporto,SSRC,21º42'11''S,054º22'06''W,-21.703055555555554,-54.36833333333333,1084,17,W,1,1,0,INFERIDA_DESCRICAO,57
SSRD,"TACURU / Faz. Sol Nascente, MS",aeroporto,aeroporto,SSRD,23º23'51''S,055º14'54''W,-23.3975,-55.248333333333335,1443,16,W,1,1,0,INFERIDA_DESCRICAO,57
SSRE,"REALEZA / Realeza, PR",aeroporto,aeroporto,SSRE,25º48'02''S,053º30'50''W,-25.800555555555555,-53.513888888888886,1693,17,W,1,1,0,INFERIDA_DESCRICAO,57
SSRG,"LAGUNA CARAPÃ / Faz. Rancho Grande, MS",aeroporto,aeroporto,SSRG,22º46'36''S,054º58'36''W,-22.776666666666667,-54.97666666666667,1319,16,W,1,1,0,INFERIDA_DESCRICAO,57
SSRH,"ANASTÁCIO / Faz. Retiro do Marimbondo, MS",aeroporto,aeroporto,SSRH,20º46'41''S,055º58'58''W,-20.778055555555554,-55.98277777777778,577,16,W,1,1,0,INFERIDA_DESCRICAO,57
SSRK,"CAMPO ALEGRE DE LOURDES / Campo Alegre de Lourdes, BA",aeroporto,aeroporto,SSRK,09º30'58''S,042º59'44''W,-9.516111111111112,-42.995555555555555,1519,22,W,1,1,0,INFERIDA_DESCRICAO,57
SSRL,"DEODÁPOLIS / Faz. Santa Ana, MS",aeroporto,aeroporto,SSRL,22º02'14''S,054º11'20''W,-22.037222222222223,-54.18888888888888,1001,17,W,1,1,0,INFERIDA_DESCRICAO,57
SSRM,"BONITO / Faz. São Sebastião, MS",aeroporto,aeroporto,SSRM,21º01'10''S,056º16'34''W,-21.019444444444442,-56.27611111111111,791,16,W,1,1,0,INFERIDA_DESCRICAO,57
SSRN,"RIO NEGRINHO / Aeroclube de Rio Negrinho, SC",aeroporto,aeroporto,SSRN,26º19'12''S,049º31'14''W,-26.32,-49.52055555555555,3025,19,W,1,1,0,INFERIDA_DESCRICAO,57
SSRP,"CAMPO LIMPO PAULISTA / HELPN Vitrotec, SP",heliponto,heliponto,SSRP,23º12'00''S,046º47'00''W,-23.2,-46.78333333333333,2559,21,W,1,1,0,INFERIDA_DESCRICAO,57
SSRQ,"DOM PEDRITO / Refúgio, RS",aeroporto,aeroporto,SSRQ,30º55'09''S,054º28'04''W,-30.91916666666667,-54.467777777777776,709,14,W,1,1,0,INFERIDA_DESCRICAO,57
SSRS,"RIO DO OESTE / Rancho Sumidor, SC",aeroporto,aeroporto,SSRS,27º11'31''S,049º49'53''W,-27.191944444444445,-49.831388888888895,1476,18,W,1,1,0,INFERIDA_DESCRICAO,57
SSRU,"SÃO LOURENÇO DO SUL / São Lourenço do Sul, RS",aeroporto,aeroporto,SSRU,31º23'00''S,052º01'58''W,-31.383333333333333,-52.032777777777774,28,15,W,1,1,0,INFERIDA_DESCRICAO,57
SSRX,"RIBEIRÃO CASCALHEIRA / Faz. Marruá, MT",aeroporto,aeroporto,SSRX,12º46'48''S,051º06'46''W,-12.780000000000001,-51.11277777777778,591,20,W,1,1,0,INFERIDA_DESCRICAO,57
SSRZ,"ROSÁRIO DO SUL / Rosário do Sul, RS",aeroporto,aeroporto,SSRZ,30º16'39''S,054º55'31''W,-30.2775,-54.92527777777777,348,14,W,1,1,0,INFERIDA_DESCRICAO,58
SSSA,"BELA VISTA / Faz. Sant´Anna do Apa, MS",aeroporto,aeroporto,SSSA,22º01'36''S,056º11'37''W,-22.026666666666667,-56.19361111111111,1047,16,W,1,1,0,INFERIDA_DESCRICAO,58
SSSB,"SÃO BORJA / São Borja, RS",aeroporto,aeroporto,SSSB,28º39'11''S,056º01'58''W,-28.653055555555554,-56.032777777777774,246,14,W,1,1,0,INFERIDA_DESCRICAO,58
SSSC,"SANTA CRUZ DO SUL / Santa Cruz do Sul, RS",aeroporto,aeroporto,SSSC,29º41'01''S,052º24'44''W,-29.683611111111112,-52.41222222222222,646,16,W,1,1,0,INFERIDA_DESCRICAO,58
SSSD,"SOLEDADE / Soledade, RS",aeroporto,aeroporto,SSSD,28º51'47''S,052º32'26''W,-28.863055555555558,-52.54055555555556,2165,16,W,1,1,0,INFERIDA_DESCRICAO,58
SSSE,"ARAUCÁRIA / HELPN Jihad Dehaini, PR",heliponto,heliponto,SSSE,25º34'36''S,049º23'37''W,-25.576666666666668,-49.39361111111111,2972,19,W,1,1,0,INFERIDA_DESCRICAO,58
SSSG,"SÃO GABRIEL / São Gabriel, RS",aeroporto,aeroporto,SSSG,30º20'42''S,054º16'04''W,-30.345,-54.26777777777777,472,14,W,1,1,0,INFERIDA_DESCRICAO,58
SSSH,"CORUMBÁ / Faz. Santo Inácio, MS",aeroporto,aeroporto,SSSH,19º11'57''S,057º00'40''W,-19.199166666666667,-57.01111111111111,275,16,W,1,1,0,INFERIDA_DESCRICAO,58
SSSN,"SÃO JOÃO DA BARRA / HELPN Do Açu, RJ",heliponto,heliponto,SSSN,21º47'58''S,041º01'09''W,-21.799444444444447,-41.01916666666666,13,23,W,1,1,0,INFERIDA_DESCRICAO,58
SSSS,"SÃO FRANCISCO DO SUL / São Francisco do Sul, SC",aeroporto,aeroporto,SSSS,26º13'16''S,048º33'52''W,-26.22111111111111,-48.56444444444444,49,20,W,1,1,0,INFERIDA_DESCRICAO,58
SSST,"SANTIAGO / Santiago, RS",aeroporto,aeroporto,SSST,29º12'54''S,054º50'32''W,-29.215,-54.842222222222226,1460,14,W,1,1,0,INFERIDA_DESCRICAO,58
SSSX,"CORUMBÁ / Faz. Sans Souci - Retiro Mutum, MS",aeroporto,aeroporto,SSSX,18º56'00''S,057º01'00''W,-18.933333333333334,-57.016666666666666,300,16,W,1,1,0,INFERIDA_DESCRICAO,58
SSSY,"NOVA ANDRADINA / Faz. Silvana, MS",aeroporto,aeroporto,SSSY,22º31'00''S,053º30'42''W,-22.516666666666666,-53.51166666666666,781,18,W,1,1,0,INFERIDA_DESCRICAO,58
SSSZ,"SERTANÓPOLlS / Sertanópolis, PR",aeroporto,aeroporto,SSSZ,23º03'44''S,051º00'50''W,-23.06222222222222,-51.013888888888886,1181,19,W,1,1,0,INFERIDA_DESCRICAO,58
SSTA,são sebastião,aeroporto,aeroporto,SSTA,23º48'37''S,045º24'38''W,-23.810277777777777,-45.410555555555554,,22,W,1,1,1,INFERIDA_DESCRICAO,58
SSTB,"TRÊS BARRAS / Três Barras, SC",aeroporto,aeroporto,SSTB,26º07'58''S,050º18'35''W,-26.13277777777778,-50.30972222222222,2559,19,W,1,1,0,INFERIDA_DESCRICAO,58
SSTC,"TRIUNFO / HELPN COPESUL, RS",heliponto,heliponto,SSTC,29º52'58''S,051º22'52''W,-29.88277777777778,-51.38111111111111,92,17,W,1,1,0,INFERIDA_DESCRICAO,58
SSTD,"ANDRÉ DA ROCHA / Faz. Arco de Canto, RS",aeroporto,aeroporto,SSTD,28º33'03''S,051º35'46''W,-28.550833333333333,-51.596111111111114,2311,17,W,1,1,0,INFERIDA_DESCRICAO,58
SSTF,"CORUMBÁ / Faz. Triunfo, MS",aeroporto,aeroporto,SSTF,17º52'21''S,057º07'48''W,-17.8725,-57.13,328,16,W,1,1,0,INFERIDA_DESCRICAO,58
SSTH,"BALSA NOVA / Faz. Thália, PR",aeroporto,aeroporto,SSTH,25º31'00''S,049º42'00''W,-25.516666666666666,-49.7,3346,19,W,1,1,0,INFERIDA_DESCRICAO,58
SSTJ,"TROMBUDO CENTRAL / Walter Ewaldo Siegel, SC",aeroporto,aeroporto,SSTJ,27º20'57''S,049º49'07''W,-27.349166666666665,-49.81861111111112,1289,18,W,1,1,0,INFERIDA_DESCRICAO,58
SSTK,"IGUATEMI / Faz. União de Iguatemi, MS",aeroporto,aeroporto,SSTK,23º40'58''S,054º32'23''W,-23.68277777777778,-54.53972222222222,794,17,W,1,1,0,INFERIDA_DESCRICAO,58
SSTO,"TRÊS PASSOS / Três Passos, RS",aeroporto,aeroporto,SSTO,27º30'45''S,053º53'54''W,-27.5125,-53.89833333333333,1503,16,W,1,1,0,INFERIDA_DESCRICAO,58
SSTP,"TURVELÂNDIA / Faz. Baessa, GO",aeroporto,aeroporto,SSTP,17º58'15''S,050º19'14''W,-17.97083333333333,-50.32055555555556,1591,20,W,1,1,0,INFERIDA_DESCRICAO,58
SSTQ,"PEDRA BRANCA DO AMAPARI / Silvestre, AP",aeroporto,aeroporto,SSTQ,00º53'11''N,051º52'46''W,0.8863888888888889,-51.879444444444445,459,19,W,1,1,0,INFERIDA_DESCRICAO,58
SSTR,"TORRES/TORRES (INDICADOR MODIF PARA SBTR), RS",aeroporto,aeroporto,SSTR,29º24'51''S,049º48'17''W,-29.414166666666667,-49.80472222222222,,18,W,1,1,1,INFERIDA_DESCRICAO,58
SSTS,"TAQUARUSSU / Faz. Bandeirantes, MS",aeroporto,aeroporto,SSTS,22º36'32''S,053º26'50''W,-22.60888888888889,-53.447222222222216,813,18,W,1,1,0,INFERIDA_DESCRICAO,58
SSTT,"RECIFE / HELPN Lemon Motel, PE",heliponto,heliponto,SSTT,08º04'29''S,034º54'19''W,-8.074722222222222,-34.905277777777776,13,22,W,1,1,0,INFERIDA_DESCRICAO,58
SSTU,"CAMAPUÃ / Faz. Jauru, MS",aeroporto,aeroporto,SSTU,18º43'48''S,054º06'18''W,-18.729999999999997,-54.105000000000004,1250,18,W,1,1,0,INFERIDA_DESCRICAO,58
SSTY,"CRUZEIRO DO IGUAÇU / Usina Foz do Chopim, PR",aeroporto,aeroporto,SSTY,25º33'45''S,053º10'37''W,-25.5625,-53.176944444444445,1640,17,W,1,1,0,INFERIDA_DESCRICAO,58
SSTZ,"SÃO BERNARDO DO CAMPO / HELPN SBC Trans, SP",heliponto,heliponto,SSTZ,23º41'55''S,046º33'10''W,-23.698611111111113,-46.55277777777778,2523,21,W,1,1,0,INFERIDA_DESCRICAO,58
SSUA,"SONORA / Faz. Sonora Estância, MS",aeroporto,aeroporto,SSUA,17º37'52''S,054º46'12''W,-17.63111111111111,-54.769999999999996,1575,18,W,1,1,0,INFERIDA_DESCRICAO,58
SSUC,"RIBAS DO RIO PARDO / Faz. Aurora II, MS",aeroporto,aeroporto,SSUC,21º29'28''S,053º12'14''W,-21.491111111111113,-53.20388888888889,1194,18,W,1,1,0,INFERIDA_DESCRICAO,58
SSUE,"ALÉM PARAÍBA / HELPN Faz. Cachoeirão, MG",heliponto,heliponto,SSUE,21º57'04''S,042º53'56''W,-21.95111111111111,-42.89888888888889,1286,23,W,1,1,0,INFERIDA_DESCRICAO,58
SSUG,"LEOPOLDINA / HELPN Da Aurora, MG",heliponto,heliponto,SSUG,21º27'38''S,042º41'53''W,-21.460555555555555,-42.698055555555555,499,23,W,1,1,0,INFERIDA_DESCRICAO,58
SSUJ,"MAIRINQUE / HELPN Estrada do Iate Clube, SP",heliponto,heliponto,SSUJ,23º36'26''S,047º15'47''W,-23.607222222222223,-47.26305555555555,2897,21,W,1,1,0,INFERIDA_DESCRICAO,58
SSUK,"SÃO PAULO / HELPN ITC, SP",heliponto,heliponto,SSUK,23º35'40''S,046º41'14''W,-23.594444444444445,-46.68722222222222,2625,21,W,1,1,0,INFERIDA_DESCRICAO,58
SSUL,"SÃO JOSÉ DOS PINHAIS / Ultraleve Clube de Curitiba, PR",aeroporto,aeroporto,SSUL,25º28'37''S,049º09'15''W,-25.47694444444444,-49.15416666666667,3215,19,W,1,1,0,INFERIDA_DESCRICAO,58
SSUM,"UMUARAMA / Umuarama, PR",aeroporto,aeroporto,SSUM,23º47'57''S,053º18'50''W,-23.799166666666668,-53.31388888888888,1558,17,W,1,1,0,INFERIDA_DESCRICAO,58
SSUN,"GUARULHOS / HELPN Terminal Petrobrás-Guarulhos, SP",heliponto,heliponto,SSUN,23º28'13''S,046º26'49''W,-23.470277777777778,-46.44694444444444,2474,21,W,1,1,0,INFERIDA_DESCRICAO,58
SSUO,"ARUJÁ / HELPN Unifly, SP",heliponto,heliponto,SSUO,23º24'31''S,046º19'50''W,-23.40861111111111,-46.330555555555556,2641,21,W,1,1,0,INFERIDA_DESCRICAO,58
SSUP,"RECIFE / HELPN Hospital Santa Joana, PE",heliponto,heliponto,SSUP,08º03'06''S,034º53'53''W,-8.051666666666668,-34.89805555555556,135,22,W,1,1,0,INFERIDA_DESCRICAO,58
SSUR,"SANTA RITA DO PARDO / Faz. Água Branca, MS",aeroporto,aeroporto,SSUR,21º35'01''S,052º52'20''W,-21.58361111111111,-52.87222222222222,1264,18,W,1,1,0,INFERIDA_DESCRICAO,58
SSUU,"LAGOA DA CONFUSÃO / Faz. Colorado, TO",aeroporto,aeroporto,SSUU,10º44'30''S,049º28'48''W,-10.741666666666665,-49.480000000000004,761,21,W,1,1,0,INFERIDA_DESCRICAO,58
SSUV,"UNIÃO DA VITÓRIA / União da Vitória, PR",aeroporto,aeroporto,SSUV,26º13'54''S,051º04'08''W,-26.231666666666666,-51.06888888888889,2467,18,W,1,1,0,INFERIDA_DESCRICAO,58
SSUX,"GUAÍRA / Usina Mandu, SP",aeroporto,aeroporto,SSUX,20º28'56''S,048º22'22''W,-20.48222222222222,-48.37277777777778,1597,21,W,1,1,0,INFERIDA_DESCRICAO,58
SSVA,"LADÁRIO / Faz. Visa Estância, MS",aeroporto,aeroporto,SSVA,19º03'45''S,057º37'45''W,-19.0625,-57.62916666666667,805,15,W,1,1,0,INFERIDA_DESCRICAO,58
SSVB,"NAVIRAÍ / Faz. Vaca Branca, MS",aeroporto,aeroporto,SSVB,23º04'02''S,053º49'12''W,-23.06722222222222,-53.82,1086,17,W,1,1,0,INFERIDA_DESCRICAO,58
SSVD,"QUARTO CENTENÁRIO / Faz. Alvorada, PR",aeroporto,aeroporto,SSVD,24º17'41''S,053º15'00''W,-24.294722222222223,-53.25,1312,17,W,1,1,0,INFERIDA_DESCRICAO,58
SSVE,"TACURU / Faz. Cerro Verde, MS",aeroporto,aeroporto,SSVE,23º48'46''S,055º03'28''W,-23.81277777777778,-55.05777777777777,1250,16,W,1,1,0,INFERIDA_DESCRICAO,58
SSVF,"CERQUEIRA CESAR / Rancho Donana, SP",aeroporto,aeroporto,SSVF,22º57'43''S,049º08'54''W,-22.961944444444445,-49.14833333333333,2557,20,W,1,1,0,INFERIDA_DESCRICAO,58
SSVI,"VIDEIRA / Videira, SC",aeroporto,aeroporto,SSVI,27º00'00''S,051º09'27''W,-27,-51.1575,2756,18,W,1,1,0,INFERIDA_DESCRICAO,58
SSVK,"NAVIRAÍ / Faz. Dom Arlindo, MS",aeroporto,aeroporto,SSVK,22º47'40''S,054º09'25''W,-22.794444444444448,-54.15694444444444,1299,17,W,1,1,0,INFERIDA_DESCRICAO,58
SSVL,"CAARAPÓ / Faz. Santa Claudina, MS",aeroporto,aeroporto,SSVL,22º31'18''S,054º40'40''W,-22.521666666666665,-54.67777777777778,1476,17,W,1,1,0,INFERIDA_DESCRICAO,58
SSVM,"ITAPORÃ / Faz. Santa Alaide, MS",aeroporto,aeroporto,SSVM,22º00'09''S,054º58'27''W,-22.0025,-54.97416666666667,1499,17,W,1,1,0,INFERIDA_DESCRICAO,58
SSVN,"VERANÓPOLIS / Veranópolis, RS",aeroporto,aeroporto,SSVN,28º56'06''S,051º34'06''W,-28.935,-51.568333333333335,2133,17,W,1,1,0,INFERIDA_DESCRICAO,59
SSVO,"MONÇÕES / Usina de Monções, SP",aeroporto,aeroporto,SSVO,20º52'18''S,050º07'37''W,-20.871666666666666,-50.12694444444445,1437,20,W,1,1,0,INFERIDA_DESCRICAO,59
SSVQ,"LAGUNA CARAPÃ / Faz. Serrito, MS",aeroporto,aeroporto,SSVQ,22º24'37''S,054º59'19''W,-22.410277777777775,-54.98861111111111,1510,17,W,1,1,0,INFERIDA_DESCRICAO,59
SSVU,"LASSANCE / Faz. Serra do Cabral, MG",aeroporto,aeroporto,SSVU,17º41'56''S,044º21'01''W,-17.698888888888888,-44.35027777777778,3773,23,W,1,1,0,INFERIDA_DESCRICAO,59
SSVW,"CONQUISTA D’ OESTE / Faz. Galera, MT",aeroporto,aeroporto,SSVW,14º30'47''S,059º33'25''W,-14.513055555555555,-59.55694444444444,975,15,W,1,1,0,INFERIDA_DESCRICAO,59
SSVX,"CORUMBÁ / Faz. Manduri, MS",aeroporto,aeroporto,SSVX,18º30'36''S,056º25'44''W,-18.51,-56.428888888888885,394,16,W,1,1,0,INFERIDA_DESCRICAO,59
SSVY,"PITANGUEIRAS / Faz. Três Barras, SP",aeroporto,aeroporto,SSVY,20º56'16''S,048º10'24''W,-20.93777777777778,-48.17333333333333,1575,21,W,1,1,0,INFERIDA_DESCRICAO,59
SSVZ,"RIBEIRÃO PRETO / HELPN Autovias, SP",heliponto,heliponto,SSVZ,21º09'48''S,047º45'17''W,-21.16333333333333,-47.75472222222222,1804,21,W,1,1,0,INFERIDA_DESCRICAO,59
SSWB,"RONCADOR / Faz. Sorte Grande, PR",aeroporto,aeroporto,SSWB,24º36'19''S,052º21'53''W,-24.60527777777778,-52.36472222222223,2339,18,W,1,1,0,INFERIDA_DESCRICAO,59
SSWF,"FREDERICO WESTPHALEN / Frederico Westphalen, RS",aeroporto,aeroporto,SSWF,27º20'52''S,053º24'09''W,-27.347777777777775,-53.402499999999996,1857,16,W,1,1,0,INFERIDA_DESCRICAO,59
SSWH,"SÃO CARLOS / Faz. Agropecuária Rossignolo, SP",aeroporto,aeroporto,SSWH,21º54'44''S,047º49'25''W,-21.91222222222222,-47.82361111111111,2300,21,W,1,1,0,INFERIDA_DESCRICAO,59
SSWO,"NAVIRAÍ / Faz. Santa Marta, MS",aeroporto,aeroporto,SSWO,22º57'59''S,054º04'33''W,-22.96638888888889,-54.075833333333335,1083,17,W,1,1,0,INFERIDA_DESCRICAO,59
SSWR,"RIO BRILHANTE / Faz. Campana, MS",aeroporto,aeroporto,SSWR,21º53'17''S,054º17'43''W,-21.888055555555557,-54.29527777777778,1113,17,W,1,1,0,INFERIDA_DESCRICAO,59
SSWT,"CAMBARÁ DO SUL / Cambará, RS",aeroporto,aeroporto,SSWT,28º59'59''S,050º04'34''W,-28.999722222222225,-50.07611111111112,3527,18,W,1,1,0,INFERIDA_DESCRICAO,59
SSWZ,"PRESIDENTE OLEGÁRIO / Faz. Dona Neném, MG",aeroporto,aeroporto,SSWZ,18º30'34''S,046º16'26''W,-18.509444444444444,-46.27388888888889,3458,22,W,1,1,0,INFERIDA_DESCRICAO,59
SSXD,"SARANDI / Sarandi, RS",aeroporto,aeroporto,SSXD,27º58'52''S,052º51'49''W,-27.981111111111108,-52.86361111111111,2034,16,W,1,1,0,INFERIDA_DESCRICAO,59
SSXH,"NOVA MUTUM / Faz. Jacamin, MT",aeroporto,aeroporto,SSXH,13º41'53''S,056º17'27''W,-13.698055555555555,-56.29083333333333,1099,17,W,1,1,0,INFERIDA_DESCRICAO,59
SSXI,"TABAPORÃ / Faz. Macisa, MT",aeroporto,aeroporto,SSXI,11º10'46''S,056º47'28''W,-11.179444444444444,-56.79111111111111,1201,17,W,1,1,0,INFERIDA_DESCRICAO,59
SSXK,"TAPURÁ / Faz. Alvorada do Marape, MT",aeroporto,aeroporto,SSXK,12º52'19''S,056º44'31''W,-12.871944444444445,-56.74194444444444,1001,17,W,1,1,0,INFERIDA_DESCRICAO,59
SSXL,"MIRANDA / Laguna, MS",aeroporto,aeroporto,SSXL,20º26'05''S,056º20'09''W,-20.434722222222224,-56.33583333333333,554,16,W,1,1,0,INFERIDA_DESCRICAO,59
SSXM,"JATEÍ / Faz. Guaciara, MS",aeroporto,aeroporto,SSXM,22º47'12''S,053º52'58''W,-22.78666666666667,-53.882777777777775,1443,17,W,1,1,0,INFERIDA_DESCRICAO,59
SSXN,"Altamira / Aéreo Amazônia, PA",aeroporto,aeroporto,SSXN,08º17'54''S,055º06'53''W,-8.298333333333334,-55.11472222222223,820,18,W,1,1,0,INFERIDA_DESCRICAO,59
SSXO,"PRESIDENTE CASTELO BRANCO / Pousada das Águias, PR",aeroporto,aeroporto,SSXO,23º17'20''S,052º07'45''W,-23.28888888888889,-52.12916666666667,1932,18,W,1,1,0,INFERIDA_DESCRICAO,59
SSXQ,"INOCÊNCIA / Faz. Jota III, MS",aeroporto,aeroporto,SSXQ,19º19'43''S,051º58'26''W,-19.328611111111112,-51.973888888888894,1466,19,W,1,1,0,INFERIDA_DESCRICAO,59
SSXT,"RIO DE JANEIRO / HELPN Clube CEU, RJ",heliponto,heliponto,SSXT,22º58'56''S,043º23'38''W,-22.98222222222222,-43.39388888888889,3,23,W,1,1,0,INFERIDA_DESCRICAO,59
SSXU,"TOMÉ-AÇU / Faz. FARTURA, PA",aeroporto,aeroporto,SSXU,03º09'28''S,048º32'24''W,-3.1577777777777776,-48.54,276,20,W,1,1,0,INFERIDA_DESCRICAO,59
SSXV,"NAVIRAÍ / Faz. Santa Rita, MS",aeroporto,aeroporto,SSXV,22º57'00''S,054º06'44''W,-22.95,-54.11222222222222,1201,17,W,1,1,0,INFERIDA_DESCRICAO,59
SSXW,"CHAPADÃO DO SUL / Aero Porto Dal Lago, MS",aeroporto,aeroporto,SSXW,18º48'28''S,052º36'01''W,-18.80777777777778,-52.60027777777778,2625,19,W,1,1,0,INFERIDA_DESCRICAO,59
SSXX,"XANXERÊ / Xanxerê, SC",aeroporto,aeroporto,SSXX,26º52'32''S,052º22'23''W,-26.875555555555557,-52.37305555555555,2986,17,W,1,1,0,INFERIDA_DESCRICAO,59
SSXY,"COLNIZA / Barradão, MT",aeroporto,aeroporto,SSXY,09º37'11''S,060º40'03''W,-9.619722222222222,-60.6675,459,15,W,1,1,0,INFERIDA_DESCRICAO,59
SSXZ,"ITURAMA / Faz. Santa Rosa, MG",aeroporto,aeroporto,SSXZ,19º44'51''S,050º07'45''W,-19.747500000000002,-50.12916666666667,1348,20,W,1,1,0,INFERIDA_DESCRICAO,59
SSYB,"COSTA RICA / Faz. Santa Elza, MS",aeroporto,aeroporto,SSYB,18º41'00''S,053º17'00''W,-18.683333333333334,-53.28333333333333,1762,18,W,1,1,0,INFERIDA_DESCRICAO,59
SSYD,"PAU D’ARCO / Faz. Andorinha I, TO",aeroporto,aeroporto,SSYD,07º32'53''S,049º12'29''W,-7.548055555555555,-49.20805555555556,643,21,W,1,1,0,INFERIDA_DESCRICAO,59
SSYE,"ARAPUTANGA / Faz. Roberta, MT",aeroporto,aeroporto,SSYE,15º19'15''S,058º30'06''W,-15.320833333333333,-58.501666666666665,1033,16,W,1,1,0,INFERIDA_DESCRICAO,59
SSYF,"MONTE ALEGRE DE MINAS / Faz. do Café, MG",aeroporto,aeroporto,SSYF,18º52'18''S,048º43'14''W,-18.871666666666666,-48.720555555555556,2762,21,W,1,1,0,INFERIDA_DESCRICAO,59
SSYG,"SÃO PAULO / HELPN Edifício Palladio, SP",heliponto,heliponto,SSYG,23º35'41''S,046º41'08''W,-23.59472222222222,-46.68555555555555,2589,21,W,1,1,0,INFERIDA_DESCRICAO,59
SSYH,"SÃO PAULO / HELPN Condomínio Edifício Spazio Central, SP",heliponto,heliponto,SSYH,23º33'41''S,046º39'36''W,-23.56138888888889,-46.66,2926,21,W,1,1,0,INFERIDA_DESCRICAO,59
SSYJ,"SÃO PAULO / HELPN Igreja Messiânica Mundial do Brasil, SP",heliponto,heliponto,SSYJ,23º45'43''S,046º45'20''W,-23.761944444444445,-46.75555555555555,2513,21,W,1,1,0,INFERIDA_DESCRICAO,59
SSYK,"SÃO PAULO / HELPN Hospital Alvorada, SP",heliponto,heliponto,SSYK,23º36'03''S,046º39'40''W,-23.600833333333334,-46.66111111111111,2690,21,W,1,1,0,INFERIDA_DESCRICAO,59
SSYL,"IGUATEMI / Faz. Tuju Puitan, MS",aeroporto,aeroporto,SSYL,23º20'28''S,054º34'08''W,-23.34111111111111,-54.56888888888889,1142,17,W,1,1,0,INFERIDA_DESCRICAO,59
SSYO,"CHAPADA DOS GUIMARÃES / Cachoeira Rica, MT",aeroporto,aeroporto,SSYO,15º15'45''S,055º36'53''W,-15.2625,-55.61472222222223,1155,17,W,1,1,0,INFERIDA_DESCRICAO,59
SSYQ,"CARAZINHO / Agropecuária Monte Alverne, RS",aeroporto,aeroporto,SSYQ,28º22'44''S,052º52'46''W,-28.378888888888888,-52.879444444444445,1752,16,W,1,1,0,INFERIDA_DESCRICAO,59
SSYR,"TRÊS LAGOAS / Faz. Santa Maria, MS",aeroporto,aeroporto,SSYR,20º20'52''S,052º19'24''W,-20.347777777777775,-52.32333333333334,1214,19,W,1,1,0,INFERIDA_DESCRICAO,59
SSYS,"TRÊS LAGOAS / Faz. Imbauba, MS",aeroporto,aeroporto,SSYS,19º54'32''S,052º32'11''W,-19.90888888888889,-52.53638888888889,1552,19,W,1,1,0,INFERIDA_DESCRICAO,59
SSYT,"ITAPIRANGA / Itapiranga, SC",aeroporto,aeroporto,SSYT,27º08'33''S,053º41'09''W,-27.1425,-53.68583333333333,1247,16,W,1,1,0,INFERIDA_DESCRICAO,59
SSYU,"ÁGUA CLARA / Faz. Três Pontes, MS",aeroporto,aeroporto,SSYU,19º49'37''S,052º35'12''W,-19.826944444444443,-52.586666666666666,1621,19,W,1,1,0,INFERIDA_DESCRICAO,59
SSYV,"ÁGUA CLARA / Faz. Progresso, MS",aeroporto,aeroporto,SSYV,19º43'35''S,052º51'05''W,-19.726388888888888,-52.85138888888889,1650,19,W,1,1,0,INFERIDA_DESCRICAO,59
SSYW,"COXIM / Terra Forte, MS",aeroporto,aeroporto,SSYW,18º16'06''S,054º46'57''W,-18.26833333333333,-54.7825,1460,18,W,1,1,0,INFERIDA_DESCRICAO,59
SSYX,"ANÁPOLIS / HELPN Neo Química, GO",heliponto,heliponto,SSYX,16º24'10''S,048º57'51''W,-16.402777777777775,-48.96416666666667,3750,21,W,1,1,0,INFERIDA_DESCRICAO,59
SSYY,"COSTA RICA / Faz. Fundãozinho, MS",aeroporto,aeroporto,SSYY,18º57'04''S,053º08'58''W,-18.95111111111111,-53.14944444444444,1923,18,W,1,1,0,INFERIDA_DESCRICAO,59
SSYZ,"ARAL MOREIRA / Faz. Procomp II, MS",aeroporto,aeroporto,SSYZ,22º51'04''S,055º23'46''W,-22.851111111111113,-55.39611111111111,2080,16,W,1,1,0,INFERIDA_DESCRICAO,59
SSZC,"COXIM / Faz. Lambari, MS",aeroporto,aeroporto,SSZC,18º01'11''S,055º00'03''W,-18.01972222222222,-55.00083333333333,590,17,W,1,1,0,INFERIDA_DESCRICAO,59
SSZD,"MOSSORÓ / HELPN Aficel, RN",heliponto,heliponto,SSZD,05º07'00''S,037º20'36''W,-5.116666666666666,-37.343333333333334,33,21,W,1,1,0,INFERIDA_DESCRICAO,59
SSZF,"CORUMBÁ / Faz. Santa Gertrudes, MS",aeroporto,aeroporto,SSZF,18º28'40''S,056º01'18''W,-18.477777777777778,-56.02166666666667,150,17,W,1,1,0,INFERIDA_DESCRICAO,59
SSZG,"ÁGUA CLARA / Faz. São João, MS",aeroporto,aeroporto,SSZG,19º15'26''S,052º53'47''W,-19.25722222222222,-52.896388888888886,1575,19,W,1,1,0,INFERIDA_DESCRICAO,60
SSZH,"TACURU / Faz. Procomp I, MS",aeroporto,aeroporto,SSZH,23º38'46''S,054º42'53''W,-23.64611111111111,-54.71472222222223,928,16,W,1,1,0,INFERIDA_DESCRICAO,60
SSZI,"MARECHAL DEODORO / HELPN Condomínio Laguna, AL",heliponto,heliponto,SSZI,09º42'10''S,035º48'02''W,-9.702777777777778,-35.800555555555555,6,23,W,1,1,0,INFERIDA_DESCRICAO,60
SSZJ,"PEDRO GOMES / Faz. Torrão de Ouro, MS",aeroporto,aeroporto,SSZJ,18º10'39''S,054º29'42''W,-18.177500000000002,-54.495,899,18,W,1,1,0,INFERIDA_DESCRICAO,60
SSZK,"CARACOL / São Carlos, MS",aeroporto,aeroporto,SSZK,22º12'53''S,057º18'23''W,-22.21472222222222,-57.30638888888888,410,15,W,1,1,0,INFERIDA_DESCRICAO,60
SSZL,"BRASILÂNDIA / Faz. Córrego Azul, MS",aeroporto,aeroporto,SSZL,21º27'16''S,052º10'07''W,-21.454444444444444,-52.16861111111111,994,19,W,1,1,0,INFERIDA_DESCRICAO,60
SSZM,"CORUMBÁ / Reserva Acurizal, MS",aeroporto,aeroporto,SSZM,17º49'51''S,057º33'06''W,-17.830833333333334,-57.55166666666666,377,16,W,1,1,0,INFERIDA_DESCRICAO,60
SSZN,"PRUDENTÓPOLIS / Prudentópolis, PR",aeroporto,aeroporto,SSZN,25º10'55''S,050º55'25''W,-25.181944444444447,-50.92361111111111,2451,18,W,1,1,0,INFERIDA_DESCRICAO,60
SSZP,"JATEÍ / Faz. Santa Adriana, MS",aeroporto,aeroporto,SSZP,22º41'46''S,054º12'57''W,-22.69611111111111,-54.215833333333336,1499,17,W,1,1,0,INFERIDA_DESCRICAO,60
SSZQ,"BELA VISTA / Faz. Panorama, MS",aeroporto,aeroporto,SSZQ,22º02'40''S,056º16'07''W,-22.044444444444448,-56.26861111111111,1197,16,W,1,1,0,INFERIDA_DESCRICAO,60
SSZR,"SANTA ROSA / Santa Rosa, RS",aeroporto,aeroporto,SSZR,27º54'32''S,054º31'20''W,-27.90888888888889,-54.52222222222222,984,15,W,1,1,0,INFERIDA_DESCRICAO,60
SSZT,"ÁGUAS DE SANTA BÁRBARA / Faz. São João, SP",aeroporto,aeroporto,SSZT,22º47'39''S,049º20'28''W,-22.79416666666667,-49.34111111111111,2146,20,W,1,1,0,INFERIDA_DESCRICAO,60
SSZV,"SERRA NOVA DOURADA / Faz. Bordolândia, MT",aeroporto,aeroporto,SSZV,12º03'43''S,051º31'59''W,-12.061944444444444,-51.533055555555556,1066,20,W,1,1,0,INFERIDA_DESCRICAO,60
SSZW,"PONTA GROSSA / Ponta Grossa, PR",aeroporto,aeroporto,SSZW,25º11'16''S,050º08'40''W,-25.18777777777778,-50.144444444444446,2588,19,W,1,1,0,INFERIDA_DESCRICAO,60
SSZX,"PARANAÍBA / Faz. Lapa do Lobo, MS",aeroporto,aeroporto,SSZX,19º31'38''S,050º58'13''W,-19.52722222222222,-50.97027777777778,1446,20,W,1,1,0,INFERIDA_DESCRICAO,60
SSZZ,"SONORA / Faz. Thauá, MS",aeroporto,aeroporto,SSZZ,17º42'47''S,054º24'32''W,-17.713055555555556,-54.40888888888889,2024,18,W,1,1,0,INFERIDA_DESCRICAO,60
ST.DIM,ST. DIMITRIOS,waypoint,,,20º23'05''S,040º11'40''W,-20.384722222222223,-40.19444444444444,0,24,W,1,0,0,INFERIDA_DESCRICAO,60
SUMU,"Carrasco Internacional, Montevideu, URU",aeroporto,aeroporto,SUMU,34º50'16''S,056º01'49''W,-34.83777777777778,-56.030277777777776,0,10,W,1,1,0,INFERIDA_DESCRICAO,60
SUNR,NAVIO / Sunrise 2000,plataforma,plataforma,9PRS,24º18'10''S,042º43'30''W,-24.302777777777777,-42.725,0,23,W,1,1,0,INFERIDA_DESCRICAO,60
SURU,RIO SURUI SOBREVOO,waypoint,,,22º40'16''S,043º07'59''W,-22.671111111111113,-43.13305555555556,0,22,W,1,0,0,INFERIDA_DESCRICAO,60
SVPF,Seven Pacific,plataforma,plataforma,9PZS,25º28'00''S,043º55'00''W,-25.466666666666665,-43.916666666666664,95,23,W,1,1,0,INFERIDA_DESCRICAO,60
SWAA,"NOVA CRIXÁS / Faz. Ykaraí, GO",aeroporto,aeroporto,SWAA,14º32'38''S,050º35'34''W,-14.543888888888889,-50.59277777777778,896,20,W,1,1,0,INFERIDA_DESCRICAO,60
SWAE,"ALTO ALEGRE / Uaicas, RR",aeroporto,aeroporto,SWAE,03º32'42''N,063º10'56''W,3.545,-63.18222222222222,1083,14,W,1,1,0,INFERIDA_DESCRICAO,60
SWAF,"RONDONÓPOLlS / Agroer Aviação Agrícola, MT",aeroporto,aeroporto,SWAF,16º29'02''S,054º40'02''W,-16.483888888888888,-54.66722222222222,827,18,W,1,1,0,INFERIDA_DESCRICAO,60
SWAH,"ARIPUANÃ / Agropecuária Floresta São Joaquim LTDA, MT",aeroporto,aeroporto,SWAH,10º08'30''S,060º39'10''W,-10.141666666666666,-60.65277777777778,325,15,W,1,1,0,INFERIDA_DESCRICAO,60
SWAK,"SÃO GABRIEL DA CACHOEIRA / Assunção do lçana, AM",aeroporto,aeroporto,SWAK,01º03'59''N,067º36'02''W,1.0663888888888888,-67.60055555555554,492,11,W,1,1,0,INFERIDA_DESCRICAO,60
SWAN,"ARENÁPOLIS / Arenápolis, MT",aeroporto,aeroporto,SWAN,14º30'01''S,057º01'02''W,-14.500277777777777,-57.01722222222222,1329,17,W,1,1,0,INFERIDA_DESCRICAO,60
SWAO,"SÃO GABRIEL DA CACHOEIRA / Anamoim, AM",aeroporto,aeroporto,SWAO,01º47'59''N,067º23'02''W,1.799722222222222,-67.38388888888889,335,11,W,1,1,0,INFERIDA_DESCRICAO,60
SWAP,"BARRA DO BUGRES / Faz. Apemag, MT",aeroporto,aeroporto,SWAP,15º20'01''S,057º19'02''W,-15.33361111111111,-57.31722222222223,951,16,W,1,1,0,INFERIDA_DESCRICAO,60
SWAQ,"BOA VISTA / Érico, RR",aeroporto,aeroporto,SWAQ,03º45'48''N,062º24'34''W,3.763333333333333,-62.409444444444446,689,14,W,1,1,0,INFERIDA_DESCRICAO,60
SWAR,"CANARANA / Faz. Aruanã, MT",aeroporto,aeroporto,SWAR,13º04'58''S,051º35'11''W,-13.082777777777778,-51.58638888888889,968,20,W,1,1,0,INFERIDA_DESCRICAO,60
SWAS,"BRASÍLIA / HELPN Telebrás I, DF",heliponto,heliponto,SWAS,15º48'22''S,047º53'01''W,-15.806111111111111,-47.88361111111111,3661,21,W,1,1,0,INFERIDA_DESCRICAO,60
SWAT,"ALTO ARAGUAIA / Faz. Cachoeira, MT",aeroporto,aeroporto,SWAT,17º05'21''S,053º19'54''W,-17.089166666666664,-53.33166666666667,2795,19,W,1,1,0,INFERIDA_DESCRICAO,60
SWAU,"PIRAJUBA / Faz. Nossa Senhora Aparecida, MG",aeroporto,aeroporto,SWAU,19º56'47''S,048º34'44''W,-19.94638888888889,-48.57888888888889,2592,21,W,1,1,0,INFERIDA_DESCRICAO,60
SWAV,"DIAMANTINO / Faz. Água Verde, MT",aeroporto,aeroporto,SWAV,14º04'22''S,057º27'17''W,-14.072777777777777,-57.45472222222222,2037,16,W,1,1,0,INFERIDA_DESCRICAO,60
SWAW,"BRASÍLIA / HELPN Telebrás II, DF",heliponto,heliponto,SWAW,15º48'22''S,047º52'57''W,-15.806111111111111,-47.8825,3661,21,W,1,1,0,INFERIDA_DESCRICAO,60
SWAZ,"SÃO GABRIEL DA CACHOEIRA / Santo Atanázio, AM",aeroporto,aeroporto,SWAZ,00º23'59''N,069º18'02''W,0.39972222222222226,-69.30055555555555,394,10,W,1,1,0,INFERIDA_DESCRICAO,60
SWBA,"BURITI ALEGRE / Buriti Alegre, GO",aeroporto,aeroporto,SWBA,18º07'32''S,049º02'34''W,-18.125555555555557,-49.04277777777778,2848,21,W,1,1,0,INFERIDA_DESCRICAO,60
SWBC,"BARCELOS / Barcelos, AM",aeroporto,aeroporto,SWBC,00º58'52''S,062º55'10''W,-0.9811111111111112,-62.919444444444444,112,14,W,1,1,0,INFERIDA_DESCRICAO,60
SWBG,"PONTES E LACERDA / União do Vale, MT",aeroporto,aeroporto,SWBG,15º12'00''S,059º23'14''W,-15.2,-59.38722222222222,869,15,W,1,1,0,INFERIDA_DESCRICAO,60
SWBI,"BARREIRINHA / Barreirinha, AM",aeroporto,aeroporto,SWBI,02º47'46''S,057º03'22''W,-2.796111111111111,-57.05611111111111,69,17,W,1,1,0,INFERIDA_DESCRICAO,60
SWBJ,"CANARANA / Faz. ltarema, MT",aeroporto,aeroporto,SWBJ,13º15'18''S,052º02'24''W,-13.255,-52.04,1339,20,W,1,1,0,INFERIDA_DESCRICAO,60
SWBO,"CAMPOS VERDES / Faz. São João, GO",aeroporto,aeroporto,SWBO,14º16'29''S,049º38'57''W,-14.274722222222223,-49.649166666666666,1542,21,W,1,1,0,INFERIDA_DESCRICAO,60
SWBP,"GOIÂNIA / HELPN 1º BPM, GO",heliponto,heliponto,SWBP,16º30'49''S,049º15'04''W,-16.51361111111111,-49.25111111111111,2264,21,W,1,1,0,INFERIDA_DESCRICAO,60
SWBR,"BORBA / Borba, AM",aeroporto,aeroporto,SWBR,04º24'31''S,059º35'52''W,-4.408611111111111,-59.59777777777778,295,16,W,1,1,0,INFERIDA_DESCRICAO,60
SWBV,"BOA VISTA / Auaris, RR",aeroporto,aeroporto,SWBV,04º00'59''N,064º31'07''W,4.016388888888889,-64.51861111111111,2336,13,W,1,1,0,INFERIDA_DESCRICAO,60
SWBX,"ITIQUIRA / Faz. Santo Antônio do Paraíso, MT",aeroporto,aeroporto,SWBX,17º29'28''S,055º13'42''W,-17.491111111111113,-55.22833333333333,649,17,W,1,1,0,INFERIDA_DESCRICAO,60
SWBY,"BOM JESUS DE GOIÁS / Faz. Goiasa, GO",aeroporto,aeroporto,SWBY,18º03'02''S,049º42'02''W,-18.050555555555555,-49.70055555555556,1820,20,W,1,1,0,INFERIDA_DESCRICAO,60
SWBZ,"SORRISO / JPO, MT",aeroporto,aeroporto,SWBZ,12º36'19''S,055º45'53''W,-12.605277777777777,-55.764722222222225,1155,18,W,1,1,0,INFERIDA_DESCRICAO,60
SWCA,"CARAUARI / Carauari, AM",aeroporto,aeroporto,SWCA,04º52'43''S,066º53'44''W,-4.878611111111112,-66.89555555555556,355,11,W,1,1,0,INFERIDA_DESCRICAO,60
SWCB,"CAMPOS BELOS / Campos Belos, GO",aeroporto,aeroporto,SWCB,13º00'32''S,046º46'29''W,-13.008888888888889,-46.77472222222222,2198,22,W,1,1,0,INFERIDA_DESCRICAO,60
SWCC,"COMODORO / Faz. Curitiba, MT",aeroporto,aeroporto,SWCC,13º37'22''S,060º36'09''W,-13.622777777777777,-60.6025,705,14,W,1,1,0,INFERIDA_DESCRICAO,60
SWCE,"SANTO ANTÔNIO DO LEVERGER / Faz. Cedro, MT",aeroporto,aeroporto,SWCE,16º11'52''S,055º23'42''W,-16.197777777777777,-55.394999999999996,2310,17,W,1,1,0,INFERIDA_DESCRICAO,60
SWCF,"COMODORO / Faz. Confap, MT",aeroporto,aeroporto,SWCF,13º43'49''S,060º28'43''W,-13.730277777777777,-60.478611111111114,673,14,W,1,1,0,INFERIDA_DESCRICAO,60
SWCG,"CAÇU / Faz. Varjão Grande, GO",aeroporto,aeroporto,SWCG,18º29'32''S,051º17'58''W,-18.492222222222225,-51.29944444444444,2060,20,W,1,1,0,INFERIDA_DESCRICAO,60
SWCK,"CANARANA / Faz. Cocal, MT",aeroporto,aeroporto,SWCK,12º41'01''S,052º43'02''W,-12.68361111111111,-52.717222222222226,984,19,W,1,1,0,INFERIDA_DESCRICAO,61
SWCM,"ÁGUA BOA / Faz. Couto Magalhães, MT",aeroporto,aeroporto,SWCM,13º59'25''S,052º55'37''W,-13.990277777777777,-52.926944444444445,1378,19,W,1,1,0,INFERIDA_DESCRICAO,61
SWCN,"COCALINHO / Faz. Saudade, MT",aeroporto,aeroporto,SWCN,14º08'36''S,051º00'54''W,-14.143333333333333,-51.015,784,20,W,1,1,0,INFERIDA_DESCRICAO,61
SWCO,"COCALINHO / Faz. Continental, MT",aeroporto,aeroporto,SWCO,14º42'56''S,051º12'35''W,-14.715555555555556,-51.209722222222226,919,20,W,1,1,0,INFERIDA_DESCRICAO,61
SWCP,"CAMPO NOVO DO PARECIS / Campo Novo do Parecis, MT",aeroporto,aeroporto,SWCP,13º38'43''S,057º55'35''W,-13.645277777777777,-57.92638888888889,1818,16,W,1,1,0,INFERIDA_DESCRICAO,61
SWCQ,"COSTA MARQUES / Costa Marques, RO",aeroporto,aeroporto,SWCQ,12º25'18''S,064º15'06''W,-12.421666666666667,-64.25166666666667,555,12,W,1,1,0,INFERIDA_DESCRICAO,61
SWCT,"POCONÉ / Complexo Turístico S. R. Pantanal Hotéis LTDA, MT",aeroporto,aeroporto,SWCT,17º22'05''S,056º47'05''W,-17.368055555555557,-56.78472222222222,334,16,W,1,1,0,INFERIDA_DESCRICAO,61
SWCU,"FORMOSO DO ARAGUAIA / Faz. Canuanã, TO",aeroporto,aeroporto,SWCU,11º58'39''S,049º54'29''W,-11.977500000000001,-49.908055555555556,787,21,W,1,1,0,INFERIDA_DESCRICAO,61
SWCV,"VILA BELA DA S.S. TRINDADE / Casalvasco, MT",aeroporto,aeroporto,SWCV,15º29'22''S,060º05'08''W,-15.489444444444443,-60.08555555555556,676,14,W,1,1,0,INFERIDA_DESCRICAO,61
SWCW,"CAVALCANTE / Cavalcante, GO",aeroporto,aeroporto,SWCW,13º45'58''S,047º25'43''W,-13.766111111111112,-47.42861111111111,2625,22,W,1,1,0,INFERIDA_DESCRICAO,61
SWCX,"CABIXI / Cabixi, MT",aeroporto,aeroporto,SWCX,13º42'01''S,060º42'02''W,-13.700277777777776,-60.70055555555556,1247,14,W,1,1,0,INFERIDA_DESCRICAO,61
SWCY,"NOVA MARINGÁ / Faz. Aparecida do Norte, MT",aeroporto,aeroporto,SWCY,12º50'41''S,056º58'37''W,-12.844722222222222,-56.97694444444445,1004,17,W,1,1,0,INFERIDA_DESCRICAO,61
SWDB,"BARRA DO GARÇAS / Faz. Eldorado, MT",aeroporto,aeroporto,SWDB,15º34'37''S,052º13'08''W,-15.576944444444445,-52.21888888888889,1086,19,W,1,1,0,INFERIDA_DESCRICAO,61
SWDE,"SÃO MIGUEL DO ARAGUAIA / Faz. Piratininga, GO",aeroporto,aeroporto,SWDE,12º49'19''S,050º19'56''W,-12.821944444444444,-50.33222222222223,722,20,W,1,1,0,INFERIDA_DESCRICAO,61
SWDF,"NOVO MUNDO / Faz. Braço Forte, MT",aeroporto,aeroporto,SWDF,09º31'30''S,055º02'32''W,-9.525,-55.04222222222222,1417,18,W,1,1,0,INFERIDA_DESCRICAO,61
SWDG,"REGINÓPOLIS / Faz. São José, SP",aeroporto,aeroporto,SWDG,21º44'40''S,049º09'53''W,-21.744444444444447,-49.164722222222224,1509,20,W,1,1,0,INFERIDA_DESCRICAO,61
SWDI,"PEIXE / Dois Irmãos, TO",aeroporto,aeroporto,SWDI,11º44'01''S,049º20'02''W,-11.73361111111111,-49.33388888888889,771,21,W,1,1,0,INFERIDA_DESCRICAO,61
SWDJ,"BARRA DO GARÇAS / Faz. Duas Âncoras – Seção JAÓ, MT",aeroporto,aeroporto,SWDJ,14º51'27''S,052º02'12''W,-14.8575,-52.03666666666666,886,20,W,1,1,0,INFERIDA_DESCRICAO,61
SWDK,"COLORADO D´OESTE/ Faz. Dona Olga, RO",aeroporto,aeroporto,SWDK,13º01'11''S,061º10'07''W,-13.019722222222223,-61.16861111111111,680,14,W,1,1,0,INFERIDA_DESCRICAO,61
SWDM,"DIAMANTINO / Diamantino, MT",aeroporto,aeroporto,SWDM,14º22'37''S,056º24'02''W,-14.376944444444446,-56.400555555555556,1476,17,W,1,1,0,INFERIDA_DESCRICAO,61
SWDN,"DIANÓPOLlS / Dianópolis, TO",aeroporto,aeroporto,SWDN,11º37'01''S,046º51'02''W,-11.616944444444444,-46.85055555555556,2001,22,W,1,1,0,INFERIDA_DESCRICAO,61
SWDO,"ROSÁRIO DO OESTE / Rosário do Oeste, MT",aeroporto,aeroporto,SWDO,14º49'01''S,056º25'02''W,-14.816944444444443,-56.41722222222222,699,17,W,1,1,0,INFERIDA_DESCRICAO,61
SWDQ,"SANTO ANTÔNlO DO LEVERGER / Faz. Saltos do Poente, MT",aeroporto,aeroporto,SWDQ,16º26'09''S,055º16'16''W,-16.435833333333335,-55.27111111111111,1352,18,W,1,1,0,INFERIDA_DESCRICAO,61
SWDS,"PONTES E LACERDA / Favo de Mel, MT",aeroporto,aeroporto,SWDS,15º39'39''S,059º18'20''W,-15.660833333333334,-59.30555555555555,846,15,W,1,1,0,INFERIDA_DESCRICAO,61
SWDT,"DIAMANTINO / Faz. Pioneira, MT",aeroporto,aeroporto,SWDT,14º17'01''S,057º42'02''W,-14.28361111111111,-57.70055555555556,2178,16,W,1,1,0,INFERIDA_DESCRICAO,61
SWDU,SW DUCHESS,plataforma,plataforma,9PWE,22º57'00''S,040º50'00''W,-22.95,-40.833333333333336,0,22,W,1,1,0,INFERIDA_DESCRICAO,61
SWDY,"NOVA CRIXÁS / Faz. Agua Fria, GO",aeroporto,aeroporto,SWDY,14º45'17''S,050º22'39''W,-14.754722222222222,-50.3775,1175,20,W,1,1,0,INFERIDA_DESCRICAO,61
SWDZ,"INDIAVAÍ / Faz. Água Limpa, MT",aeroporto,aeroporto,SWDZ,15º17'22''S,058º31'49''W,-15.289444444444444,-58.530277777777776,1181,16,W,1,1,0,INFERIDA_DESCRICAO,61
SWEC,"ARAGARÇAS / Estância das Cascatas, GO",aeroporto,aeroporto,SWEC,15º54'09''S,052º05'55''W,-15.9025,-52.09861111111111,1017,19,W,1,1,0,INFERIDA_DESCRICAO,61
SWED,"ARAPOEMA / Faz. Eldorado, TO",aeroporto,aeroporto,SWED,07º45'26''S,049º07'18''W,-7.7572222222222225,-49.12166666666667,686,21,W,1,1,0,INFERIDA_DESCRICAO,61
SWEE,"ATALAIA DO NORTE / Estirão do Equador, AM",aeroporto,aeroporto,SWEE,04º31'43''S,071º33'56''W,-4.528611111111111,-71.56555555555555,98,7,W,1,1,0,INFERIDA_DESCRICAO,61
SWEF,"COCALINHO / Faz. Europa, MT",aeroporto,aeroporto,SWEF,14º49'16''S,051º09'12''W,-14.821111111111112,-51.15333333333333,899,20,W,1,1,0,INFERIDA_DESCRICAO,61
SWEG,"BARÃO DE MELGAÇO / Faz. Duas Marias, MT",aeroporto,aeroporto,SWEG,16º50'00''S,055º40'09''W,-16.833333333333332,-55.66916666666666,446,17,W,1,1,0,INFERIDA_DESCRICAO,61
SWEI,"EIRUNEPÉ / Eirunepé, AM",aeroporto,aeroporto,SWEI,06º38'15''S,069º52'59''W,-6.637499999999999,-69.88305555555554,412,8,W,1,1,0,INFERIDA_DESCRICAO,61
SWEJ,"BARÃO DE MELGAÇO / Faz. Marazul, MT",aeroporto,aeroporto,SWEJ,16º32'20''S,055º55'06''W,-16.53888888888889,-55.91833333333333,479,17,W,1,1,0,INFERIDA_DESCRICAO,61
SWEK,"CANARANA / Canarana, MT",aeroporto,aeroporto,SWEK,13º34'28''S,052º16'14''W,-13.574444444444444,-52.27055555555555,1314,19,W,1,1,0,INFERIDA_DESCRICAO,61
SWEL,"BARRA DO GARÇAS / Faz. Santa Eulália, MT",aeroporto,aeroporto,SWEL,15º03'00''S,051º55'00''W,-15.05,-51.916666666666664,853,20,W,1,1,0,INFERIDA_DESCRICAO,61
SWEN,"ALTA FLORESTA / Estância Recanto, MT",aeroporto,aeroporto,SWEN,09º56'31''S,056º06'02''W,-9.941944444444445,-56.10055555555556,1017,18,W,1,1,0,INFERIDA_DESCRICAO,61
SWEO,"RORAINÓPOLIS / Itapara Sport Fishing, RR",aeroporto,aeroporto,SWEO,00º12'35''N,061º33'00''W,0.20972222222222223,-61.55,262,15,W,1,1,0,INFERIDA_DESCRICAO,61
SWEQ,"BARÃO DE MELGAÇO / Faz. Marazul III, MT",aeroporto,aeroporto,SWEQ,16º35'29''S,055º59'12''W,-16.591388888888886,-55.986666666666665,505,17,W,1,1,0,INFERIDA_DESCRICAO,61
SWER,"CUIABÁ / Estância Santana, MT",aeroporto,aeroporto,SWER,15º28'11''S,056º03'48''W,-15.469722222222222,-56.06333333333333,801,17,W,1,1,0,INFERIDA_DESCRICAO,61
SWES,"BRASÍLIA / HELPN ESAT Aerotáxi, DF",heliponto,heliponto,SWES,15º47'28''S,047º53'42''W,-15.79111111111111,-47.894999999999996,3678,21,W,1,1,0,INFERIDA_DESCRICAO,61
SWEW,"PORTO ESPERIDIÃO / Faz. Felicidade, MT",aeroporto,aeroporto,SWEW,15º50'32''S,058º37'54''W,-15.842222222222222,-58.63166666666667,656,15,W,1,1,0,INFERIDA_DESCRICAO,61
SWEX,"PEDRA PRETA / Faz. Santa Escolástica, MT",aeroporto,aeroporto,SWEX,16º50'48''S,054º27'32''W,-16.846666666666664,-54.45888888888889,1145,18,W,1,1,0,INFERIDA_DESCRICAO,61
SWEY,"SANTA TEREZA DE GOIAS / Faz. Santa Fé, GO",aeroporto,aeroporto,SWEY,13º32'06''S,048º54'06''W,-13.535,-48.901666666666664,1197,21,W,1,1,0,INFERIDA_DESCRICAO,61
SWEZ,"JANGADA / Faz. Santa Rita de Cássia, MT",aeroporto,aeroporto,SWEZ,15º15'01''S,056º28'52''W,-15.250277777777777,-56.48111111111111,666,17,W,1,1,0,INFERIDA_DESCRICAO,61
SWFA,"CRISTALINA / Faz. Pamplona, GO",aeroporto,aeroporto,SWFA,16º15'02''S,047º37'02''W,-16.250555555555554,-47.617222222222225,3281,21,W,1,1,0,INFERIDA_DESCRICAO,61
SWFC,"JUSCIMEIRA / Faz. Colorado, MT",aeroporto,aeroporto,SWFC,16º10'02''S,054º50'34''W,-16.16722222222222,-54.84277777777778,1191,18,W,1,1,0,INFERIDA_DESCRICAO,61
SWFD,"BRASNORTE / Faz. Tombador, MT",aeroporto,aeroporto,SWFD,11º43'00''S,058º02'53''W,-11.716666666666667,-58.04805555555556,863,16,W,1,1,0,INFERIDA_DESCRICAO,61
SWFF,"SINOP / Faz. Figueira Branca, MT",aeroporto,aeroporto,SWFF,10º43'25''S,054º50'18''W,-10.723611111111111,-54.83833333333334,1001,18,W,1,1,0,INFERIDA_DESCRICAO,61
SWFG,"BARRA DO GARÇAS / Faz. Guanabara, MT",aeroporto,aeroporto,SWFG,12º01'48''S,051º40'39''W,-12.030000000000001,-51.677499999999995,1116,20,W,1,1,0,INFERIDA_DESCRICAO,61
SWFH,"ARAGUACEMA / Faz. Manchete, TO",aeroporto,aeroporto,SWFH,09º44'49''S,049º58'51''W,-9.746944444444443,-49.98083333333334,640,20,W,1,1,0,INFERIDA_DESCRICAO,61
SWFJ,"FEIJÓ / Feijó, AC",aeroporto,aeroporto,SWFJ,08º10'01''S,070º21'02''W,-8.166944444444443,-70.35055555555554,394,8,W,1,1,0,INFERIDA_DESCRICAO,61
SWFK,"PADRE BERNARDO / Faz. Juquei Agropecuária, GO",aeroporto,aeroporto,SWFK,15º04'29''S,048º14'19''W,-15.074722222222222,-48.23861111111111,2297,21,W,1,1,0,INFERIDA_DESCRICAO,61
SWFL,"SANTA TEREZINHA / Faz. Peixe Bravo, MT",aeroporto,aeroporto,SWFL,10º07'01''S,050º25'02''W,-10.116944444444444,-50.41722222222222,656,20,W,1,1,0,INFERIDA_DESCRICAO,62
SWFN,"MANAUS / Flores, AM",aeroporto,aeroporto,SWFN,03º04'22''S,060º01'16''W,-3.072777777777778,-60.02111111111111,203,16,W,1,1,0,INFERIDA_DESCRICAO,62
SWFO,"JANGADA / Faz. Bocaina, MT",aeroporto,aeroporto,SWFO,15º20'47''S,056º42'40''W,-15.346388888888889,-56.711111111111116,1037,17,W,1,1,0,INFERIDA_DESCRICAO,62
SWFP,"PORTO ALEGRE DO NORTE / Faz. Paraíso, MT",aeroporto,aeroporto,SWFP,10º38'20''S,052º01'57''W,-10.63888888888889,-52.0325,984,20,W,1,1,0,INFERIDA_DESCRICAO,62
SWFQ,"PORTO NACIONAL / Faz. Alvorada, TO",aeroporto,aeroporto,SWFQ,10º24'01''S,048º40'02''W,-10.400277777777777,-48.66722222222222,943,21,W,1,1,0,INFERIDA_DESCRICAO,62
SWFR,"FORMOSA / Formosa, GO",aeroporto,aeroporto,SWFR,15º33'22''S,047º20'43''W,-15.556111111111111,-47.34527777777778,3166,22,W,1,1,0,INFERIDA_DESCRICAO,62
SWFS,"SINOP / Faz. Sucuri, MT",aeroporto,aeroporto,SWFS,13º31'53''S,054º56'02''W,-13.53138888888889,-54.93388888888889,1575,18,W,1,1,0,INFERIDA_DESCRICAO,62
SWFT,"PIRANHAS / Faz. Santa Márcia, GO",aeroporto,aeroporto,SWFT,16º34'51''S,052º08'33''W,-16.580833333333334,-52.1425,2822,19,W,1,1,0,INFERIDA_DESCRICAO,62
SWFU,"FORTUNA / Fortuna, MT",aeroporto,aeroporto,SWFU,16º10'01''S,059º30'02''W,-16.166944444444447,-59.50055555555556,866,15,W,1,1,0,INFERIDA_DESCRICAO,62
SWFW,"BARRA DO GARÇAS / Faz. Jangada, MT",aeroporto,aeroporto,SWFW,14º43'02''S,051º54'32''W,-14.717222222222222,-51.90888888888889,919,20,W,1,1,0,INFERIDA_DESCRICAO,62
SWFX,"SÃO FÉLIX DO ARAGUAIA / São Félix do Araguaia, MT",aeroporto,aeroporto,SWFX,11º37'55''S,050º41'18''W,-11.631944444444445,-50.68833333333333,650,20,W,1,1,0,INFERIDA_DESCRICAO,62
SWGE,"BARÃO DE MELGAÇO / Faz. Pirigara, MT",aeroporto,aeroporto,SWGE,17º00'26''S,056º28'41''W,-17.00722222222222,-56.47805555555556,344,17,W,1,1,0,INFERIDA_DESCRICAO,62
SWGH,"CÁCERES / Faz. Primavera, MT",aeroporto,aeroporto,SWGH,16º14'17''S,057º37'12''W,-16.238055555555558,-57.62,1299,16,W,1,1,0,INFERIDA_DESCRICAO,62
SWGI,"GURUPI / Gurupi, TO",aeroporto,aeroporto,SWGI,11º44'21''S,049º07'56''W,-11.739166666666666,-49.132222222222225,1148,21,W,1,1,0,INFERIDA_DESCRICAO,62
SWGK,"RIBEIRÃO CASCALHEIRA / Faz. Sete Barras, MT",aeroporto,aeroporto,SWGK,12º33'35''S,051º41'19''W,-12.559722222222224,-51.68861111111111,801,20,W,1,1,0,INFERIDA_DESCRICAO,62
SWGM,"CHAPADA DOS GUIMARÃES / Ninho das Águias, MT",aeroporto,aeroporto,SWGM,15º29'24''S,055º48'53''W,-15.489999999999998,-55.81472222222222,2464,17,W,1,1,0,INFERIDA_DESCRICAO,62
SWGN,"ARAGUAÍNA / Araguaína, TO",aeroporto,aeroporto,SWGN,07º13'42''S,048º14'27''W,-7.2283333333333335,-48.240833333333335,771,21,W,1,1,0,INFERIDA_DESCRICAO,62
SWGO,"GOIANÉSIA / Goianésia, GO",aeroporto,aeroporto,SWGO,15º20'24''S,049º08'10''W,-15.34,-49.13611111111111,2303,21,W,1,1,0,INFERIDA_DESCRICAO,62
SWGP,"PALMEIRAS DE GOIÁS / Palmeiras de Goiás, GO",aeroporto,aeroporto,SWGP,16º49'37''S,049º52'46''W,-16.826944444444443,-49.879444444444445,1995,20,W,1,1,0,INFERIDA_DESCRICAO,62
SWGQ,"NOVA OLÍMPIA / Faz. Monte Alegre, MT",aeroporto,aeroporto,SWGQ,14º46'51''S,057º21'15''W,-14.780833333333334,-57.35416666666667,755,16,W,1,1,0,INFERIDA_DESCRICAO,62
SWGR,"ALTO GARÇAS / Alto Garças, MT",aeroporto,aeroporto,SWGR,16º55'18''S,053º32'32''W,-16.921666666666667,-53.54222222222222,2707,19,W,1,1,0,INFERIDA_DESCRICAO,62
SWGU,"SANDOLÂNDIA / Faz. Água Fria, TO",aeroporto,aeroporto,SWGU,12º23'56''S,050º03'17''W,-12.398888888888889,-50.05472222222222,738,21,W,1,1,0,INFERIDA_DESCRICAO,62
SWGV,"ÁGUA BOA / Faz. Cocal, MT",aeroporto,aeroporto,SWGV,12º48'07''S,052º36'28''W,-12.801944444444445,-52.60777777777778,1004,19,W,1,1,0,INFERIDA_DESCRICAO,62
SWGW,"JUSSARA / Faz. Santa Rita do Araguaia, GO",aeroporto,aeroporto,SWGW,15º26'16''S,051º35'55''W,-15.437777777777779,-51.59861111111111,1047,20,W,1,1,0,INFERIDA_DESCRICAO,62
SWGZ,"NOVA OLÍMPIA / Faz. Guanabara, MT",aeroporto,aeroporto,SWGZ,14º46'01''S,057º16'02''W,-14.766944444444444,-57.26722222222222,988,16,W,1,1,0,INFERIDA_DESCRICAO,62
SWHA,"GUARINOS / Faz. Boa Esperança Soberbinho, GO",aeroporto,aeroporto,SWHA,14º38'41''S,049º48'59''W,-14.64472222222222,-49.81638888888889,1551,21,W,1,1,0,INFERIDA_DESCRICAO,62
SWHB,"BRASÍLIA / HELPN Brasex 1, DF",heliponto,heliponto,SWHB,15º51'18''S,047º52'05''W,-15.855,-47.86805555555556,3314,21,W,1,1,0,INFERIDA_DESCRICAO,62
SWHE,"MARVELÂNDIA / Agropecuária Cajabi, MT",aeroporto,aeroporto,SWHE,10º44'04''S,054º32'04''W,-10.734444444444444,-54.53444444444444,1352,18,W,1,1,0,INFERIDA_DESCRICAO,62
SWHG,"SANTA HELENA DE GOIÁS / Santa Helena de Goiás, GO",aeroporto,aeroporto,SWHG,17º53'02''S,050º34'02''W,-17.883888888888887,-50.56722222222223,1591,20,W,1,1,0,INFERIDA_DESCRICAO,62
SWHJ,"NOVA MONTE VERDE / Faz. Bela Vista, MT",aeroporto,aeroporto,SWHJ,10º03'20''S,056º59'28''W,-10.055555555555557,-56.99111111111111,899,17,W,1,1,0,INFERIDA_DESCRICAO,62
SWHL,"CAMPO VERDE / Faz. Marabá, MT",aeroporto,aeroporto,SWHL,15º16'30''S,055º07'18''W,-15.275,-55.12166666666667,2247,18,W,1,1,0,INFERIDA_DESCRICAO,62
SWHN,"NOVA MONTE VERDE / Faz. Nossa Sra. de Fátima, MT",aeroporto,aeroporto,SWHN,10º09'23''S,056º58'52''W,-10.15638888888889,-56.98111111111111,853,17,W,1,1,0,INFERIDA_DESCRICAO,62
SWHP,"ÁGUA BOA / Faz. Olhos D’ água, MT",aeroporto,aeroporto,SWHP,14º01'10''S,052º09'08''W,-14.019444444444446,-52.15222222222222,1047,20,W,1,1,0,INFERIDA_DESCRICAO,62
SWHQ,"VILA BELA DA S.S. TRINDADE / Faz. Santa Cruz, MT",aeroporto,aeroporto,SWHQ,15º11'21''S,059º56'21''W,-15.189166666666667,-59.939166666666665,1060,15,W,1,1,0,INFERIDA_DESCRICAO,62
SWHS,"MAURILÂNDIA / Faz. São João, GO",aeroporto,aeroporto,SWHS,18º03'12''S,050º23'13''W,-18.053333333333335,-50.386944444444445,1729,20,W,1,1,0,INFERIDA_DESCRICAO,62
SWHT,"HUMAITÁ / Humaitá, AM",aeroporto,aeroporto,SWHT,07º32'01''S,063º03'02''W,-7.533611111111111,-63.050555555555555,230,13,W,1,1,0,INFERIDA_DESCRICAO,62
SWHZ,"CARLINDA / Faz. Taquaruçu Retiro, MT",aeroporto,aeroporto,SWHZ,10º20'19''S,055º57'56''W,-10.338611111111112,-55.96555555555556,1010,18,W,1,1,0,INFERIDA_DESCRICAO,62
SWIA,"IACIARA / Iaciara, GO",aeroporto,aeroporto,SWIA,14º06'23''S,046º40'10''W,-14.106388888888889,-46.669444444444444,1854,22,W,1,1,0,INFERIDA_DESCRICAO,62
SWIB,"NOVA SANTA HELENA / Faz. Santa Laura, MT",aeroporto,aeroporto,SWIB,10º51'46''S,054º54'51''W,-10.862777777777778,-54.91416666666667,1096,18,W,1,1,0,INFERIDA_DESCRICAO,62
SWID,"SÃO MIGUEL DO ARAGUAIA / Faz. Indiara, GO",aeroporto,aeroporto,SWID,13º18'46''S,049º46'04''W,-13.312777777777779,-49.76777777777777,909,21,W,1,1,0,INFERIDA_DESCRICAO,62
SWIE,"MUNDO NOVO / Faz. São Francisco, GO",aeroporto,aeroporto,SWIE,13º55'10''S,050º00'36''W,-13.919444444444444,-50.01,984,21,W,1,1,0,INFERIDA_DESCRICAO,62
SWIG,"PONTES E LACERDA / Faz. São José, MT",aeroporto,aeroporto,SWIG,15º00'39''S,059º15'08''W,-15.010833333333334,-59.25222222222222,879,15,W,1,1,0,INFERIDA_DESCRICAO,62
SWII,"SANTO ANTÔNlO DO IÇÁ / lpiranga, AM",aeroporto,aeroporto,SWII,02º56'01''S,069º41'41''W,-2.9336111111111114,-69.69472222222223,131,9,W,1,1,0,INFERIDA_DESCRICAO,62
SWIJ,"ITIQUIRA / Faz. São Jorge, MT",aeroporto,aeroporto,SWIJ,17º31'05''S,054º49'35''W,-17.518055555555556,-54.82638888888889,1683,18,W,1,1,0,INFERIDA_DESCRICAO,62
SWIK,"BARRA DO GARÇAS / Faz. Itacaiu, MT",aeroporto,aeroporto,SWIK,14º55'02''S,051º17'02''W,-14.917222222222222,-51.28388888888889,935,20,W,1,1,0,INFERIDA_DESCRICAO,62
SWIL,"PEDRA PRETA / Faz. Tarumã, MT",aeroporto,aeroporto,SWIL,17º00'57''S,054º20'59''W,-17.015833333333333,-54.349722222222226,1499,18,W,1,1,0,INFERIDA_DESCRICAO,62
SWIM,"MONTES CLAROS DE GOIAS / Faz. Três Ranchos, GO",aeroporto,aeroporto,SWIM,16º07'36''S,051º40'11''W,-16.12666666666667,-51.66972222222222,1142,20,W,1,1,0,INFERIDA_DESCRICAO,62
SWIN,"CAMPO NOVO DO PARECIS / Faz. ltamarati Norte, MT",aeroporto,aeroporto,SWIN,14º14'41''S,057º59'32''W,-14.24472222222222,-57.992222222222225,2188,16,W,1,1,0,INFERIDA_DESCRICAO,62
SWIO,"EDEIA / Faz. Triângulo, GO",aeroporto,aeroporto,SWIO,17º37'17''S,050º08'30''W,-17.62138888888889,-50.141666666666666,1562,20,W,1,1,0,INFERIDA_DESCRICAO,62
SWIR,"RIO DE JANEIRO / HELPN CCN TORRE NORTE, RJ",heliponto,heliponto,SWIR,22º54'43''S,043º12'30''W,-22.911944444444444,-43.208333333333336,128,23,W,1,1,0,INFERIDA_DESCRICAO,62
SWIU,"ARIPUANÃ / Madeirinha, MT",aeroporto,aeroporto,SWIU,09º50'47''S,061º25'03''W,-9.846388888888889,-61.4175,476,14,W,1,1,0,INFERIDA_DESCRICAO,62
SWIV,"ALMEIRIM / Águia Branca do Parú, PA",aeroporto,aeroporto,SWIV,01º16'05''S,053º15'41''W,-1.2680555555555555,-53.26138888888889,479,19,W,1,1,0,INFERIDA_DESCRICAO,62
SWIW,"NOVA MUTUM / Brigadeiro Eduardo Gomes, MT",aeroporto,aeroporto,SWIW,13º49'02''S,056º02'10''W,-13.817222222222222,-56.03611111111111,1398,17,W,1,1,0,INFERIDA_DESCRICAO,62
SWIX,"ITIQUIRA / Faz. Michelim, MT",aeroporto,aeroporto,SWIX,17º22'27''S,054º44'06''W,-17.374166666666667,-54.735,1640,18,W,1,1,0,INFERIDA_DESCRICAO,62
SWIY,"CRISTALÂNDIA / Santa Isabel do Morro, TO",aeroporto,aeroporto,SWIY,11º34'24''S,050º40'06''W,-11.573333333333332,-50.66833333333333,647,20,W,1,1,0,INFERIDA_DESCRICAO,62
SWJA,"JUÍNA / Faz. Juína, MT",aeroporto,aeroporto,SWJA,11º38'34''S,059º05'15''W,-11.642777777777777,-59.087500000000006,1100,16,W,1,1,0,INFERIDA_DESCRICAO,63
SWJB,"TANGARÁ DA SERRA / Faz. Juba, MT",aeroporto,aeroporto,SWJB,14º44'42''S,058º07'42''W,-14.745,-58.12833333333333,1667,16,W,1,1,0,INFERIDA_DESCRICAO,63
SWJC,JACIARA / Jaciara. MT,aeroporto,aeroporto,SWJC,15º58'18''S,054º58'07''W,-15.971666666666668,-54.968611111111116,1198,18,W,1,1,0,INFERIDA_DESCRICAO,63
SWJD,"SÃO DOMINGOS / Faz. Genipapo, GO",aeroporto,aeroporto,SWJD,13º27'08''S,046º40'46''W,-13.452222222222222,-46.67944444444444,1279,22,W,1,1,0,INFERIDA_DESCRICAO,63
SWJF,"JURUENA / Faz. São Marcelo, MT",aeroporto,aeroporto,SWJF,10º14'00''S,058º29'40''W,-10.233333333333333,-58.49444444444445,840,16,W,1,1,0,INFERIDA_DESCRICAO,63
SWJG,"ARENÁPOLIS / Faz. Jaraguá, MT",aeroporto,aeroporto,SWJG,14º29'01''S,057º26'02''W,-14.48361111111111,-57.43388888888889,1083,16,W,1,1,0,INFERIDA_DESCRICAO,63
SWJK,"BRITÂNIA / Faz. São Paulo, GO",aeroporto,aeroporto,SWJK,14º58'35''S,051º20'08''W,-14.97638888888889,-51.33555555555556,984,20,W,1,1,0,INFERIDA_DESCRICAO,63
SWJL,"ITAJÁ / Faz. Invernada, GO",aeroporto,aeroporto,SWJL,19º02'28''S,051º15'34''W,-19.041111111111114,-51.25944444444445,1345,20,W,1,1,0,INFERIDA_DESCRICAO,63
SWJM,"NOVO ALEGRE / Faz. Bom Jesus, TO",aeroporto,aeroporto,SWJM,12º57'59''S,046º33'55''W,-12.966388888888888,-46.56527777777777,2066,22,W,1,1,0,INFERIDA_DESCRICAO,63
SWJN,"JUÍNA / Juína, MT",aeroporto,aeroporto,SWJN,11º25'10''S,058º42'06''W,-11.419444444444444,-58.70166666666667,1083,16,W,1,1,0,INFERIDA_DESCRICAO,63
SWJO,"BRITÂNIA / Faz. São Paulo - Retiro Santa Maria, GO",aeroporto,aeroporto,SWJO,15º08'24''S,051º15'16''W,-15.139999999999999,-51.254444444444445,984,20,W,1,1,0,INFERIDA_DESCRICAO,63
SWJP,"JAPURÁ / Bittencourt, AM",aeroporto,aeroporto,SWJP,01º24'14''S,069º25'25''W,-1.4038888888888887,-69.42361111111111,257,9,W,1,1,0,INFERIDA_DESCRICAO,63
SWJT,"SÃO FÉLIX DO ARAGUAIA / Faz. Joatão, MT",aeroporto,aeroporto,SWJT,11º29'53''S,052º36'59''W,-11.498055555555554,-52.61638888888889,1165,19,W,1,1,0,INFERIDA_DESCRICAO,63
SWJU,"JURUENA / Juruena, MT",aeroporto,aeroporto,SWJU,10º18'21''S,058º29'22''W,-10.305833333333334,-58.489444444444445,525,16,W,1,1,0,INFERIDA_DESCRICAO,63
SWJV,"ATALAIA DO NORTE / Palmeiras do Javari, AM",aeroporto,aeroporto,SWJV,05º07'49''S,072º48'20''W,-5.130277777777778,-72.80555555555556,394,6,W,1,1,0,INFERIDA_DESCRICAO,63
SWJW,"JATAÍ / Jataí, GO",aeroporto,aeroporto,SWJW,17º49'48''S,051º46'31''W,-17.83,-51.775277777777774,2529,19,W,1,1,0,INFERIDA_DESCRICAO,63
SWJY,"ALTO DO GARÇAS / Faz. Campo Alegre III, MT",aeroporto,aeroporto,SWJY,16º50'41''S,053º44'04''W,-16.84472222222222,-53.73444444444444,2625,18,W,1,1,0,INFERIDA_DESCRICAO,63
SWJZ,"JUSCIMEIRA / Faz. Morro Vermelho, MT",aeroporto,aeroporto,SWJZ,15º58'53''S,054º32'02''W,-15.981388888888889,-54.53388888888889,1653,18,W,1,1,0,INFERIDA_DESCRICAO,63
SWKA,"JUSSARA / Faz. Canadá, GO",aeroporto,aeroporto,SWKA,15º35'43''S,051º15'26''W,-15.595277777777778,-51.257222222222225,951,20,W,1,1,0,INFERIDA_DESCRICAO,63
SWKC,"CÁCERES / Cáceres, MT",aeroporto,aeroporto,SWKC,16º02'37''S,057º37'51''W,-16.04361111111111,-57.630833333333335,495,16,W,1,1,0,INFERIDA_DESCRICAO,63
SWKE,"FORMOSO DO ARAGUAIA / Cobrape, TO",aeroporto,aeroporto,SWKE,11º30'31''S,049º50'32''W,-11.508611111111112,-49.842222222222226,656,21,W,1,1,0,INFERIDA_DESCRICAO,63
SWKG,"NOVA UBIRATÃ / Faz. Água Limpa, MT",aeroporto,aeroporto,SWKG,13º24'26''S,054º45'07''W,-13.407222222222222,-54.75194444444445,1623,18,W,1,1,0,INFERIDA_DESCRICAO,63
SWKH,"CAMPO VERDE / Faz. Floresta, MT",aeroporto,aeroporto,SWKH,15º13'16''S,055º07'58''W,-15.221111111111112,-55.132777777777775,2050,18,W,1,1,0,INFERIDA_DESCRICAO,63
SWKJ,"DOM AQUINO / Faz. Mutum, MT",aeroporto,aeroporto,SWKJ,15º23'53''S,054º36'30''W,-15.398055555555555,-54.608333333333334,1820,18,W,1,1,0,INFERIDA_DESCRICAO,63
SWKK,"CACOAL / Cacoal, RO",aeroporto,aeroporto,SWKK,11º26'03''S,061º28'59''W,-11.434166666666666,-61.48305555555556,640,14,W,1,1,0,INFERIDA_DESCRICAO,63
SWKL,"ALTO ALEGRE DOS PARECIS / Faz. Primavera do Terebinto, RO",aeroporto,aeroporto,SWKL,12º33'28''S,061º59'46''W,-12.557777777777778,-61.99611111111111,590,13,W,1,1,0,INFERIDA_DESCRICAO,63
SWKM,"TANGARÁ DA SERRA / Aero Agrícola Rondon, MT",aeroporto,aeroporto,SWKM,14º38'39''S,057º30'15''W,-14.644166666666667,-57.50416666666667,1390,16,W,1,1,0,INFERIDA_DESCRICAO,63
SWKN,"CALDAS NOVAS / Caldas Novas, GO",aeroporto,aeroporto,SWKN,17º43'31''S,048º36'38''W,-17.725277777777777,-48.61055555555556,2247,21,W,1,1,0,INFERIDA_DESCRICAO,63
SWKO,"COARI / Coari, AM",aeroporto,aeroporto,SWKO,04º08'02''S,063º07'52''W,-4.133888888888889,-63.13111111111111,131,14,W,1,1,0,INFERIDA_DESCRICAO,63
SWKP,"PONTES E LACERDA / Chácara Veneza, MT",aeroporto,aeroporto,SWKP,15º14'33''S,059º17'07''W,-15.2425,-59.28527777777778,866,15,W,1,1,0,INFERIDA_DESCRICAO,63
SWKQ,"SÃO RAIMUNDO NONATO / Serra da Capivara, PI",aeroporto,aeroporto,SWKQ,09º04'58''S,042º38'40''W,-9.082777777777778,-42.644444444444446,1362,22,W,1,1,0,INFERIDA_DESCRICAO,63
SWKR,"ITARUMÃ / Faz. Mangue Che II, GO",aeroporto,aeroporto,SWKR,18º40'12''S,051º35'07''W,-18.67,-51.58527777777778,1752,19,W,1,1,0,INFERIDA_DESCRICAO,63
SWKT,"CATALÃO / Catalão, GO",aeroporto,aeroporto,SWKT,18º13'01''S,047º54'05''W,-18.216944444444444,-47.90138888888889,2612,21,W,1,1,0,INFERIDA_DESCRICAO,63
SWKU,"SÃO GABRIEL DA CACHOEIRA / Cucuí, AM",aeroporto,aeroporto,SWKU,01º07'14''N,066º50'30''W,1.1205555555555555,-66.84166666666667,274,12,W,1,1,0,INFERIDA_DESCRICAO,63
SWKV,"ITAÚBA / Faz. Beira Rio, MT",aeroporto,aeroporto,SWKV,10º54'03''S,055º51'30''W,-10.900833333333333,-55.858333333333334,1096,18,W,1,1,0,INFERIDA_DESCRICAO,63
SWKY,"CRISTAIS PAULISTA / Faz. Recanto da Cachoeira, SP",aeroporto,aeroporto,SWKY,20º20'23''S,047º28'23''W,-20.33972222222222,-47.473055555555554,3064,21,W,1,1,0,INFERIDA_DESCRICAO,63
SWKZ,"BRASNORTE / Faz. Cerejal, MT",aeroporto,aeroporto,SWKZ,11º43'03''S,058º15'34''W,-11.7175,-58.25944444444445,984,16,W,1,1,0,INFERIDA_DESCRICAO,63
SWLA,"JUÍNA / Faz. Amália, MT",aeroporto,aeroporto,SWLA,11º53'05''S,058º37'54''W,-11.884722222222221,-58.63166666666667,1030,16,W,1,1,0,INFERIDA_DESCRICAO,63
SWLB,"LÁBREA / Lábrea, AM",aeroporto,aeroporto,SWLB,07º15'01''S,064º47'02''W,-7.250277777777778,-64.78388888888888,190,12,W,1,1,0,INFERIDA_DESCRICAO,63
SWLC,"RIO VERDE / Gen. Leite de Castro, GO",aeroporto,aeroporto,SWLC,17º50'05''S,050º57'22''W,-17.834722222222222,-50.95611111111111,2464,20,W,1,1,0,INFERIDA_DESCRICAO,63
SWLE,"PONTES E LACERDA / Pontes e Lacerda, MT",aeroporto,aeroporto,SWLE,15º13'52''S,059º20'28''W,-15.231111111111112,-59.34111111111111,1148,15,W,1,1,0,INFERIDA_DESCRICAO,63
SWLF,"SÃO JOSÉ DOS QUATRO MARCOS / Faz. Dona Laura, MT",aeroporto,aeroporto,SWLF,15º37'13''S,058º12'32''W,-15.620277777777778,-58.20888888888889,725,16,W,1,1,0,INFERIDA_DESCRICAO,63
SWLG,"RIBEIRÃO CASCALHEIRA / Recanto, MT",aeroporto,aeroporto,SWLG,12º59'58''S,051º54'20''W,-12.999444444444444,-51.90555555555555,1335,20,W,1,1,0,INFERIDA_DESCRICAO,63
SWLM,"VILA BELA DA S. S. TRINDADE / Faz. Excalibur, MT",aeroporto,aeroporto,SWLM,15º17'40''S,060º21'59''W,-15.294444444444444,-60.36638888888889,971,14,W,1,1,0,INFERIDA_DESCRICAO,63
SWLN,"SAPEZAL / Faz. Franciosi, MT",aeroporto,aeroporto,SWLN,13º25'56''S,058º28'22''W,-13.432222222222222,-58.47277777777778,1837,16,W,1,1,0,INFERIDA_DESCRICAO,63
SWLO,"JARAGUÁ DO SUL / HELPN Hospital São José, SC",heliponto,heliponto,SWLO,26º29'17''S,049º05'02''W,-26.488055555555558,-49.08388888888889,197,19,W,1,1,0,INFERIDA_DESCRICAO,63
SWLP,"ARIPUANÃ / Faz. Rosa - Paralelo 10, MT",aeroporto,aeroporto,SWLP,09º58'07''S,061º13'47''W,-9.96861111111111,-61.22972222222222,535,14,W,1,1,0,INFERIDA_DESCRICAO,63
SWLR,"PONTES E LACERDA / Faz. Miura, MT",aeroporto,aeroporto,SWLR,15º26'26''S,059º39'26''W,-15.440555555555555,-59.657222222222224,820,15,W,1,1,0,INFERIDA_DESCRICAO,63
SWLW,"SÃO LUÍS / HELPN Grupo Tático Aéreo, MA",heliponto,heliponto,SWLW,02º29'47''S,044º16'46''W,-2.4963888888888888,-44.279444444444444,89,21,W,1,1,0,INFERIDA_DESCRICAO,63
SWMB,"GOIATUBA / Faz. Marimbondo, GO",aeroporto,aeroporto,SWMB,17º58'38''S,049º35'18''W,-17.97722222222222,-49.58833333333334,2165,20,W,1,1,0,INFERIDA_DESCRICAO,63
SWMC,"LUÍS ANTÔNIO / Capão da Cruz, SP",aeroporto,aeroporto,SWMC,21º27'30''S,047º53'16''W,-21.458333333333332,-47.88777777777778,1936,21,W,1,1,0,INFERIDA_DESCRICAO,63
SWMD,"MANAUS / HELPN Francisca Mendes, AM",heliponto,heliponto,SWMD,03º01'34''S,059º57'50''W,-3.026111111111111,-59.96388888888889,331,16,W,1,1,0,INFERIDA_DESCRICAO,63
SWME,"MINEIROS / Mineiros, GO",aeroporto,aeroporto,SWME,17º33'07''S,052º33'22''W,-17.551944444444445,-52.55611111111111,2707,19,W,1,1,0,INFERIDA_DESCRICAO,63
SWMG,"MONTE ALEGRE DE GOIÁS / Faz. Caraíbas, GO",aeroporto,aeroporto,SWMG,13º23'08''S,046º46'30''W,-13.385555555555555,-46.775,1637,22,W,1,1,0,INFERIDA_DESCRICAO,63
SWMH,"ITAPIRAPUÃ / Faz. Bom Pastor, GO",aeroporto,aeroporto,SWMH,15º32'32''S,051º01'04''W,-15.542222222222222,-51.01777777777777,895,20,W,1,1,0,INFERIDA_DESCRICAO,64
SWMK,"SÃO GABRIEL DA CACHOEIRA / Maturacá, AM",aeroporto,aeroporto,SWMK,00º36'59''N,066º07'52''W,0.6163888888888889,-66.13111111111111,354,12,W,1,1,0,INFERIDA_DESCRICAO,64
SWML,"MONTE ALEGRE DE GOIÁS / Monte Alegre de Goiás, GO",aeroporto,aeroporto,SWML,13º14'59''S,046º52'17''W,-13.249722222222221,-46.87138888888889,1821,22,W,1,1,0,INFERIDA_DESCRICAO,64
SWMN,"MATRINCHÃ / Faz Forquilha, GO",aeroporto,aeroporto,SWMN,15º12'59''S,050º50'12''W,-15.216388888888888,-50.836666666666666,1076,20,W,1,1,0,INFERIDA_DESCRICAO,64
SWMO,"ITIQUIRA / Faz. Maria José, MT",aeroporto,aeroporto,SWMO,17º27'10''S,054º44'32''W,-17.452777777777776,-54.742222222222225,1716,18,W,1,1,0,INFERIDA_DESCRICAO,64
SWMQ,"ARIPUANÃ / Faz. Muiraquitã, MT",aeroporto,aeroporto,SWMQ,10º25'01''S,060º33'02''W,-10.416944444444443,-60.550555555555555,367,15,W,1,1,0,INFERIDA_DESCRICAO,64
SWMT,"NOVA UBIRATÃ / Faz. Centro da Mata, MT",aeroporto,aeroporto,SWMT,12º39'28''S,054º49'40''W,-12.657777777777778,-54.82777777777778,1214,18,W,1,1,0,INFERIDA_DESCRICAO,64
SWMV,"MUCAJAÍ / Paa-Piu, RR",aeroporto,aeroporto,SWMV,02º43'37''N,062º57'02''W,2.7269444444444444,-62.95055555555556,984,14,W,1,1,0,INFERIDA_DESCRICAO,64
SWMW,"MAUÉS / Maués, AM",aeroporto,aeroporto,SWMW,03º21'25''S,057º42'44''W,-3.3569444444444447,-57.71222222222222,69,17,W,1,1,0,INFERIDA_DESCRICAO,64
SWMZ,"RONDONÓPOLIS / Estância Aeronaldo, MT",aeroporto,aeroporto,SWMZ,16º26'34''S,054º42'07''W,-16.442777777777778,-54.70194444444445,1000,18,W,1,1,0,INFERIDA_DESCRICAO,64
SWNB,"NOBRES / Nobres, MT",aeroporto,aeroporto,SWNB,14º42'26''S,056º20'18''W,-14.70722222222222,-56.33833333333334,722,17,W,1,1,0,INFERIDA_DESCRICAO,64
SWNC,"NOVA BANDEIRANTES / Faz. PROCOMP, MT",aeroporto,aeroporto,SWNC,09º24'04''S,058º13'43''W,-9.401111111111112,-58.228611111111114,673,16,W,1,1,0,INFERIDA_DESCRICAO,64
SWND,"BARUERI / HELPN Tamboré S/A, SP",heliponto,heliponto,SWND,23º30'35''S,046º49'33''W,-23.509722222222223,-46.825833333333335,2444,21,W,1,1,0,INFERIDA_DESCRICAO,64
SWNH,"ARUANÃ / Aruanã, GO",aeroporto,aeroporto,SWNH,14º55'59''S,051º02'54''W,-14.933055555555555,-51.04833333333333,820,20,W,1,1,0,INFERIDA_DESCRICAO,64
SWNI,"ARIQUEMES / Nova Vida, RO",aeroporto,aeroporto,SWNI,10º10'41''S,062º49'32''W,-10.178055555555554,-62.82555555555556,410,13,W,1,1,0,INFERIDA_DESCRICAO,64
SWNJ,"NOVO SÃO JOAQUIM / Faz. Itaquerê, MT",aeroporto,aeroporto,SWNJ,15º07'42''S,053º29'30''W,-15.128333333333334,-53.49166666666667,1748,19,W,1,1,0,INFERIDA_DESCRICAO,64
SWNK,"BOCA DO ACRE / Novo Campo, AM",aeroporto,aeroporto,SWNK,08º50'01''S,067º18'44''W,-8.83361111111111,-67.31222222222222,394,10,W,1,1,0,INFERIDA_DESCRICAO,64
SWNM,"NORMANDIA / Normandia, RR",aeroporto,aeroporto,SWNM,03º51'59''N,059º37'02''W,3.866388888888889,-59.617222222222225,282,16,W,1,1,0,INFERIDA_DESCRICAO,64
SWNQ,"NIQUELÂNDIA / Niquelândia, GO",aeroporto,aeroporto,SWNQ,14º26'11''S,048º29'31''W,-14.436388888888889,-48.49194444444444,2756,21,W,1,1,0,INFERIDA_DESCRICAO,64
SWNR,"NORTELÂNDIA / Nortelândia, MT",aeroporto,aeroporto,SWNR,14º29'01''S,056º46'02''W,-14.48361111111111,-56.76722222222222,1460,17,W,1,1,0,INFERIDA_DESCRICAO,64
SWNS,"ANÁPOLIS / Anápolis, GO",aeroporto,aeroporto,SWNS,16º21'45''S,048º55'41''W,-16.3625,-48.92805555555555,3642,21,W,1,1,0,INFERIDA_DESCRICAO,64
SWNU,"NOVA MUTUM / Nova Mutum, MT",aeroporto,aeroporto,SWNU,13º49'12''S,056º05'47''W,-13.82,-56.09638888888889,1519,17,W,1,1,0,INFERIDA_DESCRICAO,64
SWNV,"GOIÂNIA / Aeródromo Nacional de Aviação, GO",aeroporto,aeroporto,SWNV,16º37'41''S,049º20'44''W,-16.628055555555555,-49.345555555555556,2707,21,W,1,1,0,INFERIDA_DESCRICAO,64
SWNX,"SANTO ANTÔNIO DO LESTE / Faz. Independência, MT",aeroporto,aeroporto,SWNX,14º52'05''S,053º30'04''W,-14.868055555555555,-53.50111111111111,1650,19,W,1,1,0,INFERIDA_DESCRICAO,64
SWNY,"LUÍS ANTÔNIO / HELPN Faz. Canaã, SP",heliponto,heliponto,SWNY,21º32'05''S,047º41'09''W,-21.534722222222225,-47.68583333333333,1982,21,W,1,1,0,INFERIDA_DESCRICAO,64
SWOA,"GOIANIRA / Arnapar, GO",aeroporto,aeroporto,SWOA,16º32'22''S,049º23'56''W,-16.539444444444445,-49.39888888888889,2625,21,W,1,1,0,INFERIDA_DESCRICAO,64
SWOB,"FONTE BOA / Fonte Boa, AM",aeroporto,aeroporto,SWOB,02º32'01''S,066º04'02''W,-2.533611111111111,-66.06722222222221,207,12,W,1,1,0,INFERIDA_DESCRICAO,64
SWOC,"CARACOL / Faz. São Bento do Bocajah, MS",aeroporto,aeroporto,SWOC,22º01'31''S,057º21'53''W,-22.025277777777777,-57.36472222222223,443,15,W,1,1,0,INFERIDA_DESCRICAO,64
SWOG,"DIAMANTINO / Faz. Itaipu, MT",aeroporto,aeroporto,SWOG,13º45'09''S,056º57'40''W,-13.7525,-56.961111111111116,1469,17,W,1,1,0,INFERIDA_DESCRICAO,64
SWOK,"ITIQUIRA / Faz. Pontal, MT",aeroporto,aeroporto,SWOK,17º18'20''S,053º56'08''W,-17.305555555555557,-53.93555555555555,2164,18,W,1,1,0,INFERIDA_DESCRICAO,64
SWOL,"BARRA DO GARÇAS / Faz. Roncador, MT",aeroporto,aeroporto,SWOL,15º05'46''S,052º24'00''W,-15.096111111111112,-52.4,1351,19,W,1,1,0,INFERIDA_DESCRICAO,64
SWOM,"NOVO SÃO JOAQUIM / Faz. Salto Bello II, MT",aeroporto,aeroporto,SWOM,14º57'40''S,053º29'17''W,-14.96111111111111,-53.488055555555555,1889,19,W,1,1,0,INFERIDA_DESCRICAO,64
SWON,"MOGI DAS CRUZES / HELPN Júlio Simões, SP",heliponto,heliponto,SWON,23º32'28''S,046º13'52''W,-23.541111111111114,-46.23111111111111,2503,21,W,1,1,0,INFERIDA_DESCRICAO,64
SWOO,"BRITÂNIA / Faz. Três Marias do Água Limpa, GO",aeroporto,aeroporto,SWOO,15º04'17''S,051º23'34''W,-15.071388888888889,-51.39277777777778,1049,20,W,1,1,0,INFERIDA_DESCRICAO,64
SWOP,"NOVA MONTE VERDE / Faz. Agropecuária Embu, MT",aeroporto,aeroporto,SWOP,09º47'15''S,057º37'28''W,-9.7875,-57.62444444444444,1188,17,W,1,1,0,INFERIDA_DESCRICAO,64
SWOQ,"LUZIÂNIA / Faz. Surucucu, GO",aeroporto,aeroporto,SWOQ,16º44'36''S,047º59'30''W,-16.743333333333336,-47.99166666666667,3148,21,W,1,1,0,INFERIDA_DESCRICAO,64
SWOR,"BRITÂNIA / Faz. Colorado, GO",aeroporto,aeroporto,SWOR,15º27'03''S,051º13'24''W,-15.450833333333332,-51.223333333333336,896,20,W,1,1,0,INFERIDA_DESCRICAO,64
SWOT,"SAPEZAL / Faz. Planorte, MT",aeroporto,aeroporto,SWOT,13º55'00''S,058º53'08''W,-13.916666666666666,-58.885555555555555,2106,15,W,1,1,0,INFERIDA_DESCRICAO,64
SWOU,"SÃO PAULO / HELPN Rede Globo 2, SP",heliponto,heliponto,SWOU,23º36'54''S,046º41'54''W,-23.615000000000002,-46.69833333333333,2576,21,W,1,1,0,INFERIDA_DESCRICAO,64
SWOW,"MOURA / Moura, AM",aeroporto,aeroporto,SWOW,01º28'01''S,061º37'02''W,-1.4669444444444446,-61.617222222222225,43,15,W,1,1,0,INFERIDA_DESCRICAO,64
SWOZ,"CAMPO VERDE / Faz. Santo Antônio, MT",aeroporto,aeroporto,SWOZ,15º18'38''S,054º53'57''W,-15.310555555555556,-54.899166666666666,2164,18,W,1,1,0,INFERIDA_DESCRICAO,64
SWPA,"PEDRO AFONSO / Pedro Afonso, TO",aeroporto,aeroporto,SWPA,08º58'46''S,048º10'25''W,-8.979444444444445,-48.17361111111111,673,21,W,1,1,0,INFERIDA_DESCRICAO,64
SWPB,"COSTA MARQUES / Forte Príncipe da Beira, RO",aeroporto,aeroporto,SWPB,12º25'07''S,064º25'08''W,-12.41861111111111,-64.41888888888889,591,12,W,1,1,0,INFERIDA_DESCRICAO,64
SWPC,"SÃO GABRIEL DA CACHOEIRA / Pari - Cachoeira, AM",aeroporto,aeroporto,SWPC,00º15'47''N,069º47'44''W,0.26305555555555554,-69.79555555555555,377,9,W,1,1,0,INFERIDA_DESCRICAO,64
SWPD,"BONFIM / Pouso da Águia, RR",aeroporto,aeroporto,SWPD,02º47'01''N,060º35'16''W,2.783611111111111,-60.58777777777778,282,15,W,1,1,0,INFERIDA_DESCRICAO,64
SWPE,"CARLINDA / Faz. Lagoa da Mata, MT",aeroporto,aeroporto,SWPE,10º08'11''S,055º35'42''W,-10.136388888888888,-55.595,866,18,W,1,1,0,INFERIDA_DESCRICAO,64
SWPG,"PORTO DOS GAÚCHOS / Porto dos Gaúchos, MT",aeroporto,aeroporto,SWPG,11º31'01''S,057º20'02''W,-11.516944444444444,-57.33388888888889,1312,17,W,1,1,0,INFERIDA_DESCRICAO,64
SWPH,"BARRA DO GARÇAS / Faz. Paulo Abreu, MT",aeroporto,aeroporto,SWPH,15º13'34''S,052º07'48''W,-15.226111111111111,-52.13,978,19,W,1,1,0,INFERIDA_DESCRICAO,64
SWPI,"PARINTINS / Parintins, AM",aeroporto,aeroporto,SWPI,02º40'10''S,056º46'16''W,-2.6694444444444443,-56.77111111111111,87,17,W,1,1,0,INFERIDA_DESCRICAO,64
SWPJ,"PONTAL DO ARAGUAIA / Faz. São Caetano, MT",aeroporto,aeroporto,SWPJ,16º02'03''S,053º02'04''W,-16.034166666666668,-53.03444444444444,1587,19,W,1,1,0,INFERIDA_DESCRICAO,64
SWPL,"CHAPADA DOS GUIMARÃES / Posto Leonardo Vilas Boas, MT",aeroporto,aeroporto,SWPL,12º11'54''S,053º22'54''W,-12.198333333333334,-53.38166666666667,1083,19,W,1,1,0,INFERIDA_DESCRICAO,64
SWPM,"PIMENTA BUENO / Pimenta Bueno, RO",aeroporto,aeroporto,SWPM,11º38'30''S,061º10'52''W,-11.641666666666666,-61.18111111111111,682,14,W,1,1,0,INFERIDA_DESCRICAO,64
SWPN,"PARANÃ / Paranã, TO",aeroporto,aeroporto,SWPN,12º37'11''S,047º52'21''W,-12.619722222222222,-47.8725,886,21,W,1,1,0,INFERIDA_DESCRICAO,64
SWPP,"MOZARLÂNDIA / Faz. Pica-Pau, GO",aeroporto,aeroporto,SWPP,14º45'11''S,050º39'54''W,-14.753055555555555,-50.665,1001,20,W,1,1,0,INFERIDA_DESCRICAO,64
SWPQ,"PORTO ALEGRE DO NORTE / Faz. Piraguassu, MT",aeroporto,aeroporto,SWPQ,10º51'40''S,051º41'06''W,-10.86111111111111,-51.684999999999995,705,20,W,1,1,0,INFERIDA_DESCRICAO,64
SWPR,"PIRES DO RIO / Pires do Rio, GO",aeroporto,aeroporto,SWPR,17º19'09''S,048º20'05''W,-17.319166666666668,-48.334722222222226,2428,21,W,1,1,0,INFERIDA_DESCRICAO,65
SWPS,"DIAMANTINO / Porto São Sebastião, MT",aeroporto,aeroporto,SWPS,12º58'01''S,056º11'02''W,-12.966944444444444,-56.18388888888889,1106,17,W,1,1,0,INFERIDA_DESCRICAO,65
SWPV,"PLANALTINA / Planaltina, DF",aeroporto,aeroporto,SWPV,15º40'44''S,047º32'39''W,-15.678888888888888,-47.54416666666666,3806,22,W,1,1,0,INFERIDA_DESCRICAO,65
SWPW,"BARÃO DE MELGAÇO / Pouso da Garça, MT",aeroporto,aeroporto,SWPW,16º58'02''S,056º25'02''W,-16.96722222222222,-56.41722222222222,377,17,W,1,1,0,INFERIDA_DESCRICAO,65
SWPY,"PRIMAVERA DO LESTE / Primavera do Leste, MT",aeroporto,aeroporto,SWPY,15º33'56''S,054º20'16''W,-15.565555555555557,-54.33777777777778,2149,18,W,1,1,0,INFERIDA_DESCRICAO,65
SWPZ,"POSSE / Oriçanga de Abreu, GO",aeroporto,aeroporto,SWPZ,14º07'26''S,046º20'31''W,-14.123888888888889,-46.341944444444444,2713,22,W,1,1,0,INFERIDA_DESCRICAO,65
SWQB,"PIRACICABA / HELPN HAHN, SP",heliponto,heliponto,SWQB,22º58'38''S,046º23'30''W,-22.97722222222222,-46.391666666666666,2838,21,W,1,1,0,INFERIDA_DESCRICAO,65
SWQE,"SÃO GABRIEL DA CACHOEIRA / Querari, AM",aeroporto,aeroporto,SWQE,01º05'29''N,069º51'02''W,1.0913888888888887,-69.85055555555554,492,9,W,1,1,0,INFERIDA_DESCRICAO,65
SWQG,"MARACAJU / Faz. Sossego, MS",aeroporto,aeroporto,SWQG,21º27'26''S,055º25'16''W,-21.45722222222222,-55.42111111111111,1706,16,W,1,1,0,INFERIDA_DESCRICAO,65
SWQH,"ARIPUANÃ / Agropecuária Nova Santana, MT",aeroporto,aeroporto,SWQH,10º08'50''S,060º32'19''W,-10.147222222222222,-60.53861111111111,797,15,W,1,1,0,INFERIDA_DESCRICAO,65
SWQI,"CARACARAÍ / Caracaraí, RR",aeroporto,aeroporto,SWQI,01º49'59''N,061º08'02''W,1.8330555555555554,-61.13388888888889,180,15,W,1,1,0,INFERIDA_DESCRICAO,65
SWQJ,"CAMPOS DE JÚLIO / Campos de Júlio, MT",aeroporto,aeroporto,SWQJ,13º24'53''S,059º16'03''W,-13.414722222222222,-59.2675,2132,15,W,1,1,0,INFERIDA_DESCRICAO,65
SWQK,"PEDRA LAVRADA / Pedra, PB",aeroporto,aeroporto,SWQK,06º46'00''S,036º28'52''W,-6.766666666666667,-36.48111111111111,1781,22,W,1,1,0,INFERIDA_DESCRICAO,65
SWQL,"DOVERLÂNDIA / Faz. Três Companheiros, GO",aeroporto,aeroporto,SWQL,16º40'57''S,052º15'09''W,-16.6825,-52.2525,2070,19,W,1,1,0,INFERIDA_DESCRICAO,65
SWQM,"ACORIZAL / Faz. Boa Vista, MT",aeroporto,aeroporto,SWQM,15º05'22''S,056º22'24''W,-15.089444444444444,-56.373333333333335,688,17,W,1,1,0,INFERIDA_DESCRICAO,65
SWQP,"JUNQUEIRÓPOLIS / Rio Vermelho Açucar e Alcool, SP",aeroporto,aeroporto,SWQP,21º18'55''S,051º22'12''W,-21.31527777777778,-51.37,1148,19,W,1,1,0,INFERIDA_DESCRICAO,65
SWQQ,"CAMAPUÃ / Faz. Fundão Alegre, MS",aeroporto,aeroporto,SWQQ,18º37'41''S,054º06'14''W,-18.628055555555555,-54.10388888888889,1391,18,W,1,1,0,INFERIDA_DESCRICAO,65
SWQT,"ARIPUANÃ / Faz. Cotriguaçu, MT",aeroporto,aeroporto,SWQT,09º51'52''S,058º13'45''W,-9.864444444444445,-58.22916666666667,738,16,W,1,1,0,INFERIDA_DESCRICAO,65
SWQU,"VILA BELA DA S.S. TRINDADE / Faz. Guaporé, MT",aeroporto,aeroporto,SWQU,14º35'15''S,060º07'35''W,-14.5875,-60.12638888888889,728,15,W,1,1,0,INFERIDA_DESCRICAO,65
SWQV,"PORTO ESPERIDIÃO / Faz. Maristela, MT",aeroporto,aeroporto,SWQV,16º07'00''S,058º58'09''W,-16.116666666666667,-58.969166666666666,833,15,W,1,1,0,INFERIDA_DESCRICAO,65
SWQW,"ALTA FLORESTA / Faz. Bacaeri, MT",aeroporto,aeroporto,SWQW,10º03'10''S,056º49'32''W,-10.052777777777779,-56.82555555555556,1050,17,W,1,1,0,INFERIDA_DESCRICAO,65
SWQX,"MONTE ALEGRE DE GOIÁS / Faz. Barro Preto, GO",aeroporto,aeroporto,SWQX,13º20'07''S,046º24'12''W,-13.335277777777778,-46.40333333333333,1578,22,W,1,1,0,INFERIDA_DESCRICAO,65
SWQZ,"RIBAS DO RIO PARDO / Faz. Quatro Irmãos, MS",aeroporto,aeroporto,SWQZ,20º52'42''S,053º33'12''W,-20.878333333333334,-53.55333333333333,1509,18,W,1,1,0,INFERIDA_DESCRICAO,65
SWRC,"RIBEIRÃO CASCALHEIRA / Faz. Sevilha, MT",aeroporto,aeroporto,SWRC,12º37'36''S,051º56'03''W,-12.626666666666667,-51.93416666666666,951,20,W,1,1,0,INFERIDA_DESCRICAO,65
SWRF,"BRASNORTE / Faz. Toloza, MT",aeroporto,aeroporto,SWRF,13º11'01''S,057º59'02''W,-13.18361111111111,-57.98388888888889,1644,16,W,1,1,0,INFERIDA_DESCRICAO,65
SWRG,"GUAJARÁ-MIRIM / Rancho Maria e Tereza, RO",aeroporto,aeroporto,SWRG,10º49'33''S,065º13'43''W,-10.825833333333334,-65.2286111111111,492,11,W,1,1,0,INFERIDA_DESCRICAO,65
SWRI,"QUERÊNCIA / Faz. Roncador I, MT",aeroporto,aeroporto,SWRI,12º09'26''S,052º16'21''W,-12.157222222222222,-52.2725,993,20,W,1,1,0,INFERIDA_DESCRICAO,65
SWRJ,"ROSÁRIO OESTE / Faz. Panflora, MT",aeroporto,aeroporto,SWRJ,15º05'00''S,056º33'10''W,-15.083333333333334,-56.55277777777778,757,17,W,1,1,0,INFERIDA_DESCRICAO,65
SWRL,"CORUMBIARA / Faz. Pouso Redondo, RO",aeroporto,aeroporto,SWRL,12º58'38''S,061º02'57''W,-12.977222222222222,-61.049166666666665,1086,14,W,1,1,0,INFERIDA_DESCRICAO,65
SWRM,"SANTO ANTÔNIO DO DESCOBERTO / Santo Antônio do Descoberto, GO",aeroporto,aeroporto,SWRM,15º55'50''S,048º20'01''W,-15.930555555555555,-48.33361111111111,4264,21,W,1,1,0,INFERIDA_DESCRICAO,65
SWRN,"MANAUS / HELPN Estação Naval do Rio Negro, AM",heliponto,heliponto,SWRN,03º08'34''S,059º57'00''W,-3.142777777777778,-59.95,131,16,W,1,1,0,INFERIDA_DESCRICAO,65
SWRO,"PORTO VELHO / Aeroclube de Rondônla, RO",aeroporto,aeroporto,SWRO,08º47'37''S,063º51'29''W,-8.793611111111112,-63.85805555555556,312,13,W,1,1,0,INFERIDA_DESCRICAO,65
SWRP,"ARIPUANÃ / Aripuanã , MT",aeroporto,aeroporto,SWRP,10º15'01''S,059º23'02''W,-10.250277777777777,-59.38388888888889,623,16,W,1,1,0,INFERIDA_DESCRICAO,65
SWRR,"PLANALTO DA SERRA / Faz. Serra Azul, MT",aeroporto,aeroporto,SWRR,14º40'04''S,054º34'03''W,-14.667777777777777,-54.5675,1542,18,W,1,1,0,INFERIDA_DESCRICAO,65
SWRS,"RONDONÓPOLlS / Faz. Santa Mônica, MT",aeroporto,aeroporto,SWRS,16º35'07''S,054º43'27''W,-16.585277777777776,-54.72416666666667,1020,18,W,1,1,0,INFERIDA_DESCRICAO,65
SWRT,"SANTA RITA DO ARAGUAIA / Faz. Santa Rita, GO",aeroporto,aeroporto,SWRT,17º20'52''S,053º11'35''W,-17.347777777777775,-53.19305555555555,2346,19,W,1,1,0,INFERIDA_DESCRICAO,65
SWRU,"TESOURO / Meruri, MT",aeroporto,aeroporto,SWRU,15º33'23''S,053º04'31''W,-15.55638888888889,-53.07527777777778,1460,19,W,1,1,0,INFERIDA_DESCRICAO,65
SWRV,"DIAMANTINO / Faz. Vale do Rio Verde, MT",aeroporto,aeroporto,SWRV,12º10'01''S,056º32'02''W,-12.166944444444443,-56.53388888888889,1378,17,W,1,1,0,INFERIDA_DESCRICAO,65
SWRW,"MIRASSOL D’OESTE / Faz. Santa Alice, MT",aeroporto,aeroporto,SWRW,15º35'15''S,058º02'40''W,-15.5875,-58.044444444444444,1115,16,W,1,1,0,INFERIDA_DESCRICAO,65
SWRX,"VILA BELA DA S.S. TRINDADE / Faz. Santa Cruz do Pessoê, MT",aeroporto,aeroporto,SWRX,15º09'54''S,060º26'45''W,-15.165000000000001,-60.44583333333333,764,14,W,1,1,0,INFERIDA_DESCRICAO,65
SWRY,"PORTO ESTRELA / Faz. Santa Maria, MT",aeroporto,aeroporto,SWRY,15º44'15''S,057º28'14''W,-15.737499999999999,-57.470555555555556,1853,16,W,1,1,0,INFERIDA_DESCRICAO,65
SWRZ,"NORTELÂNDIA / Faz. Arrossensal, MT",aeroporto,aeroporto,SWRZ,14º21'05''S,056º42'49''W,-14.351388888888888,-56.71361111111111,1306,17,W,1,1,0,INFERIDA_DESCRICAO,65
SWSA,"DIAMANTINO / Faz. São João, MT",aeroporto,aeroporto,SWSA,12º17'21''S,056º32'02''W,-12.289166666666667,-56.53388888888889,1476,17,W,1,1,0,INFERIDA_DESCRICAO,65
SWSB,"ARAGUAIANA / Faz. Sabiá, MT",aeroporto,aeroporto,SWSB,15º14'00''S,051º58'38''W,-15.233333333333333,-51.977222222222224,951,20,W,1,1,0,INFERIDA_DESCRICAO,65
SWSD,"ARAGUAIANA / Faz. Santo Antônio, MT",aeroporto,aeroporto,SWSD,15º37'26''S,051º48'50''W,-15.623888888888889,-51.81388888888888,1079,20,W,1,1,0,INFERIDA_DESCRICAO,65
SWSF,"VILA BELA DA S.S. TRINDADE / Faz. São Francisco, MT",aeroporto,aeroporto,SWSF,15º13'26''S,060º13'00''W,-15.223888888888888,-60.21666666666667,863,14,W,1,1,0,INFERIDA_DESCRICAO,65
SWSG,"CAMPOS DE JÚLIO / Faz. Simarelli, MT",aeroporto,aeroporto,SWSG,13º36'16''S,059º19'02''W,-13.604444444444445,-59.31722222222223,2136,15,W,1,1,0,INFERIDA_DESCRICAO,65
SWSI,"SINOP / Sinop, MT",aeroporto,aeroporto,SWSI,11º52'25''S,055º34'26''W,-11.873611111111112,-55.573888888888895,1280,18,W,1,1,0,INFERIDA_DESCRICAO,65
SWSK,"BOA VISTA / Faz. São Marco, RR",aeroporto,aeroporto,SWSK,03º02'59''N,060º29'02''W,3.049722222222222,-60.48388888888889,295,15,W,1,1,0,INFERIDA_DESCRICAO,65
SWSM,"LAMBARI D’OESTE / Faz. Santa Maria, MT",aeroporto,aeroporto,SWSM,15º21'30''S,057º41'40''W,-15.358333333333333,-57.69444444444444,525,16,W,1,1,0,INFERIDA_DESCRICAO,65
SWSP,"PARANATINGA / Sopave Norte, MT",aeroporto,aeroporto,SWSP,13º43'31''S,054º44'18''W,-13.725277777777778,-54.73833333333334,1690,18,W,1,1,0,INFERIDA_DESCRICAO,65
SWSQ,"SÃO GABRIEL DA CACHOEIRA / São Joaquim, AM",aeroporto,aeroporto,SWSQ,01º43'59''N,069º23'02''W,1.7330555555555556,-69.38388888888889,541,10,W,1,1,0,INFERIDA_DESCRICAO,65
SWSS,"VILA BELA DA S.S. TRINDADE / Faz. Silmar, MT",aeroporto,aeroporto,SWSS,16º09'54''S,060º06'52''W,-16.165,-60.114444444444445,863,14,W,1,1,0,INFERIDA_DESCRICAO,65
SWST,"SANTA TEREZINHA / Santa Terezinha, MT",aeroporto,aeroporto,SWST,10º27'53''S,050º31'07''W,-10.464722222222221,-50.51861111111111,663,20,W,1,1,0,INFERIDA_DESCRICAO,65
SWSU,"RIBEIRÃO CASCALHEIRA / Faz. Santa Juliana, MT",aeroporto,aeroporto,SWSU,12º51'08''S,052º01'15''W,-12.852222222222222,-52.020833333333336,1230,20,W,1,1,0,INFERIDA_DESCRICAO,66
SWSV,"BARRA DO GARÇAS / Faz. Santa Silvia, MT",aeroporto,aeroporto,SWSV,14º23'19''S,051º22'50''W,-14.38861111111111,-51.38055555555555,837,20,W,1,1,0,INFERIDA_DESCRICAO,66
SWSW,"BRASÍLIA / HELPN PCDF, DF",heliponto,heliponto,SWSW,15º46'47''S,047º54'47''W,-15.779722222222222,-47.91305555555555,3816,21,W,1,1,0,INFERIDA_DESCRICAO,66
SWSZ,"NOVA BANDEIRANTES / Faz. Santa Luzia, MT",aeroporto,aeroporto,SWSZ,09º46'25''S,058º03'46''W,-9.773611111111112,-58.062777777777775,741,16,W,1,1,0,INFERIDA_DESCRICAO,66
SWTA,"ARAPUTANGA / Faz. Santa Márcia, MT",aeroporto,aeroporto,SWTA,15º24'55''S,058º24'32''W,-15.415277777777778,-58.40888888888889,938,16,W,1,1,0,INFERIDA_DESCRICAO,66
SWTB,"ARIQUEMES / Tabajara, RO",aeroporto,aeroporto,SWTB,08º55'01''S,062º07'02''W,-8.916944444444443,-62.117222222222225,722,14,W,1,1,0,INFERIDA_DESCRICAO,66
SWTC,"TOCANTÍNIA / Tocantínia, TO",aeroporto,aeroporto,SWTC,09º35'01''S,048º27'02''W,-9.58361111111111,-48.45055555555556,656,21,W,1,1,0,INFERIDA_DESCRICAO,66
SWTE,"DIAMANTINO / Faz. Trescinco, MT",aeroporto,aeroporto,SWTE,13º55'01''S,056º39'32''W,-13.916944444444443,-56.65888888888889,1132,17,W,1,1,0,INFERIDA_DESCRICAO,66
SWTH,"ALTA FLORESTA / Faz. Trescinco Juruena, MT",aeroporto,aeroporto,SWTH,10º14'41''S,058º14'58''W,-10.24472222222222,-58.24944444444444,883,16,W,1,1,0,INFERIDA_DESCRICAO,66
SWTI,"VILA BELA DA S.S. TRINDADE / São Vicente, MT",aeroporto,aeroporto,SWTI,14º31'26''S,059º46'56''W,-14.523888888888889,-59.782222222222224,791,15,W,1,1,0,INFERIDA_DESCRICAO,66
SWTJ,"TANGARÁ DA SERRA / Faz. Cachoeira, MT",aeroporto,aeroporto,SWTJ,14º36'12''S,057º47'50''W,-14.603333333333333,-57.79722222222222,1070,16,W,1,1,0,INFERIDA_DESCRICAO,66
SWTL,"PIMENTA BUENO / Faz. Corumbiara, RO",aeroporto,aeroporto,SWTL,12º30'02''S,061º17'01''W,-12.500555555555556,-61.28361111111111,1371,14,W,1,1,0,INFERIDA_DESCRICAO,66
SWTM,"PORTO ESPERIDIÃO / Faz. Santos Reis, MT",aeroporto,aeroporto,SWTM,16º16'00''S,059º09'00''W,-16.266666666666666,-59.15,879,15,W,1,1,0,INFERIDA_DESCRICAO,66
SWTN,"ARAPUTANGA / Faz. Arapucel, MT",aeroporto,aeroporto,SWTN,15º02'29''S,058º43'45''W,-15.04138888888889,-58.72916666666667,1345,15,W,1,1,0,INFERIDA_DESCRICAO,66
SWTO,"PARAÍSO DO TOCANTINS / Paraíso do Tocantins, TO",aeroporto,aeroporto,SWTO,10º10'26''S,048º55'58''W,-10.173888888888888,-48.93277777777777,1093,21,W,1,1,0,INFERIDA_DESCRICAO,66
SWTP,"SANTA ISABEL DO RIO NEGRO / Tapuruquara, AM",aeroporto,aeroporto,SWTP,00º25'01''S,065º02'02''W,-0.41694444444444445,-65.03388888888888,223,13,W,1,1,0,INFERIDA_DESCRICAO,66
SWTQ,"RIO QUENTE / Termas Pousada do Rio Quente, GO",aeroporto,aeroporto,SWTQ,17º45'26''S,048º45'18''W,-17.75722222222222,-48.755,2247,21,W,1,1,0,INFERIDA_DESCRICAO,66
SWTR,"SÃO GABRIEL DA CACHOEIRA / Taraquá, AM",aeroporto,aeroporto,SWTR,00º07'29''N,068º32'44''W,0.12472222222222222,-68.54555555555555,246,10,W,1,1,0,INFERIDA_DESCRICAO,66
SWTS,"TANGARÁ DA SERRA / Tangará da Serra, MT",aeroporto,aeroporto,SWTS,14º39'43''S,057º26'38''W,-14.661944444444444,-57.443888888888885,1460,16,W,1,1,0,INFERIDA_DESCRICAO,66
SWTU,"SAPEZAL / Faz. Tucunaré, MT",aeroporto,aeroporto,SWTU,13º28'21''S,058º51'03''W,-13.4725,-58.850833333333334,1814,16,W,1,1,0,INFERIDA_DESCRICAO,66
SWTW,"PONTES E LACERDA / Faz. São Lucas, MT",aeroporto,aeroporto,SWTW,15º42'23''S,059º14'30''W,-15.706388888888888,-59.24166666666667,833,15,W,1,1,0,INFERIDA_DESCRICAO,66
SWTY,"TAGUATINGA / Taguatinga, TO",aeroporto,aeroporto,SWTY,12º26'02''S,046º24'02''W,-12.43388888888889,-46.400555555555556,1959,22,W,1,1,0,INFERIDA_DESCRICAO,66
SWUA,"SÃO MIGUEL DO ARAGUAIA / São Miguel do Araguaia, GO",aeroporto,aeroporto,SWUA,13º20'02''S,050º12'21''W,-13.33388888888889,-50.20583333333334,1249,20,W,1,1,0,INFERIDA_DESCRICAO,66
SWUE,"NOVA CANAÃ DO NORTE / Faz. Tapayuna, MT",aeroporto,aeroporto,SWUE,10º42'12''S,055º56'12''W,-10.703333333333333,-55.93666666666666,1197,18,W,1,1,0,INFERIDA_DESCRICAO,66
SWUF,"BOITUVA / HELPN Cervejaria Petrópolis, SP",heliponto,heliponto,SWUF,23º15'29''S,047º39'38''W,-23.258055555555554,-47.660555555555554,2067,21,W,1,1,0,INFERIDA_DESCRICAO,66
SWUJ,"VERA / Taguá Agropecuária, MT",aeroporto,aeroporto,SWUJ,12º12'18''S,055º22'40''W,-12.205,-55.37777777777778,1230,18,W,1,1,0,INFERIDA_DESCRICAO,66
SWUK,"SÃO GABRIEL DA CACHOEIRA / Uapui-Cachoeira, AM",aeroporto,aeroporto,SWUK,01º12'59''N,069º12'02''W,1.2163888888888887,-69.20055555555555,249,10,W,1,1,0,INFERIDA_DESCRICAO,66
SWUL,"ANANÁS / Faz. Furna Azul, TO",aeroporto,aeroporto,SWUL,06º13'05''S,048º25'17''W,-6.218055555555556,-48.421388888888885,407,21,W,1,1,0,INFERIDA_DESCRICAO,66
SWUM,"COMODORO / Faz. Rancho Novo, MT",aeroporto,aeroporto,SWUM,13º26'33''S,060º16'22''W,-13.4425,-60.272777777777776,984,15,W,1,1,0,INFERIDA_DESCRICAO,66
SWUN,"NOVA MONTE VERDE / Faz. Santa Eunice, MT",aeroporto,aeroporto,SWUN,10º10'19''S,057º34'04''W,-10.171944444444444,-57.56777777777778,886,17,W,1,1,0,INFERIDA_DESCRICAO,66
SWUO,"NOVA MUTUM / Faz. Santo André, MT",aeroporto,aeroporto,SWUO,13º41'11''S,055º59'14''W,-13.686388888888889,-55.98722222222222,1529,17,W,1,1,0,INFERIDA_DESCRICAO,66
SWUQ,"ALTO ALEGRE / Surucucu, RR",aeroporto,aeroporto,SWUQ,02º50'07''N,063º38'47''W,2.835277777777778,-63.646388888888886,2854,14,W,1,1,0,INFERIDA_DESCRICAO,66
SWUS,"CAMPO NOVO DO PARECIS / Sede Faz. São Benedito, MT",aeroporto,aeroporto,SWUS,14º14'06''S,057º42'33''W,-14.235,-57.70916666666667,1798,16,W,1,1,0,INFERIDA_DESCRICAO,66
SWUT,"CAMPO NOVO DO PARECIS / Lavoura Faz. São Benedito, MT",aeroporto,aeroporto,SWUT,14º13'12''S,057º46'44''W,-14.22,-57.778888888888886,2001,16,W,1,1,0,INFERIDA_DESCRICAO,66
SWUU,"SINOP / Faz. Uirapuru, MT",aeroporto,aeroporto,SWUU,12º08'01''S,054º12'02''W,-12.13361111111111,-54.20055555555556,1148,19,W,1,1,0,INFERIDA_DESCRICAO,66
SWUW,"ALTO PARAGUAI / Faz. Santa Bárbara II, MT",aeroporto,aeroporto,SWUW,15º06'50''S,056º50'13''W,-15.113888888888889,-56.83694444444445,810,17,W,1,1,0,INFERIDA_DESCRICAO,66
SWUZ,"LUZIÂNIA / Brigadeiro Araripe Macedo, GO",aeroporto,aeroporto,SWUZ,16º15'42''S,047º58'07''W,-16.261666666666667,-47.968611111111116,3269,21,W,1,1,0,INFERIDA_DESCRICAO,66
SWVB,"VILA BELA DA S.S. TRINDADE / Vila Bela da S.S. Trindade, MT",aeroporto,aeroporto,SWVB,15º00'55''S,059º58'02''W,-15.015277777777778,-59.967222222222226,886,15,W,1,1,0,INFERIDA_DESCRICAO,66
SWVC,"VILA RICA / Vila Rica, MT",aeroporto,aeroporto,SWVC,09º58'46''S,051º08'32''W,-9.979444444444445,-51.14222222222222,892,20,W,1,1,0,INFERIDA_DESCRICAO,66
SWVD,"SERRANÓPOLlS / Faz. Rio Verde, GO",aeroporto,aeroporto,SWVD,17º58'09''S,052º34'40''W,-17.969166666666666,-52.57777777777778,2592,19,W,1,1,0,INFERIDA_DESCRICAO,66
SWVH,"ALTA FLORESTA / Faz. Vaca Branca, MT",aeroporto,aeroporto,SWVH,09º31'28''S,056º14'23''W,-9.524444444444445,-56.23972222222222,1149,18,W,1,1,0,INFERIDA_DESCRICAO,66
SWVI,"SÃO VALÉRIO / Faz. Pirassununga, TO",aeroporto,aeroporto,SWVI,11º31'04''S,048º18'40''W,-11.517777777777779,-48.31111111111111,787,21,W,1,1,0,INFERIDA_DESCRICAO,66
SWVK,"NOVA UBIRATÃ / Faz. Vale do Rio Celeste, MT",aeroporto,aeroporto,SWVK,13º02'13''S,055º19'34''W,-13.036944444444444,-55.32611111111112,1411,18,W,1,1,0,INFERIDA_DESCRICAO,66
SWVL,"SANTO ANTÔNIO DO LEVERGER / Faz. Vertente, MT",aeroporto,aeroporto,SWVL,15º53'48''S,055º18'56''W,-15.896666666666667,-55.315555555555555,2444,18,W,1,1,0,INFERIDA_DESCRICAO,66
SWVQ,"SÃO PAULO / HELPN UNIBAN Morumbi, SP",heliponto,heliponto,SWVQ,23º37'54''S,046º41'40''W,-23.631666666666668,-46.69444444444444,2569,21,W,1,1,0,INFERIDA_DESCRICAO,66
SWVR,"SINOP / Estância Rosália, MT",aeroporto,aeroporto,SWVR,11º54'00''S,055º27'33''W,-11.9,-55.45916666666667,1460,18,W,1,1,0,INFERIDA_DESCRICAO,66
SWVT,"QUERÊNCIA / Faz. Estrela Dalva, MT",aeroporto,aeroporto,SWVT,12º07'24''S,052º38'45''W,-12.123333333333333,-52.645833333333336,1050,19,W,1,1,0,INFERIDA_DESCRICAO,66
SWVU,"RIO BRILHANTE / Faz. Ramalhete, MS",aeroporto,aeroporto,SWVU,21º44'00''S,054º34'36''W,-21.733333333333334,-54.57666666666667,1099,17,W,1,1,0,INFERIDA_DESCRICAO,66
SWVV,"VILA BELA DA SS. TRINDADE / Faz. Esperança, MT",aeroporto,aeroporto,SWVV,15º45'07''S,060º06'17''W,-15.751944444444444,-60.10472222222222,692,14,W,1,1,0,INFERIDA_DESCRICAO,66
SWVZ,"NOBRES/ Emal - Emp. de Mineração Aripuanã LTDA, MT",aeroporto,aeroporto,SWVZ,14º45'00''S,056º21'10''W,-14.75,-56.35277777777778,2362,17,W,1,1,0,INFERIDA_DESCRICAO,66
SWWA,"PORANGATU / Porangatu, GO",aeroporto,aeroporto,SWWA,13º24'16''S,049º09'26''W,-13.404444444444445,-49.157222222222224,1201,21,W,1,1,0,INFERIDA_DESCRICAO,66
SWWB,"CLÁUDIA / Faz. Rio Azul, MT",aeroporto,aeroporto,SWWB,11º15'28''S,054º55'37''W,-11.257777777777777,-54.926944444444445,1083,18,W,1,1,0,INFERIDA_DESCRICAO,66
SWWF,"CÁCERES / Hotel Baiazinha, MT",aeroporto,aeroporto,SWWF,00º00'00''N,000º00'00''W,0,0,0,5,W,0,0,1,INFERIDA_DESCRICAO,66
SWWI,"GENERAL CARNEIRO / Faz. Fortaleza, MT",aeroporto,aeroporto,SWWI,15º40'24''S,053º34'42''W,-15.673333333333332,-53.57833333333333,1995,19,W,1,1,0,INFERIDA_DESCRICAO,66
SWWJ,"Carmo, MT",aeroporto,aeroporto,SWWJ,16º40'51''S,056º17'57''W,-16.680833333333336,-56.299166666666665,348,17,W,1,1,0,INFERIDA_DESCRICAO,66
SWWK,"URUCARÁ / Urucará, AM",aeroporto,aeroporto,SWWK,02º31'47''S,057º45'22''W,-2.529722222222222,-57.75611111111111,98,17,W,1,1,0,INFERIDA_DESCRICAO,67
SWWL,"BARRA DO GARÇAS / Faz. Agrocentro, MT",aeroporto,aeroporto,SWWL,15º41'48''S,052º15'50''W,-15.696666666666667,-52.263888888888886,1119,19,W,1,1,0,INFERIDA_DESCRICAO,67
SWWM,"MANTENA / Faz. Pupila, MG",aeroporto,aeroporto,SWWM,18º46'19''S,040º56'58''W,-18.771944444444443,-40.94944444444444,663,24,W,1,1,0,INFERIDA_DESCRICAO,67
SWWN,"ALTA FLORESTA / Faz. Santa Amália, MT",aeroporto,aeroporto,SWWN,10º18'47''S,056º34'44''W,-10.313055555555556,-56.57888888888889,1201,17,W,1,1,0,INFERIDA_DESCRICAO,67
SWWP,"BRASÍLIA / HELPN Faz. Taboca, DF",heliponto,heliponto,SWWP,15º51'04''S,047º48'28''W,-15.851111111111111,-47.80777777777777,3543,21,W,1,1,0,INFERIDA_DESCRICAO,67
SWWQ,"BRASÍLIA / HELPN UNB Autotrac, DF",heliponto,heliponto,SWWQ,15º46'18''S,047º52'14''W,-15.771666666666668,-47.870555555555555,3435,21,W,1,1,0,INFERIDA_DESCRICAO,67
SWWR,"BRASÍLIA / HELPN Autódromo Internacional de Brasília, DF",heliponto,heliponto,SWWR,15º46'33''S,047º54'04''W,-15.775833333333335,-47.901111111111106,3701,21,W,1,1,0,INFERIDA_DESCRICAO,67
SWWT,"MORADA NOVA DE MINAS / Sílvio Gonçalves de Mello, MG",aeroporto,aeroporto,SWWT,18º42'20''S,045º20'08''W,-18.705555555555556,-45.33555555555556,1936,22,W,1,1,0,INFERIDA_DESCRICAO,67
SWWU,"URUAÇU / Uruaçu, GO",aeroporto,aeroporto,SWWU,14º31'32''S,049º08'16''W,-14.525555555555556,-49.13777777777778,1706,21,W,1,1,0,INFERIDA_DESCRICAO,67
SWXA,"JUSSARA / Faz. Canadazinho, GO",aeroporto,aeroporto,SWXA,15º02'32''S,051º24'02''W,-15.042222222222222,-51.400555555555556,889,20,W,1,1,0,INFERIDA_DESCRICAO,67
SWXC,"CEREJEIRAS / Faz. Tropical, RO",aeroporto,aeroporto,SWXC,12º53'10''S,061º17'54''W,-12.886111111111111,-61.29833333333333,981,14,W,1,1,0,INFERIDA_DESCRICAO,67
SWXF,"CUIABÁ / Chácara Córrego Fundo, MT",aeroporto,aeroporto,SWXF,15º35'40''S,056º03'01''W,-15.594444444444445,-56.05027777777777,630,17,W,1,1,0,INFERIDA_DESCRICAO,67
SWXG,"BARRA DO GARÇAS / Xingu, MT",aeroporto,aeroporto,SWXG,12º00'20''S,053º24'08''W,-12.005555555555556,-53.40222222222222,1000,19,W,1,1,0,INFERIDA_DESCRICAO,67
SWXI,"ANÁPOLIS / HELPN Tocca do Mar-Kao, GO",heliponto,heliponto,SWXI,16º15'51''S,048º58'53''W,-16.264166666666668,-48.981388888888894,3547,21,W,1,1,0,INFERIDA_DESCRICAO,67
SWXJ,"CUIABÁ / Chácara São José, MT",aeroporto,aeroporto,SWXJ,15º32'31''S,055º59'02''W,-15.541944444444445,-55.98388888888889,568,17,W,1,1,0,INFERIDA_DESCRICAO,67
SWXK,"SÃO JOSÉ DO RIO CLARO / Faz. Rio Alegre, MT",aeroporto,aeroporto,SWXK,13º16'24''S,056º53'30''W,-13.273333333333333,-56.891666666666666,1240,17,W,1,1,0,INFERIDA_DESCRICAO,67
SWXL,"SANDOLÂNDIA / Faz. Lago Grande, TO",aeroporto,aeroporto,SWXL,12º06'05''S,049º57'04''W,-12.101388888888888,-49.95111111111111,600,21,W,1,1,0,INFERIDA_DESCRICAO,67
SWXM,"MATUPÁ / Matupá, MT",aeroporto,aeroporto,SWXM,10º10'13''S,054º57'10''W,-10.170277777777777,-54.95277777777778,928,18,W,1,1,0,INFERIDA_DESCRICAO,67
SWXO,"SÃO FELIX DO XINGU / Faz. Porto Seguro, PA",aeroporto,aeroporto,SWXO,07º07'54''S,052º43'38''W,-7.131666666666666,-52.727222222222224,800,19,W,1,1,0,INFERIDA_DESCRICAO,67
SWXR,"PORTO ESPERIDIÃO / Faria, MT",aeroporto,aeroporto,SWXR,15º38'45''S,058º46'22''W,-15.645833333333332,-58.772777777777776,787,15,W,1,1,0,INFERIDA_DESCRICAO,67
SWXS,"PONTES E LACERDA / Faz. São João do Ibiporã, MT",aeroporto,aeroporto,SWXS,15º47'24''S,059º38'11''W,-15.79,-59.63638888888889,951,15,W,1,1,0,INFERIDA_DESCRICAO,67
SWXV,"NOVA XAVANTINA / Xavantina, MT",aeroporto,aeroporto,SWXV,14º41'27''S,052º20'57''W,-14.690833333333334,-52.34916666666667,1035,19,W,1,1,0,INFERIDA_DESCRICAO,67
SWXY,"SANTA TEREZINHA / Faz. Transoeste, MT",aeroporto,aeroporto,SWXY,10º21'03''S,050º40'15''W,-10.350833333333332,-50.670833333333334,869,20,W,1,1,0,INFERIDA_DESCRICAO,67
SWXZ,"COMODORO / Faz. Taquarussu, MT",aeroporto,aeroporto,SWXZ,13º18'45''S,060º17'36''W,-13.3125,-60.29333333333333,899,15,W,1,1,0,INFERIDA_DESCRICAO,67
SWYA,"JACIARA / Faz. Nossa Senhora Aparecida, MT",aeroporto,aeroporto,SWYA,16º02'39''S,054º57'06''W,-16.04416666666667,-54.95166666666667,1082,18,W,1,1,0,INFERIDA_DESCRICAO,67
SWYF,"CONTAGEM / HELPN Minas Empreendimentos, MG",heliponto,heliponto,SWYF,19º54'05''S,044º03'53''W,-19.90138888888889,-44.06472222222222,2979,23,W,1,1,0,INFERIDA_DESCRICAO,67
SWYG,"ARACRUZ / São José, ES",aeroporto,aeroporto,SWYG,19º37'18''S,040º12'04''W,-19.621666666666666,-40.20111111111111,187,24,W,1,1,0,INFERIDA_DESCRICAO,67
SWYH,"ARAPUTANGA / Faz. Aliança, MT",aeroporto,aeroporto,SWYH,15º17'33''S,058º18'52''W,-15.2925,-58.31444444444444,984,16,W,1,1,0,INFERIDA_DESCRICAO,67
SWYJ,"NOVO PROGRESSO / Faz. Agropecuária FR LTDA, PA",aeroporto,aeroporto,SWYJ,07º37'21''S,056º04'06''W,-7.6225000000000005,-56.068333333333335,860,18,W,1,1,0,INFERIDA_DESCRICAO,67
SWYK,"POCONÉ / Faz. llha Camargo, MT",aeroporto,aeroporto,SWYK,17º03'49''S,056º35'05''W,-17.06361111111111,-56.584722222222226,358,17,W,1,1,0,INFERIDA_DESCRICAO,67
SWYL,"SÃO PAULO / HELPN Autódromo José Carlos Pace, SP",heliponto,heliponto,SWYL,23º42'10''S,046º41'58''W,-23.702777777777776,-46.69944444444444,2595,21,W,1,1,0,INFERIDA_DESCRICAO,67
SWYM,"PONTES E LACERDA / Faz. Anhanguera, MT",aeroporto,aeroporto,SWYM,14º38'30''S,059º27'00''W,-14.641666666666666,-59.45,951,15,W,1,1,0,INFERIDA_DESCRICAO,67
SWYN,"APUÍ / PRAINHA, AM",aeroporto,aeroporto,SWYN,07º10'20''S,059º50'20''W,-7.1722222222222225,-59.83888888888889,197,15,W,1,1,0,INFERIDA_DESCRICAO,67
SWYO,"ADAMANTINA / Usina Branco Peres, SP",aeroporto,aeroporto,SWYO,21º29'13''S,051º01'32''W,-21.486944444444447,-51.025555555555556,1335,19,W,1,1,0,INFERIDA_DESCRICAO,67
SWYQ,"SINOP / Faz. Nova Fronteira, MT",aeroporto,aeroporto,SWYQ,11º28'33''S,056º26'15''W,-11.475833333333334,-56.4375,1017,17,W,1,1,0,INFERIDA_DESCRICAO,67
SWYR,"JAURU / Faz. N. Sª do Pillar, MT",aeroporto,aeroporto,SWYR,15º20'45''S,058º47'43''W,-15.345833333333333,-58.79527777777778,1001,15,W,1,1,0,INFERIDA_DESCRICAO,67
SWYU,"ARUANÃ / Faz. Entre Rios, GO",aeroporto,aeroporto,SWYU,14º26'36''S,050º52'00''W,-14.443333333333333,-50.86666666666667,781,20,W,1,1,0,INFERIDA_DESCRICAO,67
SWYV,"IBIRÁ / Clube de Marte Ibirá de Pára-Quedismo, SP",aeroporto,aeroporto,SWYV,21º05'29''S,049º13'27''W,-21.091388888888886,-49.22416666666667,1591,20,W,1,1,0,INFERIDA_DESCRICAO,67
SWYW,"ALTO GARÇAS / Faz. Adriana, MT",aeroporto,aeroporto,SWYW,16º50'04''S,053º50'07''W,-16.834444444444443,-53.83527777777778,2241,18,W,1,1,0,INFERIDA_DESCRICAO,67
SWYY,"NOVA XAVANTINA / Faz. Nova Viena, MT",aeroporto,aeroporto,SWYY,14º53'16''S,052º16'37''W,-14.887777777777778,-52.276944444444446,994,19,W,1,1,0,INFERIDA_DESCRICAO,67
SWYZ,"VILA VELHA / HELPN Residência Oficial, ES",heliponto,heliponto,SWYZ,20º19'37''S,040º16'09''W,-20.326944444444443,-40.26916666666666,59,24,W,1,1,0,INFERIDA_DESCRICAO,67
SWZA,"DIAMANTINO / Agrosan, MT",aeroporto,aeroporto,SWZA,11º22'01''S,058º07'02''W,-11.366944444444444,-58.117222222222225,984,16,W,1,1,0,INFERIDA_DESCRICAO,67
SWZB,"BARÃO DE MELGAÇO / Faz. Arara Azul, MT",aeroporto,aeroporto,SWZB,17º00'07''S,056º27'37''W,-17.001944444444444,-56.46027777777778,459,17,W,1,1,0,INFERIDA_DESCRICAO,67
SWZC,"PORTO ESPERIDIÃO / Faz. Corixo, MT",aeroporto,aeroporto,SWZC,16º14'45''S,058º53'40''W,-16.245833333333334,-58.894444444444446,492,15,W,1,1,0,INFERIDA_DESCRICAO,67
SWZD,"JANDAIA / Faz. Denusa Destilaria Nova União, GO",aeroporto,aeroporto,SWZD,17º15'21''S,050º08'32''W,-17.25583333333333,-50.14222222222222,1699,20,W,1,1,0,INFERIDA_DESCRICAO,67
SWZE,"PONTES E LACERDA / Faz. Tamboril, MT",aeroporto,aeroporto,SWZE,15º03'44''S,059º22'27''W,-15.062222222222223,-59.37416666666667,1098,15,W,1,1,0,INFERIDA_DESCRICAO,67
SWZF,"ARAPUTANGA / Faz. Araguari, MT",aeroporto,aeroporto,SWZF,15º29'41''S,058º23'58''W,-15.49472222222222,-58.39944444444444,902,16,W,1,1,0,INFERIDA_DESCRICAO,67
SWZG,"PORTO ESPERIDIÃO / Faz. Lagoa Encantada, MT",aeroporto,aeroporto,SWZG,16º01'09''S,058º53'15''W,-16.019166666666667,-58.8875,800,15,W,1,1,0,INFERIDA_DESCRICAO,67
SWZH,"ACREÚNA / Faz. Caçapava, GO",aeroporto,aeroporto,SWZH,17º34'30''S,050º10'30''W,-17.575,-50.175,1918,20,W,1,1,0,INFERIDA_DESCRICAO,67
SWZJ,"CRIXÁS / Faz. São João, GO",aeroporto,aeroporto,SWZJ,14º32'50''S,050º39'13''W,-14.547222222222222,-50.65361111111111,1033,20,W,1,1,0,INFERIDA_DESCRICAO,67
SWZK,"RIO DE JANEIRO / HELPN CON - CN - Cidade Nova, RJ",heliponto,heliponto,SWZK,22º54'41''S,043º12'12''W,-22.911388888888887,-43.20333333333333,125,23,W,1,1,0,INFERIDA_DESCRICAO,67
SWZL,"ITAMBACURI / Faz. Americana, MG",aeroporto,aeroporto,SWZL,18º08'49''S,041º42'52''W,-18.146944444444443,-41.714444444444446,1106,23,W,1,1,0,INFERIDA_DESCRICAO,67
SWZM,"SÃO SIMÃO / Usina São Simão, GO",aeroporto,aeroporto,SWZM,18º59'20''S,050º33'59''W,-18.98888888888889,-50.56638888888889,1716,20,W,1,1,0,INFERIDA_DESCRICAO,67
SWZO,"CAMPO VERDE / Faz. Lagoa Funda, MT",aeroporto,aeroporto,SWZO,15º20'34''S,055º08'11''W,-15.342777777777778,-55.13638888888889,2164,18,W,1,1,0,INFERIDA_DESCRICAO,67
SWZP,"GUIRATINGA / Faz. Vale Rico, MT",aeroporto,aeroporto,SWZP,16º23'09''S,054º12'08''W,-16.385833333333334,-54.202222222222225,1050,18,W,1,1,0,INFERIDA_DESCRICAO,68
SWZQ,"JUSSARA / Faz. Jussara, GO",aeroporto,aeroporto,SWZQ,15º50'42''S,051º04'24''W,-15.845,-51.07333333333334,1344,20,W,1,1,0,INFERIDA_DESCRICAO,68
SWZR,"ITAPIRAPUÃ / Faz. Santa Rita, GO",aeroporto,aeroporto,SWZR,15º23'02''S,051º02'02''W,-15.383888888888889,-51.03388888888889,965,20,W,1,1,0,INFERIDA_DESCRICAO,68
SWZS,"CÁCERES / Faz. Nova Larga, MT",aeroporto,aeroporto,SWZS,16º39'30''S,057º40'15''W,-16.65833333333333,-57.670833333333334,787,16,W,1,1,0,INFERIDA_DESCRICAO,68
SWZT,"PARAOPEBA / Faz. do Brejo, MG",aeroporto,aeroporto,SWZT,19º15'18''S,044º28'24''W,-19.255,-44.473333333333336,2451,22,W,1,1,0,INFERIDA_DESCRICAO,68
SWZU,"IVINHEMA / Faz. Rodoserv I, MS",aeroporto,aeroporto,SWZU,22º28'22''S,052º35'45''W,-22.472777777777775,-52.59583333333334,1001,18,W,1,1,0,INFERIDA_DESCRICAO,68
SWZV,"BELA VISTA / Faz. Rodoserv III, MS",aeroporto,aeroporto,SWZV,21º51'44''S,056º46'26''W,-21.862222222222222,-56.77388888888889,1001,15,W,1,1,0,INFERIDA_DESCRICAO,68
SWZW,"SÃO JOSÉ DO XINGU / Faz. Santa Fé do Xingu, MT",aeroporto,aeroporto,SWZW,10º19'16''S,052º12'38''W,-10.321111111111112,-52.21055555555556,1036,20,W,1,1,0,INFERIDA_DESCRICAO,68
SWZX,"SÃO CARLOS / HELPN Opto, SP",heliponto,heliponto,SWZX,22º00'03''S,047º54'59''W,-22.000833333333333,-47.91638888888889,2695,21,W,1,1,0,INFERIDA_DESCRICAO,68
SWZY,"BRASNORTE / Faz. Sete Estrelas, MT",aeroporto,aeroporto,SWZY,11º34'38''S,058º14'03''W,-11.577222222222222,-58.23416666666667,984,16,W,1,1,0,INFERIDA_DESCRICAO,68
SWZZ,"JOINVILLE / HELPN Graer, SC",heliponto,heliponto,SWZZ,26º15'46''S,048º51'29''W,-26.262777777777778,-48.85805555555556,39,19,W,1,1,0,INFERIDA_DESCRICAO,68
SYMPHO,NAVIO / SYMPHONY,plataforma,plataforma,9PDT,24º57'00''S,042º20'00''W,-24.95,-42.333333333333336,0,23,W,1,1,0,INFERIDA_DESCRICAO,68
TAMA,"MACAÉ / Fixo compulsório, RJ",waypoint,,,22º40'19''S,041º02'22''W,-22.671944444444446,-41.03944444444444,,23,W,1,0,1,INFERIDA_DESCRICAO,68
TECA,SCRAPER TECAM,waypoint,,,22º42'59''S,043º15'50''W,-22.71638888888889,-43.263888888888886,0,22,W,1,0,0,INFERIDA_DESCRICAO,68
TEMA,"NAVIO / TOP ESTRELA DO MAR, BS -  21XX21397271",plataforma,plataforma,9PJD,25º27'58''S,042º47'45''W,-25.46611111111111,-42.795833333333334,117,22,W,1,1,0,INFERIDA_DESCRICAO,68
TETHY,RAMFORM TETHYS,embarcacao,plataforma,,00º00'00''S,000º00'00''W,0,0,,22,W,0,0,1,INFERIDA_DESCRICAO,68
TFCSV,terminal,waypoint,,,23º27'38''S,043º11'35''W,-23.460555555555555,-43.19305555555555,0,23,W,1,0,0,INFERIDA_DESCRICAO,68
TIDNO,PONTO DE NOTIFICAÇÃO,waypoint,,,19º39'10''S,041º25'00''W,-19.652777777777775,-41.416666666666664,,22,W,1,0,1,INFERIDA_DESCRICAO,68
TIJ,TIJUCAS,waypoint,,,23º04'42''S,043º16'03''W,-23.078333333333333,-43.2675,0,23,W,1,0,0,INFERIDA_DESCRICAO,68
TIRO,TIRO,waypoint,,,23º52'00''S,042º43'00''W,-23.866666666666667,-42.71666666666667,0,22,W,1,0,0,INFERIDA_DESCRICAO,68
TMA183,tma 183,waypoint,,,23º37'05''S,043º08'02''W,-23.618055555555557,-43.13388888888889,0,22,W,1,0,0,INFERIDA_DESCRICAO,68
TNC,Terminal Norte Capixaba,waypoint,,,18º58'38''S,039º44'22''W,-18.97722222222222,-39.739444444444445,0,22,W,1,0,0,INFERIDA_DESCRICAO,68
TOLIN,PONTO DE NOTIFICAÇÃO - ENTRADA,waypoint,,,24º20'00''S,042º00'00''W,-24.333333333333332,-42,,23,W,1,0,1,INFERIDA_DESCRICAO,68
TOLUD,PONTO DE NOTIFICAÇÃO,waypoint,,,19º22'28''S,041º16'00''W,-19.374444444444446,-41.266666666666666,,22,W,1,0,1,INFERIDA_DESCRICAO,68
TOPE,NAVIO / TOISA PEGASUS,plataforma,plataforma,9PGU,00º00'00''S,000º00'00''W,0,0,0,5,W,0,0,1,INFERIDA_DESCRICAO,68
TORIR,PONTO DE NOTIFICAÇÃO,waypoint,,,21º26'59''S,040º08'59''W,-21.449722222222224,-40.14972222222222,,22,W,1,0,1,INFERIDA_DESCRICAO,68
TOVA,NAVIO / Toisa Valiant,plataforma,plataforma,9PIW,00º00'00''S,000º00'00''W,0,0,63,23,W,0,0,1,INFERIDA_DESCRICAO,68
TOVI,NAVIO / Toisa Vigilant,plataforma,plataforma,9PTV,00º00'00''S,000º00'00''W,0,0,60,23,W,0,0,1,INFERIDA_DESCRICAO,68
TOWA,NAVIO / Toisa Warrior,plataforma,plataforma,9PIG,00º00'00''S,000º00'00''W,0,0,70,23,W,0,0,1,INFERIDA_DESCRICAO,68
TPEGA,NAVIO / Toisa Pegasus,plataforma,plataforma,9PGU,25º32'00''S,042º51'00''W,-25.533333333333335,-42.85,0,22,W,1,1,0,INFERIDA_DESCRICAO,68
TSWCA,Traves Carauari,waypoint,,,06º31'08''S,066º51'05''W,-6.518888888888889,-66.85138888888888,0,11,W,1,0,0,INFERIDA_DESCRICAO,68
UGAPU,PONTO DE NOTIFICAÇÃO,waypoint,,,21º45'46''S,040º32'59''W,-21.762777777777778,-40.54972222222222,0,22,W,1,0,0,INFERIDA_DESCRICAO,68
UGRAD,UGRAD,waypoint,,,22º59'36''S,043º42'26''W,-22.993333333333336,-43.70722222222223,,22,W,1,0,1,INFERIDA_DESCRICAO,68
UKMAR,"FIXO, UKMAR",waypoint,,,22º40'53''S,041º01'16''W,-22.68138888888889,-41.02111111111111,,23,W,1,0,1,INFERIDA_DESCRICAO,68
UMAR,NAVIO / UMS Araruama (Olympia) - 21XX2792-6757,plataforma,plataforma,9PII,24º21'11''S,044º22'54''W,-24.353055555555557,-44.38166666666667,117,22,W,1,1,0,INFERIDA_DESCRICAO,68
UMCA,NAVIO / DAN WIFT/ Cidade Casimiro de Abreu,plataforma,plataforma,9PDW,22º49'13''S,043º08'33''W,-22.82027777777778,-43.1425,87,23,W,1,1,0,INFERIDA_DESCRICAO,68
UMCF,UMS CABOFRIO(GRETHA),plataforma,plataforma,9PIE,22º42'59''S,040º55'54''W,-22.71638888888889,-40.931666666666665,73,23,W,1,1,0,INFERIDA_DESCRICAO,68
UMCP,"UM CARAPEBUS, BC",plataforma,plataforma,9PHI,21º59'47''S,039º44'37''W,-21.99638888888889,-39.743611111111115,83,24,W,1,1,0,INFERIDA_DESCRICAO,68
UMGR,UMS GUARAPARI POSH ACARDIA,plataforma,plataforma,9PRD,21º56'22''S,039º47'12''W,-21.939444444444444,-39.78666666666666,,22,W,1,1,1,INFERIDA_DESCRICAO,68
UMLI,OOS TIRADENTES,plataforma,plataforma,9POD,22º25'29''S,039º57'30''W,-22.424722222222222,-39.958333333333336,0,22,W,1,1,0,INFERIDA_DESCRICAO,68
UMMA,"UMMA,MARACANÃ( SAFE NOTOS),BC 22XX2792-7257",plataforma,plataforma,9PSY,22º33'04''S,040º15'59''W,-22.551111111111112,-40.26638888888889,0,22,W,1,1,0,INFERIDA_DESCRICAO,68
UMOL,UMS OLYMPIA I,plataforma,plataforma,9PII,21º20'18''S,040º03'33''W,-21.33833333333333,-40.05916666666666,0,22,W,1,1,0,INFERIDA_DESCRICAO,68
UMPA,PLATAFORMA / UMS PRAIA DO ARPOADOR (POSH XANADU),plataforma,plataforma,9PJF,24º57'07''S,042º28'11''W,-24.951944444444443,-42.469722222222224,85,23,W,1,1,0,INFERIDA_DESCRICAO,68
UMPC,BLUE PHOENIX,plataforma,plataforma,9PUF,22º26'15''S,040º25'27''W,-22.4375,-40.424166666666665,0,24,W,1,1,0,INFERIDA_DESCRICAO,68
UMPI,"UMS PRAIA DE ITAIPÚ (ARENDAL SPIRIT), BC",plataforma,plataforma,9PJL,22º32'51''S,040º04'08''W,-22.547500000000003,-40.06888888888889,133,24,W,1,1,0,INFERIDA_DESCRICAO,68
UMQS,"PLATAFORMA / UMS CIDADE DE QUISSAMÃ - SAFE CONCORDIA, BC",plataforma,plataforma,9PDH,22º29'43''S,039º56'16''W,-22.49527777777778,-39.937777777777775,123,24,W,1,1,0,INFERIDA_DESCRICAO,68
UMS,UMS TEMIS,embarcacao,plataforma,,23º30'05''S,041º03'50''W,-23.50138888888889,-41.06388888888888,0,23,W,1,1,0,INFERIDA_DESCRICAO,68
UMSJ,"UMS SÃO JOÃO DA BARRA (OOS PROMETHEUS),",plataforma,plataforma,9PID,22º25'54''S,040º28'47''W,-22.43166666666667,-40.47972222222222,43,24,W,1,1,0,INFERIDA_DESCRICAO,68
UMTJ,EURUS,plataforma,plataforma,9PUR,22º48'05''S,040º15'01''W,-22.80138888888889,-40.250277777777775,0,23,W,1,1,0,INFERIDA_DESCRICAO,68
UMVT,VENUS,plataforma,plataforma,9PUV,22º10'15''S,040º07'15''W,-22.170833333333334,-40.12083333333334,0,22,W,1,1,0,INFERIDA_DESCRICAO,68
USS,USS NIMITZ (NNIM),embarcacao,plataforma,,22º52'13''S,043º08'00''W,-22.87027777777778,-43.13333333333333,0,23,W,1,1,0,INFERIDA_DESCRICAO,68
UTGCA,FPSO CARAGUATATUBA MV- 27,embarcacao,plataforma,,23º05'34''S,044º16'32''W,-23.092777777777776,-44.275555555555556,0,22,W,1,1,0,INFERIDA_DESCRICAO,68
VALV1,ÁREA DE VALVULA 1 SOBREVOO,waypoint,,,22º36'55''S,042º55'12''W,-22.61527777777778,-42.919999999999995,0,22,W,1,0,0,INFERIDA_DESCRICAO,68
VANTAG,"NAVIO / Veritas Vantage, BS",plataforma,plataforma,9PVV,26º38'00''S,044º20'00''W,-26.633333333333333,-44.333333333333336,0,21,W,1,1,0,INFERIDA_DESCRICAO,68
VANTG,PHOENIX VANTAGE - CANAL MARÍTIMO 06 ou 16,embarcacao,plataforma,,25º23'04''S,046º37'00''W,-25.384444444444444,-46.61666666666667,0,24,W,1,1,0,INFERIDA_DESCRICAO,69
VEGA,SEVEN VEGA - - CANAL MARÍTIMO 16 e 06,plataforma,plataforma,9PNV,25º27'00''S,044º02'00''W,-25.45,-44.03333333333333,0,23,W,1,1,0,INFERIDA_DESCRICAO,69
VIETN,VIETNAN,waypoint,,,16º02'38''N,108º11'58''E,16.04388888888889,108.19944444444445,,1,W,1,0,1,INFERIDA_DESCRICAO,69
VIKING,NAVIO / VIKING VERITAS - - CGG VERITAS,plataforma,plataforma,9PEY,24º47'22''S,042º42'54''W,-24.789444444444445,-42.715,0,24,W,1,1,0,INFERIDA_DESCRICAO,69
VUPOS,PONTO DE NOTIFICAÇÃO,waypoint,,,21º27'03''S,039º57'59''W,-21.450833333333332,-39.96638888888889,,22,W,1,0,1,INFERIDA_DESCRICAO,69
WAVE,SEVEN WAVES,plataforma,plataforma,9PIH,22º24'50''S,040º05'15''W,-22.413888888888888,-40.087500000000006,96,22,W,1,1,0,INFERIDA_DESCRICAO,69
WAYF,AKER WAYFER,plataforma,plataforma,9PDU,22º35'31''S,040º05'49''W,-22.591944444444444,-40.096944444444446,0,22,W,1,1,0,INFERIDA_DESCRICAO,69
WENE,NAVIO / Western Neptune,plataforma,plataforma,9PWQ,25º25'00''S,042º51'00''W,-25.416666666666668,-42.85,0,22,W,1,1,0,INFERIDA_DESCRICAO,69
WMONAR,NAVIO / WESTERN MONARCH,plataforma,plataforma,9PBU,21º58'00''S,039º54'00''W,-21.966666666666665,-39.9,0,24,W,1,1,0,INFERIDA_DESCRICAO,69
WYCA,NAVIO / WYATT CANDIES - bs,plataforma,plataforma,9PHH,24º22'18''S,044º23'58''W,-24.371666666666666,-44.39944444444444,64,23,W,1,1,0,INFERIDA_DESCRICAO,69
XOLAP,PONTO DE NOTIFICAÇÃO - SAÍDA,waypoint,,,24º20'00''S,042º30'00''W,-24.333333333333332,-42.5,,23,W,1,0,1,INFERIDA_DESCRICAO,69
XONER,PONTO DE NOTIFICAÇÃO- ENTRADA,waypoint,,,25º00'00''S,043º20'00''W,-25,-43.333333333333336,,22,W,1,0,1,INFERIDA_DESCRICAO,69
XV09,SOBREVOO,waypoint,,,22º46'35''S,042º50'00''W,-22.77638888888889,-42.833333333333336,0,22,W,1,0,0,INFERIDA_DESCRICAO,69
ZZZZ,Cotação,waypoint,,,22º29'25''S,040º04'33''W,-22.490277777777777,-40.075833333333335,0,24,W,1,0,0,INFERIDA_DESCRICAO,69
