empresa_id,modelo_codigo,ordem,manobra_codigo,tripulante,status_classificacao,fonte_classificacao,observacoes,source
"6","A139-I-01/12","1","FLY-BAS-X1","AB","migration_verified","worker-airtrust/migrations/0297_tripulante_ab_distribution.sql:modelo_id=16","","scripts/legacy/d1-prod-20260315-193839.sql:modelo_id=16"
"6","A139-I-01/12","2","FLY-BAS-X3","AB","migration_verified","worker-airtrust/migrations/0297_tripulante_ab_distribution.sql:modelo_id=16","","scripts/legacy/d1-prod-20260315-193839.sql:modelo_id=16"
"6","A139-I-01/12","3","OPS-NRM-X1","AB","migration_verified","worker-airtrust/migrations/0297_tripulante_ab_distribution.sql:modelo_id=16","","scripts/legacy/d1-prod-20260315-193839.sql:modelo_id=16"
"6","A139-I-01/12","4","OPS-NRM-X2","AB","migration_verified","worker-airtrust/migrations/0297_tripulante_ab_distribution.sql:modelo_id=16","","scripts/legacy/d1-prod-20260315-193839.sql:modelo_id=16"
"6","A139-I-01/12","5","OPS-NRM-X3","AB","migration_verified","worker-airtrust/migrations/0297_tripulante_ab_distribution.sql:modelo_id=16","","scripts/legacy/d1-prod-20260315-193839.sql:modelo_id=16"
"6","A139-I-01/12","6","WAR-LOW-29","A","migration_verified","worker-airtrust/migrations/0297_tripulante_ab_distribution.sql:modelo_id=16","","scripts/legacy/d1-prod-20260315-193839.sql:modelo_id=16"
"6","A139-I-01/12","7","WAR-HIG-29","B","migration_verified","worker-airtrust/migrations/0297_tripulante_ab_distribution.sql:modelo_id=16","","scripts/legacy/d1-prod-20260315-193839.sql:modelo_id=16"
"6","A139-I-01/12","8","CAU-HOT-65","B","migration_verified","worker-airtrust/migrations/0297_tripulante_ab_distribution.sql:modelo_id=16","","scripts/legacy/d1-prod-20260315-193839.sql:modelo_id=16"
"6","A139-I-01/12","9","CAU-CST-59","A","migration_verified","worker-airtrust/migrations/0297_tripulante_ab_distribution.sql:modelo_id=16","","scripts/legacy/d1-prod-20260315-193839.sql:modelo_id=16"
"6","A139-I-01/12","10","CAU-OVS-64","B","migration_verified","worker-airtrust/migrations/0297_tripulante_ab_distribution.sql:modelo_id=16","","scripts/legacy/d1-prod-20260315-193839.sql:modelo_id=16"
"6","A139-I-01/12","11","CAU-NGO-63","A","migration_verified","worker-airtrust/migrations/0297_tripulante_ab_distribution.sql:modelo_id=16","","scripts/legacy/d1-prod-20260315-193839.sql:modelo_id=16"
"6","A139-I-01/12","12","CAU-CND-61","B","migration_verified","worker-airtrust/migrations/0297_tripulante_ab_distribution.sql:modelo_id=16","","scripts/legacy/d1-prod-20260315-193839.sql:modelo_id=16"
"6","A139-I-01/12","13","CAU-TNF-62","A","migration_verified","worker-airtrust/migrations/0297_tripulante_ab_distribution.sql:modelo_id=16","","scripts/legacy/d1-prod-20260315-193839.sql:modelo_id=16"
"6","A139-I-01/12","14","CAU-FLO-73","B","migration_verified","worker-airtrust/migrations/0297_tripulante_ab_distribution.sql:modelo_id=16","","scripts/legacy/d1-prod-20260315-193839.sql:modelo_id=16"
"6","A139-I-01/12","15","CAU-2FP-74","A","migration_verified","worker-airtrust/migrations/0297_tripulante_ab_distribution.sql:modelo_id=16","","scripts/legacy/d1-prod-20260315-193839.sql:modelo_id=16"
"6","A139-I-01/12","16","CAU-EFP-75","B","migration_verified","worker-airtrust/migrations/0297_tripulante_ab_distribution.sql:modelo_id=16","","scripts/legacy/d1-prod-20260315-193839.sql:modelo_id=16"
"6","A139-I-01/12","17","WAR-OIL-18","A","migration_verified","worker-airtrust/migrations/0297_tripulante_ab_distribution.sql:modelo_id=16","","scripts/legacy/d1-prod-20260315-193839.sql:modelo_id=16"
"6","A139-I-01/12","18","CAU-LIC-60","AB","migration_verified","worker-airtrust/migrations/0297_tripulante_ab_distribution.sql:modelo_id=16","","scripts/legacy/d1-prod-20260315-193839.sql:modelo_id=16"
"6","A139-I-01/12","19","WAR-EEC-18","B","migration_verified","worker-airtrust/migrations/0297_tripulante_ab_distribution.sql:modelo_id=16","","scripts/legacy/d1-prod-20260315-193839.sql:modelo_id=16"
"6","A139-I-01/12","20","WAR-IDL-16","A","migration_verified","worker-airtrust/migrations/0297_tripulante_ab_distribution.sql:modelo_id=16","","scripts/legacy/d1-prod-20260315-193839.sql:modelo_id=16"
"6","A139-I-01/12","21","WAR-GER-27","B","migration_verified","worker-airtrust/migrations/0297_tripulante_ab_distribution.sql:modelo_id=16","","scripts/legacy/d1-prod-20260315-193839.sql:modelo_id=16"
"6","A139-I-01/12","22","FLY-BAS-17","AB","migration_verified","worker-airtrust/migrations/0297_tripulante_ab_distribution.sql:modelo_id=16","","scripts/legacy/d1-prod-20260315-193839.sql:modelo_id=16"
"6","A139-I-02/12","1","FLY-BAS-17","AB","migration_verified","worker-airtrust/migrations/0297_tripulante_ab_distribution.sql:modelo_id=17","","scripts/legacy/d1-prod-20260315-193839.sql:modelo_id=17"
"6","A139-I-02/12","2","WAR-OUT-15","A","migration_verified","worker-airtrust/migrations/0297_tripulante_ab_distribution.sql:modelo_id=17","","scripts/legacy/d1-prod-20260315-193839.sql:modelo_id=17"
"6","A139-I-02/12","3","WAR-EEC-18","B","migration_verified","worker-airtrust/migrations/0297_tripulante_ab_distribution.sql:modelo_id=17","","scripts/legacy/d1-prod-20260315-193839.sql:modelo_id=17"
"6","A139-I-02/12","4","WAR-IDL-16","A","migration_verified","worker-airtrust/migrations/0297_tripulante_ab_distribution.sql:modelo_id=17","","scripts/legacy/d1-prod-20260315-193839.sql:modelo_id=17"
"6","A139-I-02/12","5","CAU-CST-59","B","migration_verified","worker-airtrust/migrations/0297_tripulante_ab_distribution.sql:modelo_id=17","","scripts/legacy/d1-prod-20260315-193839.sql:modelo_id=17"
"6","A139-I-02/12","6","CAU-OVS-64","A","migration_verified","worker-airtrust/migrations/0297_tripulante_ab_distribution.sql:modelo_id=17","","scripts/legacy/d1-prod-20260315-193839.sql:modelo_id=17"
"6","A139-I-02/12","7","CAU-NGO-63","B","migration_verified","worker-airtrust/migrations/0297_tripulante_ab_distribution.sql:modelo_id=17","","scripts/legacy/d1-prod-20260315-193839.sql:modelo_id=17"
"6","A139-I-02/12","8","WAR-OIL-18","A","migration_verified","worker-airtrust/migrations/0297_tripulante_ab_distribution.sql:modelo_id=17","","scripts/legacy/d1-prod-20260315-193839.sql:modelo_id=17"
"6","A139-I-02/12","9","CAU-HOT-65","B","migration_verified","worker-airtrust/migrations/0297_tripulante_ab_distribution.sql:modelo_id=17","","scripts/legacy/d1-prod-20260315-193839.sql:modelo_id=17"
"6","A139-I-02/12","10","WAR-LOW-29","A","migration_verified","worker-airtrust/migrations/0297_tripulante_ab_distribution.sql:modelo_id=17","","scripts/legacy/d1-prod-20260315-193839.sql:modelo_id=17"
"6","A139-I-02/12","11","WAR-HIG-29","B","migration_verified","worker-airtrust/migrations/0297_tripulante_ab_distribution.sql:modelo_id=17","","scripts/legacy/d1-prod-20260315-193839.sql:modelo_id=17"
"6","A139-I-02/12","12","CAU-LIC-60","AB","migration_verified","worker-airtrust/migrations/0297_tripulante_ab_distribution.sql:modelo_id=17","","scripts/legacy/d1-prod-20260315-193839.sql:modelo_id=17"
"6","A139-I-02/12","13","CAU-CND-61","A","migration_verified","worker-airtrust/migrations/0297_tripulante_ab_distribution.sql:modelo_id=17","","scripts/legacy/d1-prod-20260315-193839.sql:modelo_id=17"
"6","A139-I-02/12","14","CAU-TNF-62","B","migration_verified","worker-airtrust/migrations/0297_tripulante_ab_distribution.sql:modelo_id=17","","scripts/legacy/d1-prod-20260315-193839.sql:modelo_id=17"
"6","A139-I-02/12","15","CAU-FLO-73","A","migration_verified","worker-airtrust/migrations/0297_tripulante_ab_distribution.sql:modelo_id=17","","scripts/legacy/d1-prod-20260315-193839.sql:modelo_id=17"
"6","A139-I-02/12","16","CAU-2FP-74","B","migration_verified","worker-airtrust/migrations/0297_tripulante_ab_distribution.sql:modelo_id=17","","scripts/legacy/d1-prod-20260315-193839.sql:modelo_id=17"
"6","A139-I-02/12","17","CAU-EFP-75","A","migration_verified","worker-airtrust/migrations/0297_tripulante_ab_distribution.sql:modelo_id=17","","scripts/legacy/d1-prod-20260315-193839.sql:modelo_id=17"
"6","A139-I-02/12","18","FLY-BAS-X1","AB","migration_verified","worker-airtrust/migrations/0297_tripulante_ab_distribution.sql:modelo_id=17","","scripts/legacy/d1-prod-20260315-193839.sql:modelo_id=17"
"6","A139-I-02/12","19","FLY-BAS-X3","AB","migration_verified","worker-airtrust/migrations/0297_tripulante_ab_distribution.sql:modelo_id=17","","scripts/legacy/d1-prod-20260315-193839.sql:modelo_id=17"
"6","A139-I-02/12","20","OPS-NRM-X2","AB","migration_verified","worker-airtrust/migrations/0297_tripulante_ab_distribution.sql:modelo_id=17","","scripts/legacy/d1-prod-20260315-193839.sql:modelo_id=17"
"6","A139-I-02/12","21","OPS-NRM-X3","AB","migration_verified","worker-airtrust/migrations/0297_tripulante_ab_distribution.sql:modelo_id=17","","scripts/legacy/d1-prod-20260315-193839.sql:modelo_id=17"
"6","A139-I-02/12","22","OPS-NRM-X1","AB","migration_verified","worker-airtrust/migrations/0297_tripulante_ab_distribution.sql:modelo_id=17","","scripts/legacy/d1-prod-20260315-193839.sql:modelo_id=17"
"6","A139-I-03/12","1","WAR-GEN-11","A","migration_verified","worker-airtrust/migrations/0297_tripulante_ab_distribution.sql:modelo_id=18","","scripts/legacy/d1-prod-20260315-193839.sql:modelo_id=18"
"6","A139-I-03/12","2","WAR-BAT-14","B","migration_verified","worker-airtrust/migrations/0297_tripulante_ab_distribution.sql:modelo_id=18","","scripts/legacy/d1-prod-20260315-193839.sql:modelo_id=18"
"6","A139-I-03/12","3","WAR-AUX-14","A","migration_verified","worker-airtrust/migrations/0297_tripulante_ab_distribution.sql:modelo_id=18","","scripts/legacy/d1-prod-20260315-193839.sql:modelo_id=18"
"6","A139-I-03/12","4","CAU-DCG-53","B","migration_verified","worker-airtrust/migrations/0297_tripulante_ab_distribution.sql:modelo_id=18","","scripts/legacy/d1-prod-20260315-193839.sql:modelo_id=18"
"6","A139-I-03/12","5","CAU-BOF-55","A","migration_verified","worker-airtrust/migrations/0297_tripulante_ab_distribution.sql:modelo_id=18","","scripts/legacy/d1-prod-20260315-193839.sql:modelo_id=18"
"6","A139-I-03/12","6","CAU-DCB-56","B","migration_verified","worker-airtrust/migrations/0297_tripulante_ab_distribution.sql:modelo_id=18","","scripts/legacy/d1-prod-20260315-193839.sql:modelo_id=18"
"6","A139-I-03/12","7","CAU-ACB-57","A","migration_verified","worker-airtrust/migrations/0297_tripulante_ab_distribution.sql:modelo_id=18","","scripts/legacy/d1-prod-20260315-193839.sql:modelo_id=18"
"6","A139-I-03/12","8","CAU-28D-58","B","migration_verified","worker-airtrust/migrations/0297_tripulante_ab_distribution.sql:modelo_id=18","","scripts/legacy/d1-prod-20260315-193839.sql:modelo_id=18"
"6","A139-I-03/12","9","FLY-BAS-X1","AB","migration_verified","worker-airtrust/migrations/0297_tripulante_ab_distribution.sql:modelo_id=18","","scripts/legacy/d1-prod-20260315-193839.sql:modelo_id=18"
"6","A139-I-03/12","10","FLY-BAS-X3","AB","migration_verified","worker-airtrust/migrations/0297_tripulante_ab_distribution.sql:modelo_id=18","","scripts/legacy/d1-prod-20260315-193839.sql:modelo_id=18"
"6","A139-I-03/12","11","OPS-NRM-X2","AB","migration_verified","worker-airtrust/migrations/0297_tripulante_ab_distribution.sql:modelo_id=18","","scripts/legacy/d1-prod-20260315-193839.sql:modelo_id=18"
"6","A139-I-03/12","12","OPS-NRM-X3","AB","migration_verified","worker-airtrust/migrations/0297_tripulante_ab_distribution.sql:modelo_id=18","","scripts/legacy/d1-prod-20260315-193839.sql:modelo_id=18"
"6","A139-I-03/12","13","WAR-OUT-15","A","migration_verified","worker-airtrust/migrations/0297_tripulante_ab_distribution.sql:modelo_id=18","","scripts/legacy/d1-prod-20260315-193839.sql:modelo_id=18"
"6","A139-I-03/12","14","FLY-BAS-17","AB","migration_verified","worker-airtrust/migrations/0297_tripulante_ab_distribution.sql:modelo_id=18","","scripts/legacy/d1-prod-20260315-193839.sql:modelo_id=18"
"6","A139-I-03/12","15","CAU-FLO-73","B","migration_verified","worker-airtrust/migrations/0297_tripulante_ab_distribution.sql:modelo_id=18","","scripts/legacy/d1-prod-20260315-193839.sql:modelo_id=18"
"6","A139-I-03/12","16","WAR-LOW-29","A","migration_verified","worker-airtrust/migrations/0297_tripulante_ab_distribution.sql:modelo_id=18","","scripts/legacy/d1-prod-20260315-193839.sql:modelo_id=18"
"6","A139-I-03/12","17","WAR-HIG-29","B","migration_verified","worker-airtrust/migrations/0297_tripulante_ab_distribution.sql:modelo_id=18","","scripts/legacy/d1-prod-20260315-193839.sql:modelo_id=18"
"6","A139-I-03/12","18","CAU-HOT-65","B","migration_verified","worker-airtrust/migrations/0297_tripulante_ab_distribution.sql:modelo_id=18","","scripts/legacy/d1-prod-20260315-193839.sql:modelo_id=18"
"6","A139-I-03/12","19","CAU-LIC-60","AB","migration_verified","worker-airtrust/migrations/0297_tripulante_ab_distribution.sql:modelo_id=18","","scripts/legacy/d1-prod-20260315-193839.sql:modelo_id=18"
"6","A139-I-03/12","20","WAR-GER-27","A","migration_verified","worker-airtrust/migrations/0297_tripulante_ab_distribution.sql:modelo_id=18","","scripts/legacy/d1-prod-20260315-193839.sql:modelo_id=18"
"6","A139-I-03/12","21","CAU-HYP-77","B","migration_verified","worker-airtrust/migrations/0297_tripulante_ab_distribution.sql:modelo_id=18","","scripts/legacy/d1-prod-20260315-193839.sql:modelo_id=18"
"6","A139-I-03/12","22","OPS-NRM-X1","AB","migration_verified","worker-airtrust/migrations/0297_tripulante_ab_distribution.sql:modelo_id=18","","scripts/legacy/d1-prod-20260315-193839.sql:modelo_id=18"
"6","A139-I-04/12","1","FLY-BAS-X2","AB","migration_verified","worker-airtrust/migrations/0297_tripulante_ab_distribution.sql:modelo_id=19","","scripts/legacy/d1-prod-20260315-193839.sql:modelo_id=19"
"6","A139-I-04/12","2","OPS-APP-X1","A","migration_verified","worker-airtrust/migrations/0297_tripulante_ab_distribution.sql:modelo_id=19","","scripts/legacy/d1-prod-20260315-193839.sql:modelo_id=19"
"6","A139-I-04/12","3","OPS-APP-X2","B","migration_verified","worker-airtrust/migrations/0297_tripulante_ab_distribution.sql:modelo_id=19","","scripts/legacy/d1-prod-20260315-193839.sql:modelo_id=19"
"6","A139-I-04/12","4","OPS-APP-X3","AB","migration_verified","worker-airtrust/migrations/0297_tripulante_ab_distribution.sql:modelo_id=19","","scripts/legacy/d1-prod-20260315-193839.sql:modelo_id=19"
"6","A139-I-04/12","5","OPS-NAV-X1","AB","migration_verified","worker-airtrust/migrations/0297_tripulante_ab_distribution.sql:modelo_id=19","","scripts/legacy/d1-prod-20260315-193839.sql:modelo_id=19"
"6","A139-I-04/12","6","OPS-NAV-X3","A","migration_verified","worker-airtrust/migrations/0297_tripulante_ab_distribution.sql:modelo_id=19","","scripts/legacy/d1-prod-20260315-193839.sql:modelo_id=19"
"6","A139-I-04/12","7","FLY-BAS-X4","AB","migration_verified","worker-airtrust/migrations/0297_tripulante_ab_distribution.sql:modelo_id=19","","scripts/legacy/d1-prod-20260315-193839.sql:modelo_id=19"
"6","A139-I-04/12","8","WAR-OUT-15","B","migration_verified","worker-airtrust/migrations/0297_tripulante_ab_distribution.sql:modelo_id=19","","scripts/legacy/d1-prod-20260315-193839.sql:modelo_id=19"
"6","A139-I-04/12","9","FLY-BAS-17","AB","migration_verified","worker-airtrust/migrations/0297_tripulante_ab_distribution.sql:modelo_id=19","","scripts/legacy/d1-prod-20260315-193839.sql:modelo_id=19"
"6","A139-I-04/12","10","CAU-FLO-73","A","migration_verified","worker-airtrust/migrations/0297_tripulante_ab_distribution.sql:modelo_id=19","","scripts/legacy/d1-prod-20260315-193839.sql:modelo_id=19"
"6","A139-I-04/12","11","WAR-LOW-29","B","migration_verified","worker-airtrust/migrations/0297_tripulante_ab_distribution.sql:modelo_id=19","","scripts/legacy/d1-prod-20260315-193839.sql:modelo_id=19"
"6","A139-I-04/12","12","WAR-HIG-29","A","migration_verified","worker-airtrust/migrations/0297_tripulante_ab_distribution.sql:modelo_id=19","","scripts/legacy/d1-prod-20260315-193839.sql:modelo_id=19"
"6","A139-I-04/12","13","CAU-HOT-65","B","migration_verified","worker-airtrust/migrations/0297_tripulante_ab_distribution.sql:modelo_id=19","","scripts/legacy/d1-prod-20260315-193839.sql:modelo_id=19"
"6","A139-I-04/12","14","OPS-NRM-X1","AB","migration_verified","worker-airtrust/migrations/0297_tripulante_ab_distribution.sql:modelo_id=19","","scripts/legacy/d1-prod-20260315-193839.sql:modelo_id=19"
"6","A139-I-04/12","15","OPS-NRM-X2","AB","migration_verified","worker-airtrust/migrations/0297_tripulante_ab_distribution.sql:modelo_id=19","","scripts/legacy/d1-prod-20260315-193839.sql:modelo_id=19"
"6","A139-I-04/12","16","CAU-LIC-60","AB","migration_verified","worker-airtrust/migrations/0297_tripulante_ab_distribution.sql:modelo_id=19","","scripts/legacy/d1-prod-20260315-193839.sql:modelo_id=19"
"6","A139-I-04/12","17","WAR-STA-X1","B","migration_verified","worker-airtrust/migrations/0297_tripulante_ab_distribution.sql:modelo_id=19","","scripts/legacy/d1-prod-20260315-193839.sql:modelo_id=19"
"6","A139-I-04/12","18","CAU-ADC-48","A","migration_verified","worker-airtrust/migrations/0297_tripulante_ab_distribution.sql:modelo_id=19","","scripts/legacy/d1-prod-20260315-193839.sql:modelo_id=19"
"6","A139-I-04/12","19","CAU-GPS-52","B","migration_verified","worker-airtrust/migrations/0297_tripulante_ab_distribution.sql:modelo_id=19","","scripts/legacy/d1-prod-20260315-193839.sql:modelo_id=19"
"6","A139-I-04/12","20","CAU-FMS-51","A","migration_verified","worker-airtrust/migrations/0297_tripulante_ab_distribution.sql:modelo_id=19","","scripts/legacy/d1-prod-20260315-193839.sql:modelo_id=19"
"6","A139-I-04/12","21","FLY-BAS-X3","AB","migration_verified","worker-airtrust/migrations/0297_tripulante_ab_distribution.sql:modelo_id=19","","scripts/legacy/d1-prod-20260315-193839.sql:modelo_id=19"
"6","A139-I-04/12","22","OPS-NRM-X3","AB","migration_verified","worker-airtrust/migrations/0297_tripulante_ab_distribution.sql:modelo_id=19","","scripts/legacy/d1-prod-20260315-193839.sql:modelo_id=19"
"6","A139-I-05/12","1","OPS-NAV-X2","A","migration_verified","worker-airtrust/migrations/0297_tripulante_ab_distribution.sql:modelo_id=20","","scripts/legacy/d1-prod-20260315-193839.sql:modelo_id=20"
"6","A139-I-05/12","2","FLY-BAS-X2","AB","migration_verified","worker-airtrust/migrations/0297_tripulante_ab_distribution.sql:modelo_id=20","","scripts/legacy/d1-prod-20260315-193839.sql:modelo_id=20"
"6","A139-I-05/12","3","OPS-APP-X1","B","migration_verified","worker-airtrust/migrations/0297_tripulante_ab_distribution.sql:modelo_id=20","","scripts/legacy/d1-prod-20260315-193839.sql:modelo_id=20"
"6","A139-I-05/12","4","OPS-APP-X3","AB","migration_verified","worker-airtrust/migrations/0297_tripulante_ab_distribution.sql:modelo_id=20","","scripts/legacy/d1-prod-20260315-193839.sql:modelo_id=20"
"6","A139-I-05/12","5","CAU-APO-38","A","migration_verified","worker-airtrust/migrations/0297_tripulante_ab_distribution.sql:modelo_id=20","","scripts/legacy/d1-prod-20260315-193839.sql:modelo_id=20"
"6","A139-I-05/12","6","OPS-NAV-X1","AB","migration_verified","worker-airtrust/migrations/0297_tripulante_ab_distribution.sql:modelo_id=20","","scripts/legacy/d1-prod-20260315-193839.sql:modelo_id=20"
"6","A139-I-05/12","7","OPS-NAV-X3","B","migration_verified","worker-airtrust/migrations/0297_tripulante_ab_distribution.sql:modelo_id=20","","scripts/legacy/d1-prod-20260315-193839.sql:modelo_id=20"
"6","A139-I-05/12","8","OPS-NAV-X4","A","migration_verified","worker-airtrust/migrations/0297_tripulante_ab_distribution.sql:modelo_id=20","","scripts/legacy/d1-prod-20260315-193839.sql:modelo_id=20"
"6","A139-I-05/12","9","OPS-APP-X2","B","migration_verified","worker-airtrust/migrations/0297_tripulante_ab_distribution.sql:modelo_id=20","","scripts/legacy/d1-prod-20260315-193839.sql:modelo_id=20"
"6","A139-I-05/12","10","FLY-BAS-X4","AB","migration_verified","worker-airtrust/migrations/0297_tripulante_ab_distribution.sql:modelo_id=20","","scripts/legacy/d1-prod-20260315-193839.sql:modelo_id=20"
"6","A139-I-05/12","11","WAR-OUT-15","A","migration_verified","worker-airtrust/migrations/0297_tripulante_ab_distribution.sql:modelo_id=20","","scripts/legacy/d1-prod-20260315-193839.sql:modelo_id=20"
"6","A139-I-05/12","12","FLY-BAS-17","AB","migration_verified","worker-airtrust/migrations/0297_tripulante_ab_distribution.sql:modelo_id=20","","scripts/legacy/d1-prod-20260315-193839.sql:modelo_id=20"
"6","A139-I-05/12","13","CAU-HOT-65","B","migration_verified","worker-airtrust/migrations/0297_tripulante_ab_distribution.sql:modelo_id=20","","scripts/legacy/d1-prod-20260315-193839.sql:modelo_id=20"
"6","A139-I-05/12","14","WAR-LOW-29","A","migration_verified","worker-airtrust/migrations/0297_tripulante_ab_distribution.sql:modelo_id=20","","scripts/legacy/d1-prod-20260315-193839.sql:modelo_id=20"
"6","A139-I-05/12","15","WAR-HIG-29","B","migration_verified","worker-airtrust/migrations/0297_tripulante_ab_distribution.sql:modelo_id=20","","scripts/legacy/d1-prod-20260315-193839.sql:modelo_id=20"
"6","A139-I-05/12","16","CAU-FLO-73","A","migration_verified","worker-airtrust/migrations/0297_tripulante_ab_distribution.sql:modelo_id=20","","scripts/legacy/d1-prod-20260315-193839.sql:modelo_id=20"
"6","A139-I-05/12","17","CAU-LIC-60","AB","migration_verified","worker-airtrust/migrations/0297_tripulante_ab_distribution.sql:modelo_id=20","","scripts/legacy/d1-prod-20260315-193839.sql:modelo_id=20"
"6","A139-I-05/12","18","FLY-BAS-X1","AB","migration_verified","worker-airtrust/migrations/0297_tripulante_ab_distribution.sql:modelo_id=20","","scripts/legacy/d1-prod-20260315-193839.sql:modelo_id=20"
"6","A139-I-05/12","19","OPS-NRM-X2","AB","migration_verified","worker-airtrust/migrations/0297_tripulante_ab_distribution.sql:modelo_id=20","","scripts/legacy/d1-prod-20260315-193839.sql:modelo_id=20"
"6","A139-I-05/12","20","WAR-STA-X1","B","migration_verified","worker-airtrust/migrations/0297_tripulante_ab_distribution.sql:modelo_id=20","","scripts/legacy/d1-prod-20260315-193839.sql:modelo_id=20"
"6","A139-I-05/12","21","CAU-GPS-52","B","migration_verified","worker-airtrust/migrations/0297_tripulante_ab_distribution.sql:modelo_id=20","","scripts/legacy/d1-prod-20260315-193839.sql:modelo_id=20"
"6","A139-I-05/12","22","CAU-FMS-51","A","migration_verified","worker-airtrust/migrations/0297_tripulante_ab_distribution.sql:modelo_id=20","","scripts/legacy/d1-prod-20260315-193839.sql:modelo_id=20"
"6","A139-I-06/12","1","CAU-APF-37","A","migration_verified","worker-airtrust/migrations/0297_tripulante_ab_distribution.sql:modelo_id=21","","scripts/legacy/d1-prod-20260315-193839.sql:modelo_id=21"
"6","A139-I-06/12","2","CAU-MIS-40","B","migration_verified","worker-airtrust/migrations/0297_tripulante_ab_distribution.sql:modelo_id=21","","scripts/legacy/d1-prod-20260315-193839.sql:modelo_id=21"
"6","A139-I-06/12","3","CAU-SAS-41","A","migration_verified","worker-airtrust/migrations/0297_tripulante_ab_distribution.sql:modelo_id=21","","scripts/legacy/d1-prod-20260315-193839.sql:modelo_id=21"
"6","A139-I-06/12","4","CAU-AFD-41","B","migration_verified","worker-airtrust/migrations/0297_tripulante_ab_distribution.sql:modelo_id=21","","scripts/legacy/d1-prod-20260315-193839.sql:modelo_id=21"
"6","A139-I-06/12","5","FLY-BAS-X2","AB","migration_verified","worker-airtrust/migrations/0297_tripulante_ab_distribution.sql:modelo_id=21","","scripts/legacy/d1-prod-20260315-193839.sql:modelo_id=21"
"6","A139-I-06/12","6","OPS-APP-X1","A","migration_verified","worker-airtrust/migrations/0297_tripulante_ab_distribution.sql:modelo_id=21","","scripts/legacy/d1-prod-20260315-193839.sql:modelo_id=21"
"6","A139-I-06/12","7","OPS-APP-X3","AB","migration_verified","worker-airtrust/migrations/0297_tripulante_ab_distribution.sql:modelo_id=21","","scripts/legacy/d1-prod-20260315-193839.sql:modelo_id=21"
"6","A139-I-06/12","8","OPS-NAV-X2","B","migration_verified","worker-airtrust/migrations/0297_tripulante_ab_distribution.sql:modelo_id=21","","scripts/legacy/d1-prod-20260315-193839.sql:modelo_id=21"
"6","A139-I-06/12","9","FLY-BAS-X4","AB","migration_verified","worker-airtrust/migrations/0297_tripulante_ab_distribution.sql:modelo_id=21","","scripts/legacy/d1-prod-20260315-193839.sql:modelo_id=21"
"6","A139-I-06/12","10","WAR-OUT-15","B","migration_verified","worker-airtrust/migrations/0297_tripulante_ab_distribution.sql:modelo_id=21","","scripts/legacy/d1-prod-20260315-193839.sql:modelo_id=21"
"6","A139-I-06/12","11","FLY-BAS-17","AB","migration_verified","worker-airtrust/migrations/0297_tripulante_ab_distribution.sql:modelo_id=21","","scripts/legacy/d1-prod-20260315-193839.sql:modelo_id=21"
"6","A139-I-06/12","12","OPS-NAV-X1","AB","migration_verified","worker-airtrust/migrations/0297_tripulante_ab_distribution.sql:modelo_id=21","","scripts/legacy/d1-prod-20260315-193839.sql:modelo_id=21"
"6","A139-I-06/12","13","OPS-NAV-X3","A","migration_verified","worker-airtrust/migrations/0297_tripulante_ab_distribution.sql:modelo_id=21","","scripts/legacy/d1-prod-20260315-193839.sql:modelo_id=21"
"6","A139-I-06/12","14","CAU-HOT-65","B","migration_verified","worker-airtrust/migrations/0297_tripulante_ab_distribution.sql:modelo_id=21","","scripts/legacy/d1-prod-20260315-193839.sql:modelo_id=21"
"6","A139-I-06/12","15","WAR-LOW-29","A","migration_verified","worker-airtrust/migrations/0297_tripulante_ab_distribution.sql:modelo_id=21","","scripts/legacy/d1-prod-20260315-193839.sql:modelo_id=21"
"6","A139-I-06/12","16","WAR-HIG-29","B","migration_verified","worker-airtrust/migrations/0297_tripulante_ab_distribution.sql:modelo_id=21","","scripts/legacy/d1-prod-20260315-193839.sql:modelo_id=21"
"6","A139-I-06/12","17","CAU-FLO-73","A","migration_verified","worker-airtrust/migrations/0297_tripulante_ab_distribution.sql:modelo_id=21","","scripts/legacy/d1-prod-20260315-193839.sql:modelo_id=21"
"6","A139-I-06/12","18","CAU-LIC-60","AB","migration_verified","worker-airtrust/migrations/0297_tripulante_ab_distribution.sql:modelo_id=21","","scripts/legacy/d1-prod-20260315-193839.sql:modelo_id=21"
"6","A139-I-06/12","19","FLY-BAS-X1","AB","migration_verified","worker-airtrust/migrations/0297_tripulante_ab_distribution.sql:modelo_id=21","","scripts/legacy/d1-prod-20260315-193839.sql:modelo_id=21"
"6","A139-I-06/12","20","OPS-NRM-X2","AB","migration_verified","worker-airtrust/migrations/0297_tripulante_ab_distribution.sql:modelo_id=21","","scripts/legacy/d1-prod-20260315-193839.sql:modelo_id=21"
"6","A139-I-06/12","21","OPS-APP-X2","B","migration_verified","worker-airtrust/migrations/0297_tripulante_ab_distribution.sql:modelo_id=21","","scripts/legacy/d1-prod-20260315-193839.sql:modelo_id=21"
"6","A139-I-06/12","22","FLY-BAS-X3","AB","migration_verified","worker-airtrust/migrations/0297_tripulante_ab_distribution.sql:modelo_id=21","","scripts/legacy/d1-prod-20260315-193839.sql:modelo_id=21"
"6","A139-I-07/12","1","CAU-ADS-46","A","migration_verified","worker-airtrust/migrations/0297_tripulante_ab_distribution.sql:modelo_id=22","","scripts/legacy/d1-prod-20260315-193839.sql:modelo_id=22"
"6","A139-I-07/12","2","CAU-AHR-47","B","migration_verified","worker-airtrust/migrations/0297_tripulante_ab_distribution.sql:modelo_id=22","","scripts/legacy/d1-prod-20260315-193839.sql:modelo_id=22"
"6","A139-I-07/12","3","CAU-DUD-46","A","migration_verified","worker-airtrust/migrations/0297_tripulante_ab_distribution.sql:modelo_id=22","","scripts/legacy/d1-prod-20260315-193839.sql:modelo_id=22"
"6","A139-I-07/12","4","CAU-PFD-45","B","migration_verified","worker-airtrust/migrations/0297_tripulante_ab_distribution.sql:modelo_id=22","","scripts/legacy/d1-prod-20260315-193839.sql:modelo_id=22"
"6","A139-I-07/12","5","CAU-MFD-45","A","migration_verified","worker-airtrust/migrations/0297_tripulante_ab_distribution.sql:modelo_id=22","","scripts/legacy/d1-prod-20260315-193839.sql:modelo_id=22"
"6","A139-I-07/12","6","CAU-EIC-45","B","migration_verified","worker-airtrust/migrations/0297_tripulante_ab_distribution.sql:modelo_id=22","","scripts/legacy/d1-prod-20260315-193839.sql:modelo_id=22"
"6","A139-I-07/12","7","CAU-ADC-48","A","migration_verified","worker-airtrust/migrations/0297_tripulante_ab_distribution.sql:modelo_id=22","","scripts/legacy/d1-prod-20260315-193839.sql:modelo_id=22"
"6","A139-I-07/12","8","FLY-BAS-X4","AB","migration_verified","worker-airtrust/migrations/0297_tripulante_ab_distribution.sql:modelo_id=22","","scripts/legacy/d1-prod-20260315-193839.sql:modelo_id=22"
"6","A139-I-07/12","9","FLY-BAS-X2","AB","migration_verified","worker-airtrust/migrations/0297_tripulante_ab_distribution.sql:modelo_id=22","","scripts/legacy/d1-prod-20260315-193839.sql:modelo_id=22"
"6","A139-I-07/12","10","OPS-APP-X1","B","migration_verified","worker-airtrust/migrations/0297_tripulante_ab_distribution.sql:modelo_id=22","","scripts/legacy/d1-prod-20260315-193839.sql:modelo_id=22"
"6","A139-I-07/12","11","OPS-APP-X2","A","migration_verified","worker-airtrust/migrations/0297_tripulante_ab_distribution.sql:modelo_id=22","","scripts/legacy/d1-prod-20260315-193839.sql:modelo_id=22"
"6","A139-I-07/12","12","OPS-APP-X3","AB","migration_verified","worker-airtrust/migrations/0297_tripulante_ab_distribution.sql:modelo_id=22","","scripts/legacy/d1-prod-20260315-193839.sql:modelo_id=22"
"6","A139-I-07/12","13","OPS-NAV-X1","AB","migration_verified","worker-airtrust/migrations/0297_tripulante_ab_distribution.sql:modelo_id=22","","scripts/legacy/d1-prod-20260315-193839.sql:modelo_id=22"
"6","A139-I-07/12","14","OPS-NAV-X2","B","migration_verified","worker-airtrust/migrations/0297_tripulante_ab_distribution.sql:modelo_id=22","","scripts/legacy/d1-prod-20260315-193839.sql:modelo_id=22"
"6","A139-I-07/12","15","WAR-OUT-15","A","migration_verified","worker-airtrust/migrations/0297_tripulante_ab_distribution.sql:modelo_id=22","","scripts/legacy/d1-prod-20260315-193839.sql:modelo_id=22"
"6","A139-I-07/12","16","FLY-BAS-17","AB","migration_verified","worker-airtrust/migrations/0297_tripulante_ab_distribution.sql:modelo_id=22","","scripts/legacy/d1-prod-20260315-193839.sql:modelo_id=22"
"6","A139-I-07/12","17","CAU-HOT-65","B","migration_verified","worker-airtrust/migrations/0297_tripulante_ab_distribution.sql:modelo_id=22","","scripts/legacy/d1-prod-20260315-193839.sql:modelo_id=22"
"6","A139-I-07/12","18","WAR-LOW-29","A","migration_verified","worker-airtrust/migrations/0297_tripulante_ab_distribution.sql:modelo_id=22","","scripts/legacy/d1-prod-20260315-193839.sql:modelo_id=22"
"6","A139-I-07/12","19","WAR-HIG-29","B","migration_verified","worker-airtrust/migrations/0297_tripulante_ab_distribution.sql:modelo_id=22","","scripts/legacy/d1-prod-20260315-193839.sql:modelo_id=22"
"6","A139-I-07/12","20","CAU-FLO-73","A","migration_verified","worker-airtrust/migrations/0297_tripulante_ab_distribution.sql:modelo_id=22","","scripts/legacy/d1-prod-20260315-193839.sql:modelo_id=22"
"6","A139-I-07/12","21","OPS-NRM-X2","AB","migration_verified","worker-airtrust/migrations/0297_tripulante_ab_distribution.sql:modelo_id=22","","scripts/legacy/d1-prod-20260315-193839.sql:modelo_id=22"
"6","A139-I-07/12","22","WAR-STA-X1","B","migration_verified","worker-airtrust/migrations/0297_tripulante_ab_distribution.sql:modelo_id=22","","scripts/legacy/d1-prod-20260315-193839.sql:modelo_id=22"
"6","A139-I-08/12","1","WAR-MGB-30","A","migration_verified","worker-airtrust/migrations/0297_tripulante_ab_distribution.sql:modelo_id=23","","scripts/legacy/d1-prod-20260315-193839.sql:modelo_id=23"
"6","A139-I-08/12","2","WAR-TMP-30","B","migration_verified","worker-airtrust/migrations/0297_tripulante_ab_distribution.sql:modelo_id=23","","scripts/legacy/d1-prod-20260315-193839.sql:modelo_id=23"
"6","A139-I-08/12","3","CAU-MGP-105","A","migration_verified","worker-airtrust/migrations/0297_tripulante_ab_distribution.sql:modelo_id=23","","scripts/legacy/d1-prod-20260315-193839.sql:modelo_id=23"
"6","A139-I-08/12","4","WAR-TDR-X1","B","migration_verified","worker-airtrust/migrations/0297_tripulante_ab_distribution.sql:modelo_id=23","","scripts/legacy/d1-prod-20260315-193839.sql:modelo_id=23"
"6","A139-I-08/12","5","WAR-TCS-X1","A","migration_verified","worker-airtrust/migrations/0297_tripulante_ab_distribution.sql:modelo_id=23","","scripts/legacy/d1-prod-20260315-193839.sql:modelo_id=23"
"6","A139-I-08/12","6","WAR-MRC-X1","B","migration_verified","worker-airtrust/migrations/0297_tripulante_ab_distribution.sql:modelo_id=23","","scripts/legacy/d1-prod-20260315-193839.sql:modelo_id=23"
"6","A139-I-08/12","7","WAR-TRC-X1","A","migration_verified","worker-airtrust/migrations/0297_tripulante_ab_distribution.sql:modelo_id=23","","scripts/legacy/d1-prod-20260315-193839.sql:modelo_id=23"
"6","A139-I-08/12","8","CAU-HYP-77","B","migration_verified","worker-airtrust/migrations/0297_tripulante_ab_distribution.sql:modelo_id=23","","scripts/legacy/d1-prod-20260315-193839.sql:modelo_id=23"
"6","A139-I-08/12","9","CAU-SRV-80","A","migration_verified","worker-airtrust/migrations/0297_tripulante_ab_distribution.sql:modelo_id=23","","scripts/legacy/d1-prod-20260315-193839.sql:modelo_id=23"
"6","A139-I-08/12","10","FLY-BAS-X1","AB","migration_verified","worker-airtrust/migrations/0297_tripulante_ab_distribution.sql:modelo_id=23","","scripts/legacy/d1-prod-20260315-193839.sql:modelo_id=23"
"6","A139-I-08/12","11","OPS-NRM-X2","AB","migration_verified","worker-airtrust/migrations/0297_tripulante_ab_distribution.sql:modelo_id=23","","scripts/legacy/d1-prod-20260315-193839.sql:modelo_id=23"
"6","A139-I-08/12","12","FLY-BAS-X3","AB","migration_verified","worker-airtrust/migrations/0297_tripulante_ab_distribution.sql:modelo_id=23","","scripts/legacy/d1-prod-20260315-193839.sql:modelo_id=23"
"6","A139-I-08/12","13","WAR-OUT-15","B","migration_verified","worker-airtrust/migrations/0297_tripulante_ab_distribution.sql:modelo_id=23","","scripts/legacy/d1-prod-20260315-193839.sql:modelo_id=23"
"6","A139-I-08/12","14","FLY-BAS-17","AB","migration_verified","worker-airtrust/migrations/0297_tripulante_ab_distribution.sql:modelo_id=23","","scripts/legacy/d1-prod-20260315-193839.sql:modelo_id=23"
"6","A139-I-08/12","15","WAR-GER-27","A","migration_verified","worker-airtrust/migrations/0297_tripulante_ab_distribution.sql:modelo_id=23","","scripts/legacy/d1-prod-20260315-193839.sql:modelo_id=23"
"6","A139-I-08/12","16","CAU-HOT-65","B","migration_verified","worker-airtrust/migrations/0297_tripulante_ab_distribution.sql:modelo_id=23","","scripts/legacy/d1-prod-20260315-193839.sql:modelo_id=23"
"6","A139-I-08/12","17","WAR-LOW-29","A","migration_verified","worker-airtrust/migrations/0297_tripulante_ab_distribution.sql:modelo_id=23","","scripts/legacy/d1-prod-20260315-193839.sql:modelo_id=23"
"6","A139-I-08/12","18","WAR-HIG-29","B","migration_verified","worker-airtrust/migrations/0297_tripulante_ab_distribution.sql:modelo_id=23","","scripts/legacy/d1-prod-20260315-193839.sql:modelo_id=23"
"6","A139-I-08/12","19","CAU-FLO-73","A","migration_verified","worker-airtrust/migrations/0297_tripulante_ab_distribution.sql:modelo_id=23","","scripts/legacy/d1-prod-20260315-193839.sql:modelo_id=23"
"6","A139-I-08/12","20","OPS-NRM-X1","AB","migration_verified","worker-airtrust/migrations/0297_tripulante_ab_distribution.sql:modelo_id=23","","scripts/legacy/d1-prod-20260315-193839.sql:modelo_id=23"
"6","A139-I-08/12","21","FLY-BAS-X2","AB","migration_verified","worker-airtrust/migrations/0297_tripulante_ab_distribution.sql:modelo_id=23","","scripts/legacy/d1-prod-20260315-193839.sql:modelo_id=23"
"6","A139-I-08/12","22","OPS-APP-X1","B","migration_verified","worker-airtrust/migrations/0297_tripulante_ab_distribution.sql:modelo_id=23","","scripts/legacy/d1-prod-20260315-193839.sql:modelo_id=23"
"6","A139-I-09/12","1","WAR-FIR-21","A","migration_verified","worker-airtrust/migrations/0297_tripulante_ab_distribution.sql:modelo_id=24","","scripts/legacy/d1-prod-20260315-193839.sql:modelo_id=24"
"6","A139-I-09/12","2","WAR-CAB-23","B","migration_verified","worker-airtrust/migrations/0297_tripulante_ab_distribution.sql:modelo_id=24","","scripts/legacy/d1-prod-20260315-193839.sql:modelo_id=24"
"6","A139-I-09/12","3","WAR-BAG-23","A","migration_verified","worker-airtrust/migrations/0297_tripulante_ab_distribution.sql:modelo_id=24","","scripts/legacy/d1-prod-20260315-193839.sql:modelo_id=24"
"6","A139-I-09/12","4","CAU-O2P-82","B","migration_verified","worker-airtrust/migrations/0297_tripulante_ab_distribution.sql:modelo_id=24","","scripts/legacy/d1-prod-20260315-193839.sql:modelo_id=24"
"6","A139-I-09/12","5","WAR-OUT-15","A","migration_verified","worker-airtrust/migrations/0297_tripulante_ab_distribution.sql:modelo_id=24","","scripts/legacy/d1-prod-20260315-193839.sql:modelo_id=24"
"6","A139-I-09/12","6","FLY-BAS-17","AB","migration_verified","worker-airtrust/migrations/0297_tripulante_ab_distribution.sql:modelo_id=24","","scripts/legacy/d1-prod-20260315-193839.sql:modelo_id=24"
"6","A139-I-09/12","7","FLY-BAS-X1","AB","migration_verified","worker-airtrust/migrations/0297_tripulante_ab_distribution.sql:modelo_id=24","","scripts/legacy/d1-prod-20260315-193839.sql:modelo_id=24"
"6","A139-I-09/12","8","FLY-BAS-X2","AB","migration_verified","worker-airtrust/migrations/0297_tripulante_ab_distribution.sql:modelo_id=24","","scripts/legacy/d1-prod-20260315-193839.sql:modelo_id=24"
"6","A139-I-09/12","9","OPS-NRM-X2","AB","migration_verified","worker-airtrust/migrations/0297_tripulante_ab_distribution.sql:modelo_id=24","","scripts/legacy/d1-prod-20260315-193839.sql:modelo_id=24"
"6","A139-I-09/12","10","FLY-BAS-X3","AB","migration_verified","worker-airtrust/migrations/0297_tripulante_ab_distribution.sql:modelo_id=24","","scripts/legacy/d1-prod-20260315-193839.sql:modelo_id=24"
"6","A139-I-09/12","11","WAR-GER-27","B","migration_verified","worker-airtrust/migrations/0297_tripulante_ab_distribution.sql:modelo_id=24","","scripts/legacy/d1-prod-20260315-193839.sql:modelo_id=24"
"6","A139-I-09/12","12","CAU-HYP-77","A","migration_verified","worker-airtrust/migrations/0297_tripulante_ab_distribution.sql:modelo_id=24","","scripts/legacy/d1-prod-20260315-193839.sql:modelo_id=24"
"6","A139-I-09/12","13","CAU-SRV-80","B","migration_verified","worker-airtrust/migrations/0297_tripulante_ab_distribution.sql:modelo_id=24","","scripts/legacy/d1-prod-20260315-193839.sql:modelo_id=24"
"6","A139-I-09/12","14","WAR-LOW-29","A","migration_verified","worker-airtrust/migrations/0297_tripulante_ab_distribution.sql:modelo_id=24","","scripts/legacy/d1-prod-20260315-193839.sql:modelo_id=24"
"6","A139-I-09/12","15","WAR-HIG-29","B","migration_verified","worker-airtrust/migrations/0297_tripulante_ab_distribution.sql:modelo_id=24","","scripts/legacy/d1-prod-20260315-193839.sql:modelo_id=24"
"6","A139-I-09/12","16","CAU-HOT-65","B","migration_verified","worker-airtrust/migrations/0297_tripulante_ab_distribution.sql:modelo_id=24","","scripts/legacy/d1-prod-20260315-193839.sql:modelo_id=24"
"6","A139-I-09/12","17","CAU-FLO-73","A","migration_verified","worker-airtrust/migrations/0297_tripulante_ab_distribution.sql:modelo_id=24","","scripts/legacy/d1-prod-20260315-193839.sql:modelo_id=24"
"6","A139-I-09/12","18","OPS-APP-X1","B","migration_verified","worker-airtrust/migrations/0297_tripulante_ab_distribution.sql:modelo_id=24","","scripts/legacy/d1-prod-20260315-193839.sql:modelo_id=24"
"6","A139-I-09/12","19","OPS-APP-X3","AB","migration_verified","worker-airtrust/migrations/0297_tripulante_ab_distribution.sql:modelo_id=24","","scripts/legacy/d1-prod-20260315-193839.sql:modelo_id=24"
"6","A139-I-09/12","20","WAR-STA-X1","A","migration_verified","worker-airtrust/migrations/0297_tripulante_ab_distribution.sql:modelo_id=24","","scripts/legacy/d1-prod-20260315-193839.sql:modelo_id=24"
"6","A139-I-09/12","21","FLY-BAS-X4","AB","migration_verified","worker-airtrust/migrations/0297_tripulante_ab_distribution.sql:modelo_id=24","","scripts/legacy/d1-prod-20260315-193839.sql:modelo_id=24"
"6","A139-I-09/12","22","OPS-NRM-X1","AB","migration_verified","worker-airtrust/migrations/0297_tripulante_ab_distribution.sql:modelo_id=24","","scripts/legacy/d1-prod-20260315-193839.sql:modelo_id=24"
"6","A139-I-10/12","1","OPS-OFF-X1","AB","migration_verified","worker-airtrust/migrations/0297_tripulante_ab_distribution.sql:modelo_id=25","","scripts/legacy/d1-prod-20260315-193839.sql:modelo_id=25"
"6","A139-I-10/12","2","OPS-OFF-X2","AB","migration_verified","worker-airtrust/migrations/0297_tripulante_ab_distribution.sql:modelo_id=25","","scripts/legacy/d1-prod-20260315-193839.sql:modelo_id=25"
"6","A139-I-10/12","3","OPS-APP-X4","A","migration_verified","worker-airtrust/migrations/0297_tripulante_ab_distribution.sql:modelo_id=25","","scripts/legacy/d1-prod-20260315-193839.sql:modelo_id=25"
"6","A139-I-10/12","4","OPS-NRM-X2","AB","migration_verified","worker-airtrust/migrations/0297_tripulante_ab_distribution.sql:modelo_id=25","","scripts/legacy/d1-prod-20260315-193839.sql:modelo_id=25"
"6","A139-I-10/12","5","FLY-BAS-X1","AB","migration_verified","worker-airtrust/migrations/0297_tripulante_ab_distribution.sql:modelo_id=25","","scripts/legacy/d1-prod-20260315-193839.sql:modelo_id=25"
"6","A139-I-10/12","6","FLY-BAS-X2","AB","migration_verified","worker-airtrust/migrations/0297_tripulante_ab_distribution.sql:modelo_id=25","","scripts/legacy/d1-prod-20260315-193839.sql:modelo_id=25"
"6","A139-I-10/12","7","FLY-BAS-X3","AB","migration_verified","worker-airtrust/migrations/0297_tripulante_ab_distribution.sql:modelo_id=25","","scripts/legacy/d1-prod-20260315-193839.sql:modelo_id=25"
"6","A139-I-10/12","8","OPS-NAV-X1","AB","migration_verified","worker-airtrust/migrations/0297_tripulante_ab_distribution.sql:modelo_id=25","","scripts/legacy/d1-prod-20260315-193839.sql:modelo_id=25"
"6","A139-I-10/12","9","OPS-NAV-X2","B","migration_verified","worker-airtrust/migrations/0297_tripulante_ab_distribution.sql:modelo_id=25","","scripts/legacy/d1-prod-20260315-193839.sql:modelo_id=25"
"6","A139-I-10/12","10","OPS-APP-X1","A","migration_verified","worker-airtrust/migrations/0297_tripulante_ab_distribution.sql:modelo_id=25","","scripts/legacy/d1-prod-20260315-193839.sql:modelo_id=25"
"6","A139-I-10/12","11","CAU-FLO-73","B","migration_verified","worker-airtrust/migrations/0297_tripulante_ab_distribution.sql:modelo_id=25","","scripts/legacy/d1-prod-20260315-193839.sql:modelo_id=25"
"6","A139-I-10/12","12","WAR-OUT-15","A","migration_verified","worker-airtrust/migrations/0297_tripulante_ab_distribution.sql:modelo_id=25","","scripts/legacy/d1-prod-20260315-193839.sql:modelo_id=25"
"6","A139-I-10/12","13","FLY-BAS-17","AB","migration_verified","worker-airtrust/migrations/0297_tripulante_ab_distribution.sql:modelo_id=25","","scripts/legacy/d1-prod-20260315-193839.sql:modelo_id=25"
"6","A139-I-10/12","14","CAU-2FP-74","B","migration_verified","worker-airtrust/migrations/0297_tripulante_ab_distribution.sql:modelo_id=25","","scripts/legacy/d1-prod-20260315-193839.sql:modelo_id=25"
"6","A139-I-10/12","15","WAR-LOW-29","A","migration_verified","worker-airtrust/migrations/0297_tripulante_ab_distribution.sql:modelo_id=25","","scripts/legacy/d1-prod-20260315-193839.sql:modelo_id=25"
"6","A139-I-10/12","16","WAR-HIG-29","B","migration_verified","worker-airtrust/migrations/0297_tripulante_ab_distribution.sql:modelo_id=25","","scripts/legacy/d1-prod-20260315-193839.sql:modelo_id=25"
"6","A139-I-10/12","17","CAU-HOT-65","B","migration_verified","worker-airtrust/migrations/0297_tripulante_ab_distribution.sql:modelo_id=25","","scripts/legacy/d1-prod-20260315-193839.sql:modelo_id=25"
"6","A139-I-10/12","18","CAU-LIC-60","AB","migration_verified","worker-airtrust/migrations/0297_tripulante_ab_distribution.sql:modelo_id=25","","scripts/legacy/d1-prod-20260315-193839.sql:modelo_id=25"
"6","A139-I-10/12","19","WAR-GEN-11","A","migration_verified","worker-airtrust/migrations/0297_tripulante_ab_distribution.sql:modelo_id=25","","scripts/legacy/d1-prod-20260315-193839.sql:modelo_id=25"
"6","A139-I-10/12","20","CAU-DCG-53","B","migration_verified","worker-airtrust/migrations/0297_tripulante_ab_distribution.sql:modelo_id=25","","scripts/legacy/d1-prod-20260315-193839.sql:modelo_id=25"
"6","A139-I-10/12","21","OPS-NRM-X1","AB","migration_verified","worker-airtrust/migrations/0297_tripulante_ab_distribution.sql:modelo_id=25","","scripts/legacy/d1-prod-20260315-193839.sql:modelo_id=25"
"6","A139-I-10/12","22","OPS-APP-X3","AB","migration_verified","worker-airtrust/migrations/0297_tripulante_ab_distribution.sql:modelo_id=25","","scripts/legacy/d1-prod-20260315-193839.sql:modelo_id=25"
"6","A139-I-11/12","1","LOFT-CHK-01","AB","responsavel_operacional_confirmado","responsavel_operacional_confirmado_2026-06-16:A139-I-11/12:AB","","docs/vendor/pto/relacao_manobras_pto_rev10_ocr.md:page=106"
"6","A139-I-11/12","2","LOFT-CHK-02","AB","responsavel_operacional_confirmado","responsavel_operacional_confirmado_2026-06-16:A139-I-11/12:AB","","docs/vendor/pto/relacao_manobras_pto_rev10_ocr.md:page=106"
"6","A139-I-11/12","3","LOFT-CHK-03","AB","responsavel_operacional_confirmado","responsavel_operacional_confirmado_2026-06-16:A139-I-11/12:AB","","docs/vendor/pto/relacao_manobras_pto_rev10_ocr.md:page=106"
"6","A139-I-11/12","4","LOFT-CHK-04","AB","responsavel_operacional_confirmado","responsavel_operacional_confirmado_2026-06-16:A139-I-11/12:AB","","docs/vendor/pto/relacao_manobras_pto_rev10_ocr.md:page=106"
"6","A139-I-11/12","5","LOFT-CHK-05","AB","responsavel_operacional_confirmado","responsavel_operacional_confirmado_2026-06-16:A139-I-11/12:AB","","docs/vendor/pto/relacao_manobras_pto_rev10_ocr.md:page=106"
"6","A139-I-11/12","6","LOFT-CHK-06","AB","responsavel_operacional_confirmado","responsavel_operacional_confirmado_2026-06-16:A139-I-11/12:AB","","docs/vendor/pto/relacao_manobras_pto_rev10_ocr.md:page=106"
"6","A139-I-11/12","7","LOFT-CHK-07","AB","responsavel_operacional_confirmado","responsavel_operacional_confirmado_2026-06-16:A139-I-11/12:AB","","docs/vendor/pto/relacao_manobras_pto_rev10_ocr.md:page=106"
"6","A139-I-11/12","8","LOFT-CHK-08","AB","responsavel_operacional_confirmado","responsavel_operacional_confirmado_2026-06-16:A139-I-11/12:AB","","docs/vendor/pto/relacao_manobras_pto_rev10_ocr.md:page=106"
"6","A139-I-11/12","9","LOFT-CHK-09","AB","responsavel_operacional_confirmado","responsavel_operacional_confirmado_2026-06-16:A139-I-11/12:AB","","docs/vendor/pto/relacao_manobras_pto_rev10_ocr.md:page=106"
"6","A139-I-11/12","10","LOFT-CHK-10","AB","responsavel_operacional_confirmado","responsavel_operacional_confirmado_2026-06-16:A139-I-11/12:AB","","docs/vendor/pto/relacao_manobras_pto_rev10_ocr.md:page=106"
"6","A139-I-11/12","11","LOFT-CHK-11","AB","responsavel_operacional_confirmado","responsavel_operacional_confirmado_2026-06-16:A139-I-11/12:AB","","docs/vendor/pto/relacao_manobras_pto_rev10_ocr.md:page=106"
"6","A139-I-11/12","12","LOFT-CHK-12","AB","responsavel_operacional_confirmado","responsavel_operacional_confirmado_2026-06-16:A139-I-11/12:AB","","docs/vendor/pto/relacao_manobras_pto_rev10_ocr.md:page=106"
"6","A139-I-11/12","13","LOFT-CHK-13","AB","responsavel_operacional_confirmado","responsavel_operacional_confirmado_2026-06-16:A139-I-11/12:AB","","docs/vendor/pto/relacao_manobras_pto_rev10_ocr.md:page=106"
"6","A139-I-11/12","14","LOFT-CHK-14","AB","responsavel_operacional_confirmado","responsavel_operacional_confirmado_2026-06-16:A139-I-11/12:AB","","docs/vendor/pto/relacao_manobras_pto_rev10_ocr.md:page=106"
"6","A139-I-11/12","15","LOFT-CHK-15","AB","responsavel_operacional_confirmado","responsavel_operacional_confirmado_2026-06-16:A139-I-11/12:AB","","docs/vendor/pto/relacao_manobras_pto_rev10_ocr.md:page=106"
"6","A139-I-11/12","16","LOFT-CHK-16","AB","responsavel_operacional_confirmado","responsavel_operacional_confirmado_2026-06-16:A139-I-11/12:AB","","docs/vendor/pto/relacao_manobras_pto_rev10_ocr.md:page=106"
"6","A139-I-11/12","17","LOFT-CHK-17","AB","responsavel_operacional_confirmado","responsavel_operacional_confirmado_2026-06-16:A139-I-11/12:AB","","docs/vendor/pto/relacao_manobras_pto_rev10_ocr.md:page=106"
"6","A139-I-11/12","18","LOFT-CHK-18","AB","responsavel_operacional_confirmado","responsavel_operacional_confirmado_2026-06-16:A139-I-11/12:AB","","docs/vendor/pto/relacao_manobras_pto_rev10_ocr.md:page=106"
"6","A139-I-11/12","19","LOFT-CHK-19","AB","responsavel_operacional_confirmado","responsavel_operacional_confirmado_2026-06-16:A139-I-11/12:AB","","docs/vendor/pto/relacao_manobras_pto_rev10_ocr.md:page=106"
"6","A139-I-11/12","20","LOFT-CHK-20","AB","responsavel_operacional_confirmado","responsavel_operacional_confirmado_2026-06-16:A139-I-11/12:AB","","docs/vendor/pto/relacao_manobras_pto_rev10_ocr.md:page=106"
"6","A139-I-11/12","21","LOFT-CHK-21","AB","responsavel_operacional_confirmado","responsavel_operacional_confirmado_2026-06-16:A139-I-11/12:AB","","docs/vendor/pto/relacao_manobras_pto_rev10_ocr.md:page=106"
"6","A139-I-11/12","22","LOFT-CHK-22","AB","responsavel_operacional_confirmado","responsavel_operacional_confirmado_2026-06-16:A139-I-11/12:AB","","docs/vendor/pto/relacao_manobras_pto_rev10_ocr.md:page=106"
"6","A139-I-12/12","1","LOFT-CHK-01","AB","migration_verified","worker-airtrust/migrations/0299_loft_chk_manobras.sql","","worker-airtrust/migrations/0299_loft_chk_manobras.sql"
"6","A139-I-12/12","2","LOFT-CHK-02","AB","migration_verified","worker-airtrust/migrations/0299_loft_chk_manobras.sql","","worker-airtrust/migrations/0299_loft_chk_manobras.sql"
"6","A139-I-12/12","3","LOFT-CHK-03","AB","migration_verified","worker-airtrust/migrations/0299_loft_chk_manobras.sql","","worker-airtrust/migrations/0299_loft_chk_manobras.sql"
"6","A139-I-12/12","4","LOFT-CHK-04","AB","migration_verified","worker-airtrust/migrations/0299_loft_chk_manobras.sql","","worker-airtrust/migrations/0299_loft_chk_manobras.sql"
"6","A139-I-12/12","5","LOFT-CHK-05","AB","migration_verified","worker-airtrust/migrations/0299_loft_chk_manobras.sql","","worker-airtrust/migrations/0299_loft_chk_manobras.sql"
"6","A139-I-12/12","6","LOFT-CHK-06","AB","migration_verified","worker-airtrust/migrations/0299_loft_chk_manobras.sql","","worker-airtrust/migrations/0299_loft_chk_manobras.sql"
"6","A139-I-12/12","7","LOFT-CHK-07","AB","migration_verified","worker-airtrust/migrations/0299_loft_chk_manobras.sql","","worker-airtrust/migrations/0299_loft_chk_manobras.sql"
"6","A139-I-12/12","8","LOFT-CHK-08","AB","migration_verified","worker-airtrust/migrations/0299_loft_chk_manobras.sql","","worker-airtrust/migrations/0299_loft_chk_manobras.sql"
"6","A139-I-12/12","9","LOFT-CHK-09","AB","migration_verified","worker-airtrust/migrations/0299_loft_chk_manobras.sql","","worker-airtrust/migrations/0299_loft_chk_manobras.sql"
"6","A139-I-12/12","10","LOFT-CHK-10","AB","migration_verified","worker-airtrust/migrations/0299_loft_chk_manobras.sql","","worker-airtrust/migrations/0299_loft_chk_manobras.sql"
"6","A139-I-12/12","11","LOFT-CHK-11","AB","migration_verified","worker-airtrust/migrations/0299_loft_chk_manobras.sql","","worker-airtrust/migrations/0299_loft_chk_manobras.sql"
"6","A139-I-12/12","12","LOFT-CHK-12","AB","migration_verified","worker-airtrust/migrations/0299_loft_chk_manobras.sql","","worker-airtrust/migrations/0299_loft_chk_manobras.sql"
"6","A139-I-12/12","13","LOFT-CHK-13","AB","migration_verified","worker-airtrust/migrations/0299_loft_chk_manobras.sql","","worker-airtrust/migrations/0299_loft_chk_manobras.sql"
"6","A139-I-12/12","14","LOFT-CHK-14","AB","migration_verified","worker-airtrust/migrations/0299_loft_chk_manobras.sql","","worker-airtrust/migrations/0299_loft_chk_manobras.sql"
"6","A139-I-12/12","15","LOFT-CHK-15","AB","migration_verified","worker-airtrust/migrations/0299_loft_chk_manobras.sql","","worker-airtrust/migrations/0299_loft_chk_manobras.sql"
"6","A139-I-12/12","16","LOFT-CHK-16","AB","migration_verified","worker-airtrust/migrations/0299_loft_chk_manobras.sql","","worker-airtrust/migrations/0299_loft_chk_manobras.sql"
"6","A139-I-12/12","17","LOFT-CHK-17","AB","migration_verified","worker-airtrust/migrations/0299_loft_chk_manobras.sql","","worker-airtrust/migrations/0299_loft_chk_manobras.sql"
"6","A139-I-12/12","18","LOFT-CHK-18","AB","migration_verified","worker-airtrust/migrations/0299_loft_chk_manobras.sql","","worker-airtrust/migrations/0299_loft_chk_manobras.sql"
"6","A139-I-12/12","19","LOFT-CHK-19","AB","migration_verified","worker-airtrust/migrations/0299_loft_chk_manobras.sql","","worker-airtrust/migrations/0299_loft_chk_manobras.sql"
"6","A139-I-12/12","20","LOFT-CHK-20","AB","migration_verified","worker-airtrust/migrations/0299_loft_chk_manobras.sql","","worker-airtrust/migrations/0299_loft_chk_manobras.sql"
"6","A139-I-12/12","21","LOFT-CHK-21","AB","migration_verified","worker-airtrust/migrations/0299_loft_chk_manobras.sql","","worker-airtrust/migrations/0299_loft_chk_manobras.sql"
"6","A139-I-12/12","22","LOFT-CHK-22","AB","migration_verified","worker-airtrust/migrations/0299_loft_chk_manobras.sql","","worker-airtrust/migrations/0299_loft_chk_manobras.sql"
"6","A139-NOT-01","1","LOFT-NOT-01","AB","migration_verified","worker-airtrust/migrations/0383_split_night_training_onshore_offshore.sql","PF:AB","worker-airtrust/migrations/0383_split_night_training_onshore_offshore.sql"
"6","A139-NOT-01","2","LOFT-NOT-02","AB","migration_verified","worker-airtrust/migrations/0383_split_night_training_onshore_offshore.sql","PF:AB","worker-airtrust/migrations/0383_split_night_training_onshore_offshore.sql"
"6","A139-NOT-01","3","LOFT-NOT-04","AB","migration_verified","worker-airtrust/migrations/0383_split_night_training_onshore_offshore.sql","PF:AB","worker-airtrust/migrations/0383_split_night_training_onshore_offshore.sql"
"6","A139-NOT-01","4","LOFT-NOT-05","AB","migration_verified","worker-airtrust/migrations/0383_split_night_training_onshore_offshore.sql","PF:AB","worker-airtrust/migrations/0383_split_night_training_onshore_offshore.sql"
"6","A139-NOT-01","5","LOFT-NOT-06","AB","migration_verified","worker-airtrust/migrations/0383_split_night_training_onshore_offshore.sql","PF:AB","worker-airtrust/migrations/0383_split_night_training_onshore_offshore.sql"
"6","A139-NOT-01","6","LOFT-NOT-07","AB","migration_verified","worker-airtrust/migrations/0383_split_night_training_onshore_offshore.sql","PF:AB","worker-airtrust/migrations/0383_split_night_training_onshore_offshore.sql"
"6","A139-NOT-01","7","LOFT-NOT-08","AB","migration_verified","worker-airtrust/migrations/0383_split_night_training_onshore_offshore.sql","PF:AB","worker-airtrust/migrations/0383_split_night_training_onshore_offshore.sql"
"6","A139-NOT-01","8","FLY-BAS-X3","AB","migration_verified","worker-airtrust/migrations/0383_split_night_training_onshore_offshore.sql","PF:AB","worker-airtrust/migrations/0383_split_night_training_onshore_offshore.sql"
"6","A139-NOT-01","9","LOFT-NOT-10","AB","migration_verified","worker-airtrust/migrations/0383_split_night_training_onshore_offshore.sql","PF:AB","worker-airtrust/migrations/0383_split_night_training_onshore_offshore.sql"
"6","A139-NOT-01","10","LOFT-NOT-24","AB","migration_verified","worker-airtrust/migrations/0383_split_night_training_onshore_offshore.sql","PF:AB","worker-airtrust/migrations/0383_split_night_training_onshore_offshore.sql"
"6","A139-NOT-01","11","LOFT-NOT-25","AB","migration_verified","worker-airtrust/migrations/0383_split_night_training_onshore_offshore.sql","PF:AB","worker-airtrust/migrations/0383_split_night_training_onshore_offshore.sql"
"6","A139-NOT-01","12","LOFT-NOT-26","AB","migration_verified","worker-airtrust/migrations/0383_split_night_training_onshore_offshore.sql","PF:AB","worker-airtrust/migrations/0383_split_night_training_onshore_offshore.sql"
"6","A139-NOT-01","13","LOFT-NOT-15","AB","migration_verified","worker-airtrust/migrations/0383_split_night_training_onshore_offshore.sql","PF:AB","worker-airtrust/migrations/0383_split_night_training_onshore_offshore.sql"
"6","A139-NOT-01","14","OPS-APP-X4","AB","migration_verified","worker-airtrust/migrations/0383_split_night_training_onshore_offshore.sql","PF:AB","worker-airtrust/migrations/0383_split_night_training_onshore_offshore.sql"
"6","A139-NOT-01","15","LOFT-NOT-29","AB","migration_verified","worker-airtrust/migrations/0383_split_night_training_onshore_offshore.sql","PF:AB","worker-airtrust/migrations/0383_split_night_training_onshore_offshore.sql"
"6","A139-NOT-01","16","LOFT-NOT-30","AB","migration_verified","worker-airtrust/migrations/0383_split_night_training_onshore_offshore.sql","PF:AB","worker-airtrust/migrations/0383_split_night_training_onshore_offshore.sql"
"6","A139-NOT-01","17","LOFT-NOT-16","AB","migration_verified","worker-airtrust/migrations/0383_split_night_training_onshore_offshore.sql","PF:AB","worker-airtrust/migrations/0383_split_night_training_onshore_offshore.sql"
"6","A139-NOT-01","18","LOFT-NOT-31","AB","migration_verified","worker-airtrust/migrations/0383_split_night_training_onshore_offshore.sql","PF:AB","worker-airtrust/migrations/0383_split_night_training_onshore_offshore.sql"
"6","A139-NOT-01","19","LOFT-NOT-09","AB","migration_verified","worker-airtrust/migrations/0383_split_night_training_onshore_offshore.sql","PF:AB","worker-airtrust/migrations/0383_split_night_training_onshore_offshore.sql"
"6","A139-NOT-01","20","LOFT-NOT-11","AB","migration_verified","worker-airtrust/migrations/0383_split_night_training_onshore_offshore.sql","PF:AB","worker-airtrust/migrations/0383_split_night_training_onshore_offshore.sql"
"6","A139-NOT-01","21","LOFT-NOT-21","AB","migration_verified","worker-airtrust/migrations/0383_split_night_training_onshore_offshore.sql","PF:AB","worker-airtrust/migrations/0383_split_night_training_onshore_offshore.sql"
"6","A139-NOT-01","22","LOFT-NOT-20","AB","migration_verified","worker-airtrust/migrations/0383_split_night_training_onshore_offshore.sql","PF:AB","worker-airtrust/migrations/0383_split_night_training_onshore_offshore.sql"
"6","A139-NOT-02","1","LOFT-NOT-23","AB","migration_verified","worker-airtrust/migrations/0383_split_night_training_onshore_offshore.sql","PF:AB","worker-airtrust/migrations/0383_split_night_training_onshore_offshore.sql"
"6","A139-NOT-02","2","LOFT-OFF-01","AB","migration_verified","worker-airtrust/migrations/0383_split_night_training_onshore_offshore.sql","PF:AB","worker-airtrust/migrations/0383_split_night_training_onshore_offshore.sql"
"6","A139-NOT-02","3","LOFT-OFF-02","AB","migration_verified","worker-airtrust/migrations/0383_split_night_training_onshore_offshore.sql","PF:AB","worker-airtrust/migrations/0383_split_night_training_onshore_offshore.sql"
"6","A139-NOT-02","4","LOFT-OFF-04","AB","migration_verified","worker-airtrust/migrations/0383_split_night_training_onshore_offshore.sql","PF:AB","worker-airtrust/migrations/0383_split_night_training_onshore_offshore.sql"
"6","A139-NOT-02","5","LOFT-NOT-24","AB","migration_verified","worker-airtrust/migrations/0383_split_night_training_onshore_offshore.sql","PF:AB","worker-airtrust/migrations/0383_split_night_training_onshore_offshore.sql"
"6","A139-NOT-02","6","LOFT-NOT-25","AB","migration_verified","worker-airtrust/migrations/0383_split_night_training_onshore_offshore.sql","PF:AB","worker-airtrust/migrations/0383_split_night_training_onshore_offshore.sql"
"6","A139-NOT-02","7","LOFT-OFF-07","AB","migration_verified","worker-airtrust/migrations/0383_split_night_training_onshore_offshore.sql","PF:AB","worker-airtrust/migrations/0383_split_night_training_onshore_offshore.sql"
"6","A139-NOT-02","8","OPS-OFF-X1","AB","migration_verified","worker-airtrust/migrations/0383_split_night_training_onshore_offshore.sql","PF:AB","worker-airtrust/migrations/0383_split_night_training_onshore_offshore.sql"
"6","A139-NOT-02","9","LOFT-OFF-09","AB","migration_verified","worker-airtrust/migrations/0383_split_night_training_onshore_offshore.sql","PF:AB","worker-airtrust/migrations/0383_split_night_training_onshore_offshore.sql"
"6","A139-NOT-02","10","LOFT-OFF-10","AB","migration_verified","worker-airtrust/migrations/0383_split_night_training_onshore_offshore.sql","PF:AB","worker-airtrust/migrations/0383_split_night_training_onshore_offshore.sql"
"6","A139-NOT-02","11","LOFT-OFF-14","AB","migration_verified","worker-airtrust/migrations/0383_split_night_training_onshore_offshore.sql","PF:AB","worker-airtrust/migrations/0383_split_night_training_onshore_offshore.sql"
"6","A139-NOT-02","12","OPS-OFF-X2","AB","migration_verified","worker-airtrust/migrations/0383_split_night_training_onshore_offshore.sql","PF:AB","worker-airtrust/migrations/0383_split_night_training_onshore_offshore.sql"
"6","A139-NOT-02","13","LOFT-NOT-27","AB","migration_verified","worker-airtrust/migrations/0383_split_night_training_onshore_offshore.sql","PF:AB","worker-airtrust/migrations/0383_split_night_training_onshore_offshore.sql"
"6","A139-NOT-02","14","LOFT-OFF-15","AB","migration_verified","worker-airtrust/migrations/0383_split_night_training_onshore_offshore.sql","PF:AB","worker-airtrust/migrations/0383_split_night_training_onshore_offshore.sql"
"6","A139-NOT-02","15","LOFT-NOT-28","AB","migration_verified","worker-airtrust/migrations/0383_split_night_training_onshore_offshore.sql","PF:AB","worker-airtrust/migrations/0383_split_night_training_onshore_offshore.sql"
"6","A139-NOT-02","16","LOFT-OFF-16","AB","migration_verified","worker-airtrust/migrations/0383_split_night_training_onshore_offshore.sql","PF:AB","worker-airtrust/migrations/0383_split_night_training_onshore_offshore.sql"
"6","A139-NOT-02","17","LOFT-OFF-17","AB","migration_verified","worker-airtrust/migrations/0383_split_night_training_onshore_offshore.sql","PF:AB","worker-airtrust/migrations/0383_split_night_training_onshore_offshore.sql"
"6","A139-NOT-02","18","LOFT-OFF-18","AB","migration_verified","worker-airtrust/migrations/0383_split_night_training_onshore_offshore.sql","PF:AB","worker-airtrust/migrations/0383_split_night_training_onshore_offshore.sql"
"6","A139-NOT-02","19","LOFT-OFF-19","AB","migration_verified","worker-airtrust/migrations/0383_split_night_training_onshore_offshore.sql","PF:AB","worker-airtrust/migrations/0383_split_night_training_onshore_offshore.sql"
"6","A139-NOT-02","20","LOFT-OFF-20","AB","migration_verified","worker-airtrust/migrations/0383_split_night_training_onshore_offshore.sql","PF:AB","worker-airtrust/migrations/0383_split_night_training_onshore_offshore.sql"
"6","A139-NOT-02","21","LOFT-OFF-22","AB","migration_verified","worker-airtrust/migrations/0383_split_night_training_onshore_offshore.sql","PF:AB","worker-airtrust/migrations/0383_split_night_training_onshore_offshore.sql"
"6","A139-NOT-02","22","LOFT-NOT-22","AB","migration_verified","worker-airtrust/migrations/0383_split_night_training_onshore_offshore.sql","PF:AB","worker-airtrust/migrations/0383_split_night_training_onshore_offshore.sql"
"6","A139-P-C1/IFR","1","OPS-NRM-X1","AB","migration_verified","worker-airtrust/migrations/0297_tripulante_ab_distribution.sql:modelo_id=29","","docs/vendor/pto/relacao_manobras_pto_rev10_ocr.md:page=109 | scripts/legacy/d1-prod-20260315-193839.sql:modelo_id=29 | worker-airtrust/migrations/0180_implement_periodico_aw139.sql"
"6","A139-P-C1/IFR","2","FLY-BAS-X2","AB","migration_verified","worker-airtrust/migrations/0297_tripulante_ab_distribution.sql:modelo_id=29","","docs/vendor/pto/relacao_manobras_pto_rev10_ocr.md:page=109 | scripts/legacy/d1-prod-20260315-193839.sql:modelo_id=29 | worker-airtrust/migrations/0180_implement_periodico_aw139.sql"
"6","A139-P-C1/IFR","3","OPS-NAV-X2","A","migration_verified","worker-airtrust/migrations/0297_tripulante_ab_distribution.sql:modelo_id=29","","docs/vendor/pto/relacao_manobras_pto_rev10_ocr.md:page=109 | scripts/legacy/d1-prod-20260315-193839.sql:modelo_id=29 | worker-airtrust/migrations/0180_implement_periodico_aw139.sql"
"6","A139-P-C1/IFR","4","CAU-APF-37","A","migration_verified","worker-airtrust/migrations/0297_tripulante_ab_distribution.sql:modelo_id=29","","docs/vendor/pto/relacao_manobras_pto_rev10_ocr.md:page=109 | scripts/legacy/d1-prod-20260315-193839.sql:modelo_id=29 | worker-airtrust/migrations/0180_implement_periodico_aw139.sql"
"6","A139-P-C1/IFR","5","CAU-AFD-41","B","migration_verified","worker-airtrust/migrations/0297_tripulante_ab_distribution.sql:modelo_id=29","","docs/vendor/pto/relacao_manobras_pto_rev10_ocr.md:page=109 | scripts/legacy/d1-prod-20260315-193839.sql:modelo_id=29 | worker-airtrust/migrations/0180_implement_periodico_aw139.sql"
"6","A139-P-C1/IFR","6","CAU-AHR-47","A","migration_verified","worker-airtrust/migrations/0297_tripulante_ab_distribution.sql:modelo_id=29","","docs/vendor/pto/relacao_manobras_pto_rev10_ocr.md:page=109 | scripts/legacy/d1-prod-20260315-193839.sql:modelo_id=29 | worker-airtrust/migrations/0180_implement_periodico_aw139.sql"
"6","A139-P-C1/IFR","7","CAU-FMS-51","B","migration_verified","worker-airtrust/migrations/0297_tripulante_ab_distribution.sql:modelo_id=29","","docs/vendor/pto/relacao_manobras_pto_rev10_ocr.md:page=109 | scripts/legacy/d1-prod-20260315-193839.sql:modelo_id=29 | worker-airtrust/migrations/0180_implement_periodico_aw139.sql"
"6","A139-P-C1/IFR","8","CAU-GPS-52","B","migration_verified","worker-airtrust/migrations/0297_tripulante_ab_distribution.sql:modelo_id=29","","docs/vendor/pto/relacao_manobras_pto_rev10_ocr.md:page=109 | scripts/legacy/d1-prod-20260315-193839.sql:modelo_id=29 | worker-airtrust/migrations/0180_implement_periodico_aw139.sql"
"6","A139-P-C1/IFR","9","CAU-ADS-46","A","migration_verified","worker-airtrust/migrations/0297_tripulante_ab_distribution.sql:modelo_id=29","","docs/vendor/pto/relacao_manobras_pto_rev10_ocr.md:page=109 | scripts/legacy/d1-prod-20260315-193839.sql:modelo_id=29 | worker-airtrust/migrations/0180_implement_periodico_aw139.sql"
"6","A139-P-C1/IFR","10","CAU-DCB-56","AB","operational_inference_confirmed","worker-airtrust/migrations/0297_tripulante_ab_distribution.sql:modelo_id=29:ordem_10_default_AB | operational_inference_confirmed_2026-06-16:A139-P-C1/IFR:ordem_10:derived_from_similar_A139_IFR_cycle","","operational_inference_confirmed_2026-06-16:A139-P-C1/IFR:ordem_10:derived_from_similar_A139_IFR_cycle | docs/vendor/pto/relacao_manobras_pto_rev10_ocr.md:page=111:analog=A139-P-C2/IFR:ordem_10"
"6","A139-P-C1/IFR","11","CAU-DUD-46","A","migration_verified","worker-airtrust/migrations/0297_tripulante_ab_distribution.sql:modelo_id=29","","docs/vendor/pto/relacao_manobras_pto_rev10_ocr.md:page=109 | scripts/legacy/d1-prod-20260315-193839.sql:modelo_id=29 | worker-airtrust/migrations/0180_implement_periodico_aw139.sql"
"6","A139-P-C1/IFR","12","WAR-BAG-23","B","migration_verified","worker-airtrust/migrations/0297_tripulante_ab_distribution.sql:modelo_id=29","","docs/vendor/pto/relacao_manobras_pto_rev10_ocr.md:page=109 | scripts/legacy/d1-prod-20260315-193839.sql:modelo_id=29 | worker-airtrust/migrations/0180_implement_periodico_aw139.sql"
"6","A139-P-C1/IFR","13","CAU-HYP-77","B","migration_verified","worker-airtrust/migrations/0297_tripulante_ab_distribution.sql:modelo_id=29","","docs/vendor/pto/relacao_manobras_pto_rev10_ocr.md:page=109 | scripts/legacy/d1-prod-20260315-193839.sql:modelo_id=29 | worker-airtrust/migrations/0180_implement_periodico_aw139.sql"
"6","A139-P-C1/IFR","14","CAU-SRV-80","A","migration_verified","worker-airtrust/migrations/0297_tripulante_ab_distribution.sql:modelo_id=29","","docs/vendor/pto/relacao_manobras_pto_rev10_ocr.md:page=109 | scripts/legacy/d1-prod-20260315-193839.sql:modelo_id=29 | worker-airtrust/migrations/0180_implement_periodico_aw139.sql"
"6","A139-P-C1/IFR","15","OPS-NAV-X1","AB","migration_verified","worker-airtrust/migrations/0297_tripulante_ab_distribution.sql:modelo_id=29","","docs/vendor/pto/relacao_manobras_pto_rev10_ocr.md:page=109 | scripts/legacy/d1-prod-20260315-193839.sql:modelo_id=29 | worker-airtrust/migrations/0180_implement_periodico_aw139.sql"
"6","A139-P-C1/IFR","16","OPS-NAV-X4","B","migration_verified","worker-airtrust/migrations/0297_tripulante_ab_distribution.sql:modelo_id=29","","docs/vendor/pto/relacao_manobras_pto_rev10_ocr.md:page=109 | scripts/legacy/d1-prod-20260315-193839.sql:modelo_id=29 | worker-airtrust/migrations/0180_implement_periodico_aw139.sql"
"6","A139-P-C1/IFR","17","OPS-NAV-X3","A","migration_verified","worker-airtrust/migrations/0297_tripulante_ab_distribution.sql:modelo_id=29","","docs/vendor/pto/relacao_manobras_pto_rev10_ocr.md:page=109 | scripts/legacy/d1-prod-20260315-193839.sql:modelo_id=29 | worker-airtrust/migrations/0180_implement_periodico_aw139.sql"
"6","A139-P-C1/IFR","18","OPS-APP-X2","A","migration_verified","worker-airtrust/migrations/0297_tripulante_ab_distribution.sql:modelo_id=29","","docs/vendor/pto/relacao_manobras_pto_rev10_ocr.md:page=109 | scripts/legacy/d1-prod-20260315-193839.sql:modelo_id=29 | worker-airtrust/migrations/0180_implement_periodico_aw139.sql"
"6","A139-P-C1/IFR","19","OPS-APP-X1","B","migration_verified","worker-airtrust/migrations/0297_tripulante_ab_distribution.sql:modelo_id=29","","docs/vendor/pto/relacao_manobras_pto_rev10_ocr.md:page=109 | scripts/legacy/d1-prod-20260315-193839.sql:modelo_id=29 | worker-airtrust/migrations/0180_implement_periodico_aw139.sql"
"6","A139-P-C1/IFR","20","WAR-OUT-15","A","migration_verified","worker-airtrust/migrations/0297_tripulante_ab_distribution.sql:modelo_id=29","","docs/vendor/pto/relacao_manobras_pto_rev10_ocr.md:page=109 | scripts/legacy/d1-prod-20260315-193839.sql:modelo_id=29 | worker-airtrust/migrations/0180_implement_periodico_aw139.sql"
"6","A139-P-C1/IFR","21","WAR-GER-27","B","migration_verified","worker-airtrust/migrations/0297_tripulante_ab_distribution.sql:modelo_id=29","","docs/vendor/pto/relacao_manobras_pto_rev10_ocr.md:page=109 | scripts/legacy/d1-prod-20260315-193839.sql:modelo_id=29 | worker-airtrust/migrations/0180_implement_periodico_aw139.sql"
"6","A139-P-C1/IFR","22","OPS-APP-X3","AB","migration_verified","worker-airtrust/migrations/0297_tripulante_ab_distribution.sql:modelo_id=29","","docs/vendor/pto/relacao_manobras_pto_rev10_ocr.md:page=109 | scripts/legacy/d1-prod-20260315-193839.sql:modelo_id=29 | worker-airtrust/migrations/0180_implement_periodico_aw139.sql"
"6","A139-P-C1/VFR","1","CAU-HOT-65","B","migration_verified","worker-airtrust/migrations/0297_tripulante_ab_distribution.sql:modelo_id=28","","scripts/legacy/d1-prod-20260315-193839.sql:modelo_id=28 | worker-airtrust/migrations/0180_implement_periodico_aw139.sql"
"6","A139-P-C1/VFR","2","FLY-BAS-X3","A","migration_verified","worker-airtrust/migrations/0297_tripulante_ab_distribution.sql:modelo_id=28","","scripts/legacy/d1-prod-20260315-193839.sql:modelo_id=28 | worker-airtrust/migrations/0180_implement_periodico_aw139.sql"
"6","A139-P-C1/VFR","3","OPS-NRM-X2","AB","migration_verified","worker-airtrust/migrations/0297_tripulante_ab_distribution.sql:modelo_id=28","","scripts/legacy/d1-prod-20260315-193839.sql:modelo_id=28 | worker-airtrust/migrations/0180_implement_periodico_aw139.sql"
"6","A139-P-C1/VFR","4","FLY-BAS-X1","AB","migration_verified","worker-airtrust/migrations/0297_tripulante_ab_distribution.sql:modelo_id=28","","scripts/legacy/d1-prod-20260315-193839.sql:modelo_id=28 | worker-airtrust/migrations/0180_implement_periodico_aw139.sql"
"6","A139-P-C1/VFR","5","WAR-OUT-15","A","migration_verified","worker-airtrust/migrations/0297_tripulante_ab_distribution.sql:modelo_id=28","","scripts/legacy/d1-prod-20260315-193839.sql:modelo_id=28 | worker-airtrust/migrations/0180_implement_periodico_aw139.sql"
"6","A139-P-C1/VFR","6","WAR-LOW-29","B","migration_verified","worker-airtrust/migrations/0297_tripulante_ab_distribution.sql:modelo_id=28","","scripts/legacy/d1-prod-20260315-193839.sql:modelo_id=28 | worker-airtrust/migrations/0180_implement_periodico_aw139.sql"
"6","A139-P-C1/VFR","7","WAR-HIG-29","A","migration_verified","worker-airtrust/migrations/0297_tripulante_ab_distribution.sql:modelo_id=28","","scripts/legacy/d1-prod-20260315-193839.sql:modelo_id=28 | worker-airtrust/migrations/0180_implement_periodico_aw139.sql"
"6","A139-P-C1/VFR","8","WAR-IDL-16","B","migration_verified","worker-airtrust/migrations/0297_tripulante_ab_distribution.sql:modelo_id=28","","scripts/legacy/d1-prod-20260315-193839.sql:modelo_id=28 | worker-airtrust/migrations/0180_implement_periodico_aw139.sql"
"6","A139-P-C1/VFR","9","CAU-CST-59","A","migration_verified","worker-airtrust/migrations/0297_tripulante_ab_distribution.sql:modelo_id=28","","scripts/legacy/d1-prod-20260315-193839.sql:modelo_id=28 | worker-airtrust/migrations/0180_implement_periodico_aw139.sql"
"6","A139-P-C1/VFR","10","CAU-OVS-64","B","migration_verified","worker-airtrust/migrations/0297_tripulante_ab_distribution.sql:modelo_id=28","","scripts/legacy/d1-prod-20260315-193839.sql:modelo_id=28 | worker-airtrust/migrations/0180_implement_periodico_aw139.sql"
"6","A139-P-C1/VFR","11","WAR-FIR-21","A","migration_verified","worker-airtrust/migrations/0297_tripulante_ab_distribution.sql:modelo_id=28","","scripts/legacy/d1-prod-20260315-193839.sql:modelo_id=28 | worker-airtrust/migrations/0180_implement_periodico_aw139.sql"
"6","A139-P-C1/VFR","12","FLY-BAS-17","AB","migration_verified","worker-airtrust/migrations/0297_tripulante_ab_distribution.sql:modelo_id=28","","scripts/legacy/d1-prod-20260315-193839.sql:modelo_id=28 | worker-airtrust/migrations/0180_implement_periodico_aw139.sql"
"6","A139-P-C1/VFR","13","WAR-CAB-23","B","migration_verified","worker-airtrust/migrations/0297_tripulante_ab_distribution.sql:modelo_id=28","","scripts/legacy/d1-prod-20260315-193839.sql:modelo_id=28 | worker-airtrust/migrations/0180_implement_periodico_aw139.sql"
"6","A139-P-C1/VFR","14","CAU-MGP-105","B","migration_verified","worker-airtrust/migrations/0297_tripulante_ab_distribution.sql:modelo_id=28","","scripts/legacy/d1-prod-20260315-193839.sql:modelo_id=28 | worker-airtrust/migrations/0180_implement_periodico_aw139.sql"
"6","A139-P-C1/VFR","15","WAR-MGB-30","A","migration_verified","worker-airtrust/migrations/0297_tripulante_ab_distribution.sql:modelo_id=28","","scripts/legacy/d1-prod-20260315-193839.sql:modelo_id=28 | worker-airtrust/migrations/0180_implement_periodico_aw139.sql"
"6","A139-P-C1/VFR","16","WAR-TMP-30","B","migration_verified","worker-airtrust/migrations/0297_tripulante_ab_distribution.sql:modelo_id=28","","scripts/legacy/d1-prod-20260315-193839.sql:modelo_id=28 | worker-airtrust/migrations/0180_implement_periodico_aw139.sql"
"6","A139-P-C1/VFR","17","CAU-DCG-53","A","migration_verified","worker-airtrust/migrations/0297_tripulante_ab_distribution.sql:modelo_id=28","","scripts/legacy/d1-prod-20260315-193839.sql:modelo_id=28 | worker-airtrust/migrations/0180_implement_periodico_aw139.sql"
"6","A139-P-C1/VFR","18","WAR-GEN-11","B","migration_verified","worker-airtrust/migrations/0297_tripulante_ab_distribution.sql:modelo_id=28","","scripts/legacy/d1-prod-20260315-193839.sql:modelo_id=28 | worker-airtrust/migrations/0180_implement_periodico_aw139.sql"
"6","A139-P-C1/VFR","19","OPS-OFF-X1","AB","migration_verified","worker-airtrust/migrations/0297_tripulante_ab_distribution.sql:modelo_id=28","","scripts/legacy/d1-prod-20260315-193839.sql:modelo_id=28 | worker-airtrust/migrations/0180_implement_periodico_aw139.sql"
"6","A139-P-C1/VFR","20","OPS-OFF-X2","AB","migration_verified","worker-airtrust/migrations/0297_tripulante_ab_distribution.sql:modelo_id=28","","scripts/legacy/d1-prod-20260315-193839.sql:modelo_id=28 | worker-airtrust/migrations/0180_implement_periodico_aw139.sql"
"6","A139-P-C1/VFR","21","OPS-APP-X1","B","migration_verified","worker-airtrust/migrations/0297_tripulante_ab_distribution.sql:modelo_id=28","","scripts/legacy/d1-prod-20260315-193839.sql:modelo_id=28 | worker-airtrust/migrations/0180_implement_periodico_aw139.sql"
"6","A139-P-C1/VFR","22","OPS-NRM-X1","AB","migration_verified","worker-airtrust/migrations/0297_tripulante_ab_distribution.sql:modelo_id=28","","scripts/legacy/d1-prod-20260315-193839.sql:modelo_id=28 | worker-airtrust/migrations/0180_implement_periodico_aw139.sql"
"6","A139-P-C2/IFR","1","OPS-NRM-X1","AB","migration_verified","worker-airtrust/migrations/0297_tripulante_ab_distribution.sql:modelo_id=31","","scripts/legacy/d1-prod-20260315-193839.sql:modelo_id=31 | worker-airtrust/migrations/0180_implement_periodico_aw139.sql"
"6","A139-P-C2/IFR","2","OPS-NAV-X2","B","migration_verified","worker-airtrust/migrations/0297_tripulante_ab_distribution.sql:modelo_id=31","","scripts/legacy/d1-prod-20260315-193839.sql:modelo_id=31 | worker-airtrust/migrations/0180_implement_periodico_aw139.sql"
"6","A139-P-C2/IFR","3","CAU-APO-38","B","migration_verified","worker-airtrust/migrations/0297_tripulante_ab_distribution.sql:modelo_id=31","","scripts/legacy/d1-prod-20260315-193839.sql:modelo_id=31 | worker-airtrust/migrations/0180_implement_periodico_aw139.sql"
"6","A139-P-C2/IFR","4","CAU-SAS-41","A","migration_verified","worker-airtrust/migrations/0297_tripulante_ab_distribution.sql:modelo_id=31","","scripts/legacy/d1-prod-20260315-193839.sql:modelo_id=31 | worker-airtrust/migrations/0180_implement_periodico_aw139.sql"
"6","A139-P-C2/IFR","5","FLY-BAS-X4","AB","migration_verified","worker-airtrust/migrations/0297_tripulante_ab_distribution.sql:modelo_id=31","","scripts/legacy/d1-prod-20260315-193839.sql:modelo_id=31 | worker-airtrust/migrations/0180_implement_periodico_aw139.sql"
"6","A139-P-C2/IFR","6","CAU-AHR-47","B","migration_verified","worker-airtrust/migrations/0297_tripulante_ab_distribution.sql:modelo_id=31","","scripts/legacy/d1-prod-20260315-193839.sql:modelo_id=31 | worker-airtrust/migrations/0180_implement_periodico_aw139.sql"
"6","A139-P-C2/IFR","7","CAU-GPS-52","A","migration_verified","worker-airtrust/migrations/0297_tripulante_ab_distribution.sql:modelo_id=31","","scripts/legacy/d1-prod-20260315-193839.sql:modelo_id=31 | worker-airtrust/migrations/0180_implement_periodico_aw139.sql"
"6","A139-P-C2/IFR","8","CAU-DUD-46","B","migration_verified","worker-airtrust/migrations/0297_tripulante_ab_distribution.sql:modelo_id=31","","scripts/legacy/d1-prod-20260315-193839.sql:modelo_id=31 | worker-airtrust/migrations/0180_implement_periodico_aw139.sql"
"6","A139-P-C2/IFR","9","CAU-FMS-51","A","migration_verified","worker-airtrust/migrations/0297_tripulante_ab_distribution.sql:modelo_id=31","","scripts/legacy/d1-prod-20260315-193839.sql:modelo_id=31 | worker-airtrust/migrations/0180_implement_periodico_aw139.sql"
"6","A139-P-C2/IFR","10","CAU-DCB-56","B","migration_verified","worker-airtrust/migrations/0297_tripulante_ab_distribution.sql:modelo_id=31","","scripts/legacy/d1-prod-20260315-193839.sql:modelo_id=31 | worker-airtrust/migrations/0180_implement_periodico_aw139.sql"
"6","A139-P-C2/IFR","11","WAR-CAB-23","A","migration_verified","worker-airtrust/migrations/0297_tripulante_ab_distribution.sql:modelo_id=31","","scripts/legacy/d1-prod-20260315-193839.sql:modelo_id=31 | worker-airtrust/migrations/0180_implement_periodico_aw139.sql"
"6","A139-P-C2/IFR","12","OPS-NAV-X1","AB","migration_verified","worker-airtrust/migrations/0297_tripulante_ab_distribution.sql:modelo_id=31","","scripts/legacy/d1-prod-20260315-193839.sql:modelo_id=31 | worker-airtrust/migrations/0180_implement_periodico_aw139.sql"
"6","A139-P-C2/IFR","13","OPS-NAV-X4","A","migration_verified","worker-airtrust/migrations/0297_tripulante_ab_distribution.sql:modelo_id=31","","scripts/legacy/d1-prod-20260315-193839.sql:modelo_id=31 | worker-airtrust/migrations/0180_implement_periodico_aw139.sql"
"6","A139-P-C2/IFR","14","OPS-NAV-X3","B","migration_verified","worker-airtrust/migrations/0297_tripulante_ab_distribution.sql:modelo_id=31","","scripts/legacy/d1-prod-20260315-193839.sql:modelo_id=31 | worker-airtrust/migrations/0180_implement_periodico_aw139.sql"
"6","A139-P-C2/IFR","15","OPS-APP-X2","B","migration_verified","worker-airtrust/migrations/0297_tripulante_ab_distribution.sql:modelo_id=31","","scripts/legacy/d1-prod-20260315-193839.sql:modelo_id=31 | worker-airtrust/migrations/0180_implement_periodico_aw139.sql"
"6","A139-P-C2/IFR","16","OPS-APP-X1","A","migration_verified","worker-airtrust/migrations/0297_tripulante_ab_distribution.sql:modelo_id=31","","scripts/legacy/d1-prod-20260315-193839.sql:modelo_id=31 | worker-airtrust/migrations/0180_implement_periodico_aw139.sql"
"6","A139-P-C2/IFR","17","OPS-APP-X3","AB","migration_verified","worker-airtrust/migrations/0297_tripulante_ab_distribution.sql:modelo_id=31","","scripts/legacy/d1-prod-20260315-193839.sql:modelo_id=31 | worker-airtrust/migrations/0180_implement_periodico_aw139.sql"
"6","A139-P-C2/IFR","18","WAR-OIL-18","A","migration_verified","worker-airtrust/migrations/0297_tripulante_ab_distribution.sql:modelo_id=31","","scripts/legacy/d1-prod-20260315-193839.sql:modelo_id=31 | worker-airtrust/migrations/0180_implement_periodico_aw139.sql"
"6","A139-P-C2/IFR","19","WAR-OUT-15","B","migration_verified","worker-airtrust/migrations/0297_tripulante_ab_distribution.sql:modelo_id=31","","scripts/legacy/d1-prod-20260315-193839.sql:modelo_id=31 | worker-airtrust/migrations/0180_implement_periodico_aw139.sql"
"6","A139-P-C2/IFR","20","CAU-HYP-77","A","migration_verified","worker-airtrust/migrations/0297_tripulante_ab_distribution.sql:modelo_id=31","","scripts/legacy/d1-prod-20260315-193839.sql:modelo_id=31 | worker-airtrust/migrations/0180_implement_periodico_aw139.sql"
"6","A139-P-C2/IFR","21","WAR-GER-27","A","migration_verified","worker-airtrust/migrations/0297_tripulante_ab_distribution.sql:modelo_id=31","","scripts/legacy/d1-prod-20260315-193839.sql:modelo_id=31 | worker-airtrust/migrations/0180_implement_periodico_aw139.sql"
"6","A139-P-C2/IFR","22","FLY-BAS-X2","AB","migration_verified","worker-airtrust/migrations/0297_tripulante_ab_distribution.sql:modelo_id=31","","scripts/legacy/d1-prod-20260315-193839.sql:modelo_id=31 | worker-airtrust/migrations/0180_implement_periodico_aw139.sql"
"6","A139-P-C2/VFR","1","OPS-NRM-X1","AB","migration_verified","worker-airtrust/migrations/0297_tripulante_ab_distribution.sql:modelo_id=30","","scripts/legacy/d1-prod-20260315-193839.sql:modelo_id=30 | worker-airtrust/migrations/0180_implement_periodico_aw139.sql"
"6","A139-P-C2/VFR","2","CAU-HOT-65","A","migration_verified","worker-airtrust/migrations/0297_tripulante_ab_distribution.sql:modelo_id=30","","scripts/legacy/d1-prod-20260315-193839.sql:modelo_id=30 | worker-airtrust/migrations/0180_implement_periodico_aw139.sql"
"6","A139-P-C2/VFR","3","FLY-BAS-X3","B","migration_verified","worker-airtrust/migrations/0297_tripulante_ab_distribution.sql:modelo_id=30","","scripts/legacy/d1-prod-20260315-193839.sql:modelo_id=30 | worker-airtrust/migrations/0180_implement_periodico_aw139.sql"
"6","A139-P-C2/VFR","4","FLY-BAS-X1","AB","migration_verified","worker-airtrust/migrations/0297_tripulante_ab_distribution.sql:modelo_id=30","","scripts/legacy/d1-prod-20260315-193839.sql:modelo_id=30 | worker-airtrust/migrations/0180_implement_periodico_aw139.sql"
"6","A139-P-C2/VFR","5","OPS-NRM-X2","AB","migration_verified","worker-airtrust/migrations/0297_tripulante_ab_distribution.sql:modelo_id=30","","scripts/legacy/d1-prod-20260315-193839.sql:modelo_id=30 | worker-airtrust/migrations/0180_implement_periodico_aw139.sql"
"6","A139-P-C2/VFR","6","WAR-OUT-15","B","migration_verified","worker-airtrust/migrations/0297_tripulante_ab_distribution.sql:modelo_id=30","","scripts/legacy/d1-prod-20260315-193839.sql:modelo_id=30 | worker-airtrust/migrations/0180_implement_periodico_aw139.sql"
"6","A139-P-C2/VFR","7","WAR-SHT-19","A","migration_verified","worker-airtrust/migrations/0297_tripulante_ab_distribution.sql:modelo_id=30","","scripts/legacy/d1-prod-20260315-193839.sql:modelo_id=30 | worker-airtrust/migrations/0180_implement_periodico_aw139.sql"
"6","A139-P-C2/VFR","8","WAR-LOW-29","A","migration_verified","worker-airtrust/migrations/0297_tripulante_ab_distribution.sql:modelo_id=30","","scripts/legacy/d1-prod-20260315-193839.sql:modelo_id=30 | worker-airtrust/migrations/0180_implement_periodico_aw139.sql"
"6","A139-P-C2/VFR","9","WAR-HIG-29","B","migration_verified","worker-airtrust/migrations/0297_tripulante_ab_distribution.sql:modelo_id=30","","scripts/legacy/d1-prod-20260315-193839.sql:modelo_id=30 | worker-airtrust/migrations/0180_implement_periodico_aw139.sql"
"6","A139-P-C2/VFR","10","WAR-EEC-18","B","migration_verified","worker-airtrust/migrations/0297_tripulante_ab_distribution.sql:modelo_id=30","","scripts/legacy/d1-prod-20260315-193839.sql:modelo_id=30 | worker-airtrust/migrations/0180_implement_periodico_aw139.sql"
"6","A139-P-C2/VFR","11","WAR-IDL-16","A","migration_verified","worker-airtrust/migrations/0297_tripulante_ab_distribution.sql:modelo_id=30","","scripts/legacy/d1-prod-20260315-193839.sql:modelo_id=30 | worker-airtrust/migrations/0180_implement_periodico_aw139.sql"
"6","A139-P-C2/VFR","12","WAR-FIR-21","B","migration_verified","worker-airtrust/migrations/0297_tripulante_ab_distribution.sql:modelo_id=30","","scripts/legacy/d1-prod-20260315-193839.sql:modelo_id=30 | worker-airtrust/migrations/0180_implement_periodico_aw139.sql"
"6","A139-P-C2/VFR","13","CAU-2FP-74","A","migration_verified","worker-airtrust/migrations/0297_tripulante_ab_distribution.sql:modelo_id=30","","scripts/legacy/d1-prod-20260315-193839.sql:modelo_id=30 | worker-airtrust/migrations/0180_implement_periodico_aw139.sql"
"6","A139-P-C2/VFR","14","CAU-FLO-73","B","migration_verified","worker-airtrust/migrations/0297_tripulante_ab_distribution.sql:modelo_id=30","","scripts/legacy/d1-prod-20260315-193839.sql:modelo_id=30 | worker-airtrust/migrations/0180_implement_periodico_aw139.sql"
"6","A139-P-C2/VFR","15","CAU-LIC-60","AB","migration_verified","worker-airtrust/migrations/0297_tripulante_ab_distribution.sql:modelo_id=30","","scripts/legacy/d1-prod-20260315-193839.sql:modelo_id=30 | worker-airtrust/migrations/0180_implement_periodico_aw139.sql"
"6","A139-P-C2/VFR","16","OPS-OFF-X2","AB","migration_verified","worker-airtrust/migrations/0297_tripulante_ab_distribution.sql:modelo_id=30","","scripts/legacy/d1-prod-20260315-193839.sql:modelo_id=30 | worker-airtrust/migrations/0180_implement_periodico_aw139.sql"
"6","A139-P-C2/VFR","17","WAR-MGB-30","B","migration_verified","worker-airtrust/migrations/0297_tripulante_ab_distribution.sql:modelo_id=30","","scripts/legacy/d1-prod-20260315-193839.sql:modelo_id=30 | worker-airtrust/migrations/0180_implement_periodico_aw139.sql"
"6","A139-P-C2/VFR","18","WAR-TMP-30","A","migration_verified","worker-airtrust/migrations/0297_tripulante_ab_distribution.sql:modelo_id=30","","scripts/legacy/d1-prod-20260315-193839.sql:modelo_id=30 | worker-airtrust/migrations/0180_implement_periodico_aw139.sql"
"6","A139-P-C2/VFR","19","CAU-DCG-53","B","migration_verified","worker-airtrust/migrations/0297_tripulante_ab_distribution.sql:modelo_id=30","","scripts/legacy/d1-prod-20260315-193839.sql:modelo_id=30 | worker-airtrust/migrations/0180_implement_periodico_aw139.sql"
"6","A139-P-C2/VFR","20","CAU-BOF-55","A","migration_verified","worker-airtrust/migrations/0297_tripulante_ab_distribution.sql:modelo_id=30","","scripts/legacy/d1-prod-20260315-193839.sql:modelo_id=30 | worker-airtrust/migrations/0180_implement_periodico_aw139.sql"
"6","A139-P-C2/VFR","21","OPS-APP-X1","A","migration_verified","worker-airtrust/migrations/0297_tripulante_ab_distribution.sql:modelo_id=30","","scripts/legacy/d1-prod-20260315-193839.sql:modelo_id=30 | worker-airtrust/migrations/0180_implement_periodico_aw139.sql"
"6","A139-P-C2/VFR","22","FLY-BAS-17","AB","migration_verified","worker-airtrust/migrations/0297_tripulante_ab_distribution.sql:modelo_id=30","","scripts/legacy/d1-prod-20260315-193839.sql:modelo_id=30 | worker-airtrust/migrations/0180_implement_periodico_aw139.sql"
"6","A139-P-C3/IFR","1","OPS-NRM-X1","AB","migration_verified","worker-airtrust/migrations/0297_tripulante_ab_distribution.sql:modelo_id=33","","scripts/legacy/d1-prod-20260315-193839.sql:modelo_id=33 | worker-airtrust/migrations/0180_implement_periodico_aw139.sql"
"6","A139-P-C3/IFR","2","OPS-NAV-X2","A","migration_verified","worker-airtrust/migrations/0297_tripulante_ab_distribution.sql:modelo_id=33","","scripts/legacy/d1-prod-20260315-193839.sql:modelo_id=33 | worker-airtrust/migrations/0180_implement_periodico_aw139.sql"
"6","A139-P-C3/IFR","3","CAU-APF-37","B","migration_verified","worker-airtrust/migrations/0297_tripulante_ab_distribution.sql:modelo_id=33","","scripts/legacy/d1-prod-20260315-193839.sql:modelo_id=33 | worker-airtrust/migrations/0180_implement_periodico_aw139.sql"
"6","A139-P-C3/IFR","4","FLY-BAS-X4","AB","migration_verified","worker-airtrust/migrations/0297_tripulante_ab_distribution.sql:modelo_id=33","","scripts/legacy/d1-prod-20260315-193839.sql:modelo_id=33 | worker-airtrust/migrations/0180_implement_periodico_aw139.sql"
"6","A139-P-C3/IFR","5","CAU-ADS-46","B","migration_verified","worker-airtrust/migrations/0297_tripulante_ab_distribution.sql:modelo_id=33","","scripts/legacy/d1-prod-20260315-193839.sql:modelo_id=33 | worker-airtrust/migrations/0180_implement_periodico_aw139.sql"
"6","A139-P-C3/IFR","6","CAU-DUD-46","A","migration_verified","worker-airtrust/migrations/0297_tripulante_ab_distribution.sql:modelo_id=33","","scripts/legacy/d1-prod-20260315-193839.sql:modelo_id=33 | worker-airtrust/migrations/0180_implement_periodico_aw139.sql"
"6","A139-P-C3/IFR","7","WAR-CAB-23","B","migration_verified","worker-airtrust/migrations/0297_tripulante_ab_distribution.sql:modelo_id=33","","scripts/legacy/d1-prod-20260315-193839.sql:modelo_id=33 | worker-airtrust/migrations/0180_implement_periodico_aw139.sql"
"6","A139-P-C3/IFR","8","CAU-GPS-52","A","migration_verified","worker-airtrust/migrations/0297_tripulante_ab_distribution.sql:modelo_id=33","","scripts/legacy/d1-prod-20260315-193839.sql:modelo_id=33 | worker-airtrust/migrations/0180_implement_periodico_aw139.sql"
"6","A139-P-C3/IFR","9","WAR-TRC-X1","B","migration_verified","worker-airtrust/migrations/0297_tripulante_ab_distribution.sql:modelo_id=33","","scripts/legacy/d1-prod-20260315-193839.sql:modelo_id=33 | worker-airtrust/migrations/0180_implement_periodico_aw139.sql"
"6","A139-P-C3/IFR","10","WAR-MRC-X1","A","migration_verified","worker-airtrust/migrations/0297_tripulante_ab_distribution.sql:modelo_id=33","","scripts/legacy/d1-prod-20260315-193839.sql:modelo_id=33 | worker-airtrust/migrations/0180_implement_periodico_aw139.sql"
"6","A139-P-C3/IFR","11","WAR-HIG-29","B","migration_verified","worker-airtrust/migrations/0297_tripulante_ab_distribution.sql:modelo_id=33","","scripts/legacy/d1-prod-20260315-193839.sql:modelo_id=33 | worker-airtrust/migrations/0180_implement_periodico_aw139.sql"
"6","A139-P-C3/IFR","12","WAR-LOW-29","A","migration_verified","worker-airtrust/migrations/0297_tripulante_ab_distribution.sql:modelo_id=33","","scripts/legacy/d1-prod-20260315-193839.sql:modelo_id=33 | worker-airtrust/migrations/0180_implement_periodico_aw139.sql"
"6","A139-P-C3/IFR","13","WAR-OUT-15","B","migration_verified","worker-airtrust/migrations/0297_tripulante_ab_distribution.sql:modelo_id=33","","scripts/legacy/d1-prod-20260315-193839.sql:modelo_id=33 | worker-airtrust/migrations/0180_implement_periodico_aw139.sql"
"6","A139-P-C3/IFR","14","CAU-SRV-80","A","migration_verified","worker-airtrust/migrations/0297_tripulante_ab_distribution.sql:modelo_id=33","","scripts/legacy/d1-prod-20260315-193839.sql:modelo_id=33 | worker-airtrust/migrations/0180_implement_periodico_aw139.sql"
"6","A139-P-C3/IFR","15","OPS-NAV-X1","AB","migration_verified","worker-airtrust/migrations/0297_tripulante_ab_distribution.sql:modelo_id=33","","scripts/legacy/d1-prod-20260315-193839.sql:modelo_id=33 | worker-airtrust/migrations/0180_implement_periodico_aw139.sql"
"6","A139-P-C3/IFR","16","OPS-NAV-X3","A","migration_verified","worker-airtrust/migrations/0297_tripulante_ab_distribution.sql:modelo_id=33","","scripts/legacy/d1-prod-20260315-193839.sql:modelo_id=33 | worker-airtrust/migrations/0180_implement_periodico_aw139.sql"
"6","A139-P-C3/IFR","17","CAU-MIS-40","B","migration_verified","worker-airtrust/migrations/0297_tripulante_ab_distribution.sql:modelo_id=33","","scripts/legacy/d1-prod-20260315-193839.sql:modelo_id=33 | worker-airtrust/migrations/0180_implement_periodico_aw139.sql"
"6","A139-P-C3/IFR","18","OPS-APP-X2","B","migration_verified","worker-airtrust/migrations/0297_tripulante_ab_distribution.sql:modelo_id=33","","scripts/legacy/d1-prod-20260315-193839.sql:modelo_id=33 | worker-airtrust/migrations/0180_implement_periodico_aw139.sql"
"6","A139-P-C3/IFR","19","OPS-APP-X1","A","migration_verified","worker-airtrust/migrations/0297_tripulante_ab_distribution.sql:modelo_id=33","","scripts/legacy/d1-prod-20260315-193839.sql:modelo_id=33 | worker-airtrust/migrations/0180_implement_periodico_aw139.sql"
"6","A139-P-C3/IFR","20","WAR-GER-27","A","migration_verified","worker-airtrust/migrations/0297_tripulante_ab_distribution.sql:modelo_id=33","","scripts/legacy/d1-prod-20260315-193839.sql:modelo_id=33 | worker-airtrust/migrations/0180_implement_periodico_aw139.sql"
"6","A139-P-C3/IFR","21","OPS-APP-X3","AB","migration_verified","worker-airtrust/migrations/0297_tripulante_ab_distribution.sql:modelo_id=33","","scripts/legacy/d1-prod-20260315-193839.sql:modelo_id=33 | worker-airtrust/migrations/0180_implement_periodico_aw139.sql"
"6","A139-P-C3/IFR","22","FLY-BAS-X2","AB","migration_verified","worker-airtrust/migrations/0297_tripulante_ab_distribution.sql:modelo_id=33","","scripts/legacy/d1-prod-20260315-193839.sql:modelo_id=33 | worker-airtrust/migrations/0180_implement_periodico_aw139.sql"
"6","A139-P-C3/VFR","1","OPS-NRM-X1","AB","migration_verified","worker-airtrust/migrations/0297_tripulante_ab_distribution.sql:modelo_id=32","","scripts/legacy/d1-prod-20260315-193839.sql:modelo_id=32 | worker-airtrust/migrations/0180_implement_periodico_aw139.sql"
"6","A139-P-C3/VFR","2","FLY-BAS-X3","A","migration_verified","worker-airtrust/migrations/0297_tripulante_ab_distribution.sql:modelo_id=32","","scripts/legacy/d1-prod-20260315-193839.sql:modelo_id=32 | worker-airtrust/migrations/0180_implement_periodico_aw139.sql"
"6","A139-P-C3/VFR","3","OPS-NRM-X2","AB","migration_verified","worker-airtrust/migrations/0297_tripulante_ab_distribution.sql:modelo_id=32","","scripts/legacy/d1-prod-20260315-193839.sql:modelo_id=32 | worker-airtrust/migrations/0180_implement_periodico_aw139.sql"
"6","A139-P-C3/VFR","4","OPS-NRM-X3","AB","migration_verified","worker-airtrust/migrations/0297_tripulante_ab_distribution.sql:modelo_id=32","","scripts/legacy/d1-prod-20260315-193839.sql:modelo_id=32 | worker-airtrust/migrations/0180_implement_periodico_aw139.sql"
"6","A139-P-C3/VFR","5","WAR-LOW-29","A","migration_verified","worker-airtrust/migrations/0297_tripulante_ab_distribution.sql:modelo_id=32","","scripts/legacy/d1-prod-20260315-193839.sql:modelo_id=32 | worker-airtrust/migrations/0180_implement_periodico_aw139.sql"
"6","A139-P-C3/VFR","6","WAR-HIG-29","B","migration_verified","worker-airtrust/migrations/0297_tripulante_ab_distribution.sql:modelo_id=32","","scripts/legacy/d1-prod-20260315-193839.sql:modelo_id=32 | worker-airtrust/migrations/0180_implement_periodico_aw139.sql"
"6","A139-P-C3/VFR","7","WAR-EEC-18","A","migration_verified","worker-airtrust/migrations/0297_tripulante_ab_distribution.sql:modelo_id=32","","scripts/legacy/d1-prod-20260315-193839.sql:modelo_id=32 | worker-airtrust/migrations/0180_implement_periodico_aw139.sql"
"6","A139-P-C3/VFR","8","CAU-OVS-64","A","migration_verified","worker-airtrust/migrations/0297_tripulante_ab_distribution.sql:modelo_id=32","","scripts/legacy/d1-prod-20260315-193839.sql:modelo_id=32 | worker-airtrust/migrations/0180_implement_periodico_aw139.sql"
"6","A139-P-C3/VFR","9","WAR-FIR-21","B","migration_verified","worker-airtrust/migrations/0297_tripulante_ab_distribution.sql:modelo_id=32","","scripts/legacy/d1-prod-20260315-193839.sql:modelo_id=32 | worker-airtrust/migrations/0180_implement_periodico_aw139.sql"
"6","A139-P-C3/VFR","10","FLY-BAS-17","AB","migration_verified","worker-airtrust/migrations/0297_tripulante_ab_distribution.sql:modelo_id=32","","scripts/legacy/d1-prod-20260315-193839.sql:modelo_id=32 | worker-airtrust/migrations/0180_implement_periodico_aw139.sql"
"6","A139-P-C3/VFR","11","FLY-BAS-X1","AB","migration_verified","worker-airtrust/migrations/0297_tripulante_ab_distribution.sql:modelo_id=32","","scripts/legacy/d1-prod-20260315-193839.sql:modelo_id=32 | worker-airtrust/migrations/0180_implement_periodico_aw139.sql"
"6","A139-P-C3/VFR","12","WAR-BAT-14","B","migration_verified","worker-airtrust/migrations/0297_tripulante_ab_distribution.sql:modelo_id=32","","scripts/legacy/d1-prod-20260315-193839.sql:modelo_id=32 | worker-airtrust/migrations/0180_implement_periodico_aw139.sql"
"6","A139-P-C3/VFR","13","WAR-AUX-14","A","migration_verified","worker-airtrust/migrations/0297_tripulante_ab_distribution.sql:modelo_id=32","","scripts/legacy/d1-prod-20260315-193839.sql:modelo_id=32 | worker-airtrust/migrations/0180_implement_periodico_aw139.sql"
"6","A139-P-C3/VFR","14","WAR-STA-X1","B","migration_verified","worker-airtrust/migrations/0297_tripulante_ab_distribution.sql:modelo_id=32","","scripts/legacy/d1-prod-20260315-193839.sql:modelo_id=32 | worker-airtrust/migrations/0180_implement_periodico_aw139.sql"
"6","A139-P-C3/VFR","15","WAR-TDR-X1","A","migration_verified","worker-airtrust/migrations/0297_tripulante_ab_distribution.sql:modelo_id=32","","scripts/legacy/d1-prod-20260315-193839.sql:modelo_id=32 | worker-airtrust/migrations/0180_implement_periodico_aw139.sql"
"6","A139-P-C3/VFR","16","WAR-TCS-X1","B","migration_verified","worker-airtrust/migrations/0297_tripulante_ab_distribution.sql:modelo_id=32","","scripts/legacy/d1-prod-20260315-193839.sql:modelo_id=32 | worker-airtrust/migrations/0180_implement_periodico_aw139.sql"
"6","A139-P-C3/VFR","17","WAR-MRC-X1","A","migration_verified","worker-airtrust/migrations/0297_tripulante_ab_distribution.sql:modelo_id=32","","scripts/legacy/d1-prod-20260315-193839.sql:modelo_id=32 | worker-airtrust/migrations/0180_implement_periodico_aw139.sql"
"6","A139-P-C3/VFR","18","WAR-TRC-X1","B","migration_verified","worker-airtrust/migrations/0297_tripulante_ab_distribution.sql:modelo_id=32","","scripts/legacy/d1-prod-20260315-193839.sql:modelo_id=32 | worker-airtrust/migrations/0180_implement_periodico_aw139.sql"
"6","A139-P-C3/VFR","19","CAU-MGP-105","A","migration_verified","worker-airtrust/migrations/0297_tripulante_ab_distribution.sql:modelo_id=32","","scripts/legacy/d1-prod-20260315-193839.sql:modelo_id=32 | worker-airtrust/migrations/0180_implement_periodico_aw139.sql"
"6","A139-P-C3/VFR","20","WAR-MGB-30","B","migration_verified","worker-airtrust/migrations/0297_tripulante_ab_distribution.sql:modelo_id=32","","scripts/legacy/d1-prod-20260315-193839.sql:modelo_id=32 | worker-airtrust/migrations/0180_implement_periodico_aw139.sql"
"6","A139-P-C3/VFR","21","OPS-OFF-X2","AB","migration_verified","worker-airtrust/migrations/0297_tripulante_ab_distribution.sql:modelo_id=32","","scripts/legacy/d1-prod-20260315-193839.sql:modelo_id=32 | worker-airtrust/migrations/0180_implement_periodico_aw139.sql"
"6","A139-P-C3/VFR","22","WAR-OUT-15","B","migration_verified","worker-airtrust/migrations/0297_tripulante_ab_distribution.sql:modelo_id=32","","scripts/legacy/d1-prod-20260315-193839.sql:modelo_id=32 | worker-airtrust/migrations/0180_implement_periodico_aw139.sql"
"6","A139-P-LOFT/CHECK","1","LOFT-CHK-01","AB","migration_verified","worker-airtrust/migrations/0299_loft_chk_manobras.sql","","worker-airtrust/migrations/0299_loft_chk_manobras.sql"
"6","A139-P-LOFT/CHECK","2","LOFT-CHK-02","AB","migration_verified","worker-airtrust/migrations/0299_loft_chk_manobras.sql","","worker-airtrust/migrations/0299_loft_chk_manobras.sql"
"6","A139-P-LOFT/CHECK","3","LOFT-CHK-03","AB","migration_verified","worker-airtrust/migrations/0299_loft_chk_manobras.sql","","worker-airtrust/migrations/0299_loft_chk_manobras.sql"
"6","A139-P-LOFT/CHECK","4","LOFT-CHK-04","AB","migration_verified","worker-airtrust/migrations/0299_loft_chk_manobras.sql","","worker-airtrust/migrations/0299_loft_chk_manobras.sql"
"6","A139-P-LOFT/CHECK","5","LOFT-CHK-05","AB","migration_verified","worker-airtrust/migrations/0299_loft_chk_manobras.sql","","worker-airtrust/migrations/0299_loft_chk_manobras.sql"
"6","A139-P-LOFT/CHECK","6","LOFT-CHK-06","AB","migration_verified","worker-airtrust/migrations/0299_loft_chk_manobras.sql","","worker-airtrust/migrations/0299_loft_chk_manobras.sql"
"6","A139-P-LOFT/CHECK","7","LOFT-CHK-07","AB","migration_verified","worker-airtrust/migrations/0299_loft_chk_manobras.sql","","worker-airtrust/migrations/0299_loft_chk_manobras.sql"
"6","A139-P-LOFT/CHECK","8","LOFT-CHK-08","AB","migration_verified","worker-airtrust/migrations/0299_loft_chk_manobras.sql","","worker-airtrust/migrations/0299_loft_chk_manobras.sql"
"6","A139-P-LOFT/CHECK","9","LOFT-CHK-09","AB","migration_verified","worker-airtrust/migrations/0299_loft_chk_manobras.sql","","worker-airtrust/migrations/0299_loft_chk_manobras.sql"
"6","A139-P-LOFT/CHECK","10","LOFT-CHK-10","AB","migration_verified","worker-airtrust/migrations/0299_loft_chk_manobras.sql","","worker-airtrust/migrations/0299_loft_chk_manobras.sql"
"6","A139-P-LOFT/CHECK","11","LOFT-CHK-11","AB","migration_verified","worker-airtrust/migrations/0299_loft_chk_manobras.sql","","worker-airtrust/migrations/0299_loft_chk_manobras.sql"
"6","A139-P-LOFT/CHECK","12","LOFT-CHK-12","AB","migration_verified","worker-airtrust/migrations/0299_loft_chk_manobras.sql","","worker-airtrust/migrations/0299_loft_chk_manobras.sql"
"6","A139-P-LOFT/CHECK","13","LOFT-CHK-13","AB","migration_verified","worker-airtrust/migrations/0299_loft_chk_manobras.sql","","worker-airtrust/migrations/0299_loft_chk_manobras.sql"
"6","A139-P-LOFT/CHECK","14","LOFT-CHK-14","AB","migration_verified","worker-airtrust/migrations/0299_loft_chk_manobras.sql","","worker-airtrust/migrations/0299_loft_chk_manobras.sql"
"6","A139-P-LOFT/CHECK","15","LOFT-CHK-15","AB","migration_verified","worker-airtrust/migrations/0299_loft_chk_manobras.sql","","worker-airtrust/migrations/0299_loft_chk_manobras.sql"
"6","A139-P-LOFT/CHECK","16","LOFT-CHK-16","AB","migration_verified","worker-airtrust/migrations/0299_loft_chk_manobras.sql","","worker-airtrust/migrations/0299_loft_chk_manobras.sql"
"6","A139-P-LOFT/CHECK","17","LOFT-CHK-17","AB","migration_verified","worker-airtrust/migrations/0299_loft_chk_manobras.sql","","worker-airtrust/migrations/0299_loft_chk_manobras.sql"
"6","A139-P-LOFT/CHECK","18","LOFT-CHK-18","AB","migration_verified","worker-airtrust/migrations/0299_loft_chk_manobras.sql","","worker-airtrust/migrations/0299_loft_chk_manobras.sql"
"6","A139-P-LOFT/CHECK","19","LOFT-CHK-19","AB","migration_verified","worker-airtrust/migrations/0299_loft_chk_manobras.sql","","worker-airtrust/migrations/0299_loft_chk_manobras.sql"
"6","A139-P-LOFT/CHECK","20","LOFT-CHK-20","AB","migration_verified","worker-airtrust/migrations/0299_loft_chk_manobras.sql","","worker-airtrust/migrations/0299_loft_chk_manobras.sql"
"6","A139-P-LOFT/CHECK","21","LOFT-CHK-21","AB","migration_verified","worker-airtrust/migrations/0299_loft_chk_manobras.sql","","worker-airtrust/migrations/0299_loft_chk_manobras.sql"
"6","A139-P-LOFT/CHECK","22","LOFT-CHK-22","AB","migration_verified","worker-airtrust/migrations/0299_loft_chk_manobras.sql","","worker-airtrust/migrations/0299_loft_chk_manobras.sql"
"6","A139-P-LOFT/OFFSHORE","1","LOFT-OFF-01","AB","migration_verified","worker-airtrust/migrations/0300_loft_off_not_e_fap_refs.sql","","worker-airtrust/migrations/0300_loft_off_not_e_fap_refs.sql"
"6","A139-P-LOFT/OFFSHORE","2","LOFT-OFF-02","AB","migration_verified","worker-airtrust/migrations/0300_loft_off_not_e_fap_refs.sql","","worker-airtrust/migrations/0300_loft_off_not_e_fap_refs.sql"
"6","A139-P-LOFT/OFFSHORE","3","LOFT-OFF-03","AB","migration_verified","worker-airtrust/migrations/0300_loft_off_not_e_fap_refs.sql","","worker-airtrust/migrations/0300_loft_off_not_e_fap_refs.sql"
"6","A139-P-LOFT/OFFSHORE","4","LOFT-OFF-04","AB","migration_verified","worker-airtrust/migrations/0300_loft_off_not_e_fap_refs.sql","","worker-airtrust/migrations/0300_loft_off_not_e_fap_refs.sql"
"6","A139-P-LOFT/OFFSHORE","5","LOFT-OFF-05","AB","migration_verified","worker-airtrust/migrations/0300_loft_off_not_e_fap_refs.sql","","worker-airtrust/migrations/0300_loft_off_not_e_fap_refs.sql"
"6","A139-P-LOFT/OFFSHORE","6","LOFT-OFF-06","AB","migration_verified","worker-airtrust/migrations/0300_loft_off_not_e_fap_refs.sql","","worker-airtrust/migrations/0300_loft_off_not_e_fap_refs.sql"
"6","A139-P-LOFT/OFFSHORE","7","LOFT-OFF-07","AB","migration_verified","worker-airtrust/migrations/0300_loft_off_not_e_fap_refs.sql","","worker-airtrust/migrations/0300_loft_off_not_e_fap_refs.sql"
"6","A139-P-LOFT/OFFSHORE","8","LOFT-OFF-08","AB","migration_verified","worker-airtrust/migrations/0300_loft_off_not_e_fap_refs.sql","","worker-airtrust/migrations/0300_loft_off_not_e_fap_refs.sql"
"6","A139-P-LOFT/OFFSHORE","9","LOFT-OFF-09","AB","migration_verified","worker-airtrust/migrations/0300_loft_off_not_e_fap_refs.sql","","worker-airtrust/migrations/0300_loft_off_not_e_fap_refs.sql"
"6","A139-P-LOFT/OFFSHORE","10","LOFT-OFF-10","AB","migration_verified","worker-airtrust/migrations/0300_loft_off_not_e_fap_refs.sql","","worker-airtrust/migrations/0300_loft_off_not_e_fap_refs.sql"
"6","A139-P-LOFT/OFFSHORE","11","LOFT-OFF-11","AB","migration_verified","worker-airtrust/migrations/0300_loft_off_not_e_fap_refs.sql","","worker-airtrust/migrations/0300_loft_off_not_e_fap_refs.sql"
"6","A139-P-LOFT/OFFSHORE","12","LOFT-OFF-12","AB","migration_verified","worker-airtrust/migrations/0300_loft_off_not_e_fap_refs.sql","","worker-airtrust/migrations/0300_loft_off_not_e_fap_refs.sql"
"6","A139-P-LOFT/OFFSHORE","13","LOFT-OFF-13","AB","migration_verified","worker-airtrust/migrations/0300_loft_off_not_e_fap_refs.sql","","worker-airtrust/migrations/0300_loft_off_not_e_fap_refs.sql"
"6","A139-P-LOFT/OFFSHORE","14","LOFT-OFF-14","AB","migration_verified","worker-airtrust/migrations/0300_loft_off_not_e_fap_refs.sql","","worker-airtrust/migrations/0300_loft_off_not_e_fap_refs.sql"
"6","A139-P-LOFT/OFFSHORE","15","LOFT-OFF-15","AB","migration_verified","worker-airtrust/migrations/0300_loft_off_not_e_fap_refs.sql","","worker-airtrust/migrations/0300_loft_off_not_e_fap_refs.sql"
"6","A139-P-LOFT/OFFSHORE","16","LOFT-OFF-16","AB","migration_verified","worker-airtrust/migrations/0300_loft_off_not_e_fap_refs.sql","","worker-airtrust/migrations/0300_loft_off_not_e_fap_refs.sql"
"6","A139-P-LOFT/OFFSHORE","17","LOFT-OFF-17","AB","migration_verified","worker-airtrust/migrations/0300_loft_off_not_e_fap_refs.sql","","worker-airtrust/migrations/0300_loft_off_not_e_fap_refs.sql"
"6","A139-P-LOFT/OFFSHORE","18","LOFT-OFF-18","AB","migration_verified","worker-airtrust/migrations/0300_loft_off_not_e_fap_refs.sql","","worker-airtrust/migrations/0300_loft_off_not_e_fap_refs.sql"
"6","A139-P-LOFT/OFFSHORE","19","LOFT-OFF-19","AB","migration_verified","worker-airtrust/migrations/0300_loft_off_not_e_fap_refs.sql","","worker-airtrust/migrations/0300_loft_off_not_e_fap_refs.sql"
"6","A139-P-LOFT/OFFSHORE","20","LOFT-OFF-20","AB","migration_verified","worker-airtrust/migrations/0300_loft_off_not_e_fap_refs.sql","","worker-airtrust/migrations/0300_loft_off_not_e_fap_refs.sql"
"6","A139-P-LOFT/OFFSHORE","21","LOFT-OFF-21","AB","migration_verified","worker-airtrust/migrations/0300_loft_off_not_e_fap_refs.sql","","worker-airtrust/migrations/0300_loft_off_not_e_fap_refs.sql"
"6","A139-P-LOFT/OFFSHORE","22","LOFT-OFF-22","AB","migration_verified","worker-airtrust/migrations/0300_loft_off_not_e_fap_refs.sql","","worker-airtrust/migrations/0300_loft_off_not_e_fap_refs.sql"
"6","A139-REQ-01","1","LOFT-CHK-01","AB","pto_visual_verified","responsavel_operacional_confirmado_2026-06-16:AB","","worker-airtrust/migrations/0368_aw139_reaquisicao_experiencia_recente.sql"
"6","A139-REQ-01","2","LOFT-CHK-02","AB","pto_visual_verified","responsavel_operacional_confirmado_2026-06-16:AB","","worker-airtrust/migrations/0368_aw139_reaquisicao_experiencia_recente.sql"
"6","A139-REQ-01","3","LOFT-CHK-03","AB","pto_visual_verified","responsavel_operacional_confirmado_2026-06-16:AB","","worker-airtrust/migrations/0368_aw139_reaquisicao_experiencia_recente.sql"
"6","A139-REQ-01","4","LOFT-CHK-04","AB","pto_visual_verified","responsavel_operacional_confirmado_2026-06-16:AB","","worker-airtrust/migrations/0368_aw139_reaquisicao_experiencia_recente.sql"
"6","A139-REQ-01","5","LOFT-CHK-05","AB","pto_visual_verified","responsavel_operacional_confirmado_2026-06-16:AB","","worker-airtrust/migrations/0368_aw139_reaquisicao_experiencia_recente.sql"
"6","A139-REQ-01","6","LOFT-CHK-06","AB","pto_visual_verified","responsavel_operacional_confirmado_2026-06-16:AB","","worker-airtrust/migrations/0368_aw139_reaquisicao_experiencia_recente.sql"
"6","A139-REQ-01","7","OPS-NRM-X1","AB","pto_visual_verified","responsavel_operacional_confirmado_2026-06-16:AB","","worker-airtrust/migrations/0368_aw139_reaquisicao_experiencia_recente.sql"
"6","A139-REQ-01","8","FLY-BAS-X3","AB","pto_visual_verified","responsavel_operacional_confirmado_2026-06-16:AB","","worker-airtrust/migrations/0368_aw139_reaquisicao_experiencia_recente.sql"
"6","A139-REQ-01","9","LOFT-CHK-07","AB","pto_visual_verified","responsavel_operacional_confirmado_2026-06-16:AB","","worker-airtrust/migrations/0368_aw139_reaquisicao_experiencia_recente.sql"
"6","A139-REQ-01","10","OPS-NRM-X2","AB","pto_visual_verified","responsavel_operacional_confirmado_2026-06-16:AB","","worker-airtrust/migrations/0368_aw139_reaquisicao_experiencia_recente.sql"
"6","A139-REQ-01","11","OPS-NAV-X2","AB","pto_visual_verified","responsavel_operacional_confirmado_2026-06-16:AB","","worker-airtrust/migrations/0368_aw139_reaquisicao_experiencia_recente.sql"
"6","A139-REQ-01","12","LOFT-CHK-09","AB","pto_visual_verified","responsavel_operacional_confirmado_2026-06-16:AB","","worker-airtrust/migrations/0368_aw139_reaquisicao_experiencia_recente.sql"
"6","A139-REQ-01","13","LOFT-CHK-10","AB","pto_visual_verified","responsavel_operacional_confirmado_2026-06-16:AB","","worker-airtrust/migrations/0368_aw139_reaquisicao_experiencia_recente.sql"
"6","A139-REQ-01","14","LOFT-CHK-13","AB","pto_visual_verified","responsavel_operacional_confirmado_2026-06-16:AB","","worker-airtrust/migrations/0368_aw139_reaquisicao_experiencia_recente.sql"
"6","A139-REQ-01","15","LOFT-CHK-14","AB","pto_visual_verified","responsavel_operacional_confirmado_2026-06-16:AB","","worker-airtrust/migrations/0368_aw139_reaquisicao_experiencia_recente.sql"
"6","A139-REQ-01","16","LOFT-CHK-17","AB","pto_visual_verified","responsavel_operacional_confirmado_2026-06-16:AB","","worker-airtrust/migrations/0368_aw139_reaquisicao_experiencia_recente.sql"
"6","A139-REQ-01","17","LOFT-CHK-18","AB","pto_visual_verified","responsavel_operacional_confirmado_2026-06-16:AB","","worker-airtrust/migrations/0368_aw139_reaquisicao_experiencia_recente.sql"
"6","A139-REQ-01","18","LOFT-CHK-19","AB","pto_visual_verified","responsavel_operacional_confirmado_2026-06-16:AB","","worker-airtrust/migrations/0368_aw139_reaquisicao_experiencia_recente.sql"
"6","A139-REQ-01","19","LOFT-CHK-16","AB","pto_visual_verified","responsavel_operacional_confirmado_2026-06-16:AB","","worker-airtrust/migrations/0368_aw139_reaquisicao_experiencia_recente.sql"
"6","A139-REQ-01","20","LOFT-CHK-20","AB","pto_visual_verified","responsavel_operacional_confirmado_2026-06-16:AB","","worker-airtrust/migrations/0368_aw139_reaquisicao_experiencia_recente.sql"
"6","A139-REQ-01","21","LOFT-CHK-21","AB","pto_visual_verified","responsavel_operacional_confirmado_2026-06-16:AB","","worker-airtrust/migrations/0368_aw139_reaquisicao_experiencia_recente.sql"
"6","A139-REQ-01","22","LOFT-CHK-22","AB","pto_visual_verified","responsavel_operacional_confirmado_2026-06-16:AB","","worker-airtrust/migrations/0368_aw139_reaquisicao_experiencia_recente.sql"
"6","A139-S-01/02","1","LOFT-NOT-01","AB","migration_verified","worker-airtrust/migrations/0300_loft_off_not_e_fap_refs.sql","","worker-airtrust/migrations/0300_loft_off_not_e_fap_refs.sql"
"6","A139-S-01/02","2","LOFT-NOT-02","AB","migration_verified","worker-airtrust/migrations/0300_loft_off_not_e_fap_refs.sql","","worker-airtrust/migrations/0300_loft_off_not_e_fap_refs.sql"
"6","A139-S-01/02","3","LOFT-NOT-03","AB","migration_verified","worker-airtrust/migrations/0300_loft_off_not_e_fap_refs.sql","","worker-airtrust/migrations/0300_loft_off_not_e_fap_refs.sql"
"6","A139-S-01/02","4","LOFT-NOT-04","AB","migration_verified","worker-airtrust/migrations/0300_loft_off_not_e_fap_refs.sql","","worker-airtrust/migrations/0300_loft_off_not_e_fap_refs.sql"
"6","A139-S-01/02","5","LOFT-NOT-05","AB","migration_verified","worker-airtrust/migrations/0300_loft_off_not_e_fap_refs.sql","","worker-airtrust/migrations/0300_loft_off_not_e_fap_refs.sql"
"6","A139-S-01/02","6","LOFT-NOT-06","AB","migration_verified","worker-airtrust/migrations/0300_loft_off_not_e_fap_refs.sql","","worker-airtrust/migrations/0300_loft_off_not_e_fap_refs.sql"
"6","A139-S-01/02","7","LOFT-NOT-07","AB","migration_verified","worker-airtrust/migrations/0300_loft_off_not_e_fap_refs.sql","","worker-airtrust/migrations/0300_loft_off_not_e_fap_refs.sql"
"6","A139-S-01/02","8","LOFT-NOT-08","AB","migration_verified","worker-airtrust/migrations/0300_loft_off_not_e_fap_refs.sql","","worker-airtrust/migrations/0300_loft_off_not_e_fap_refs.sql"
"6","A139-S-01/02","9","LOFT-NOT-09","AB","migration_verified","worker-airtrust/migrations/0300_loft_off_not_e_fap_refs.sql","","worker-airtrust/migrations/0300_loft_off_not_e_fap_refs.sql"
"6","A139-S-01/02","10","LOFT-NOT-10","AB","migration_verified","worker-airtrust/migrations/0300_loft_off_not_e_fap_refs.sql","","worker-airtrust/migrations/0300_loft_off_not_e_fap_refs.sql"
"6","A139-S-01/02","11","LOFT-NOT-11","AB","migration_verified","worker-airtrust/migrations/0300_loft_off_not_e_fap_refs.sql","","worker-airtrust/migrations/0300_loft_off_not_e_fap_refs.sql"
"6","A139-S-01/02","12","LOFT-NOT-12","AB","migration_verified","worker-airtrust/migrations/0300_loft_off_not_e_fap_refs.sql","","worker-airtrust/migrations/0300_loft_off_not_e_fap_refs.sql"
"6","A139-S-01/02","13","LOFT-NOT-13","AB","migration_verified","worker-airtrust/migrations/0300_loft_off_not_e_fap_refs.sql","","worker-airtrust/migrations/0300_loft_off_not_e_fap_refs.sql"
"6","A139-S-01/02","14","LOFT-NOT-14","AB","migration_verified","worker-airtrust/migrations/0300_loft_off_not_e_fap_refs.sql","","worker-airtrust/migrations/0300_loft_off_not_e_fap_refs.sql"
"6","A139-S-01/02","15","LOFT-NOT-15","AB","migration_verified","worker-airtrust/migrations/0300_loft_off_not_e_fap_refs.sql","","worker-airtrust/migrations/0300_loft_off_not_e_fap_refs.sql"
"6","A139-S-01/02","16","LOFT-NOT-16","AB","migration_verified","worker-airtrust/migrations/0300_loft_off_not_e_fap_refs.sql","","worker-airtrust/migrations/0300_loft_off_not_e_fap_refs.sql"
"6","A139-S-01/02","17","LOFT-NOT-17","AB","migration_verified","worker-airtrust/migrations/0300_loft_off_not_e_fap_refs.sql","","worker-airtrust/migrations/0300_loft_off_not_e_fap_refs.sql"
"6","A139-S-01/02","18","LOFT-NOT-18","AB","migration_verified","worker-airtrust/migrations/0300_loft_off_not_e_fap_refs.sql","","worker-airtrust/migrations/0300_loft_off_not_e_fap_refs.sql"
"6","A139-S-01/02","19","LOFT-NOT-19","AB","migration_verified","worker-airtrust/migrations/0300_loft_off_not_e_fap_refs.sql","","worker-airtrust/migrations/0300_loft_off_not_e_fap_refs.sql"
"6","A139-S-01/02","20","LOFT-NOT-20","AB","migration_verified","worker-airtrust/migrations/0300_loft_off_not_e_fap_refs.sql","","worker-airtrust/migrations/0300_loft_off_not_e_fap_refs.sql"
"6","A139-S-01/02","21","LOFT-NOT-21","AB","migration_verified","worker-airtrust/migrations/0300_loft_off_not_e_fap_refs.sql","","worker-airtrust/migrations/0300_loft_off_not_e_fap_refs.sql"
"6","A139-S-01/02","22","LOFT-NOT-22","AB","migration_verified","worker-airtrust/migrations/0300_loft_off_not_e_fap_refs.sql","","worker-airtrust/migrations/0300_loft_off_not_e_fap_refs.sql"
"6","A139-S-02/02","1","LOFT-CHK-01","AB","migration_verified","worker-airtrust/migrations/0299_loft_chk_manobras.sql","","worker-airtrust/migrations/0299_loft_chk_manobras.sql"
"6","A139-S-02/02","2","LOFT-CHK-02","AB","migration_verified","worker-airtrust/migrations/0299_loft_chk_manobras.sql","","worker-airtrust/migrations/0299_loft_chk_manobras.sql"
"6","A139-S-02/02","3","LOFT-CHK-03","AB","migration_verified","worker-airtrust/migrations/0299_loft_chk_manobras.sql","","worker-airtrust/migrations/0299_loft_chk_manobras.sql"
"6","A139-S-02/02","4","LOFT-CHK-04","AB","migration_verified","worker-airtrust/migrations/0299_loft_chk_manobras.sql","","worker-airtrust/migrations/0299_loft_chk_manobras.sql"
"6","A139-S-02/02","5","LOFT-CHK-05","AB","migration_verified","worker-airtrust/migrations/0299_loft_chk_manobras.sql","","worker-airtrust/migrations/0299_loft_chk_manobras.sql"
"6","A139-S-02/02","6","LOFT-CHK-06","AB","migration_verified","worker-airtrust/migrations/0299_loft_chk_manobras.sql","","worker-airtrust/migrations/0299_loft_chk_manobras.sql"
"6","A139-S-02/02","7","LOFT-CHK-07","AB","migration_verified","worker-airtrust/migrations/0299_loft_chk_manobras.sql","","worker-airtrust/migrations/0299_loft_chk_manobras.sql"
"6","A139-S-02/02","8","LOFT-CHK-08","AB","migration_verified","worker-airtrust/migrations/0299_loft_chk_manobras.sql","","worker-airtrust/migrations/0299_loft_chk_manobras.sql"
"6","A139-S-02/02","9","LOFT-CHK-09","AB","migration_verified","worker-airtrust/migrations/0299_loft_chk_manobras.sql","","worker-airtrust/migrations/0299_loft_chk_manobras.sql"
"6","A139-S-02/02","10","LOFT-CHK-10","AB","migration_verified","worker-airtrust/migrations/0299_loft_chk_manobras.sql","","worker-airtrust/migrations/0299_loft_chk_manobras.sql"
"6","A139-S-02/02","11","LOFT-CHK-11","AB","migration_verified","worker-airtrust/migrations/0299_loft_chk_manobras.sql","","worker-airtrust/migrations/0299_loft_chk_manobras.sql"
"6","A139-S-02/02","12","LOFT-CHK-12","AB","migration_verified","worker-airtrust/migrations/0299_loft_chk_manobras.sql","","worker-airtrust/migrations/0299_loft_chk_manobras.sql"
"6","A139-S-02/02","13","LOFT-CHK-13","AB","migration_verified","worker-airtrust/migrations/0299_loft_chk_manobras.sql","","worker-airtrust/migrations/0299_loft_chk_manobras.sql"
"6","A139-S-02/02","14","LOFT-CHK-14","AB","migration_verified","worker-airtrust/migrations/0299_loft_chk_manobras.sql","","worker-airtrust/migrations/0299_loft_chk_manobras.sql"
"6","A139-S-02/02","15","LOFT-CHK-15","AB","migration_verified","worker-airtrust/migrations/0299_loft_chk_manobras.sql","","worker-airtrust/migrations/0299_loft_chk_manobras.sql"
"6","A139-S-02/02","16","LOFT-CHK-16","AB","migration_verified","worker-airtrust/migrations/0299_loft_chk_manobras.sql","","worker-airtrust/migrations/0299_loft_chk_manobras.sql"
"6","A139-S-02/02","17","LOFT-CHK-17","AB","migration_verified","worker-airtrust/migrations/0299_loft_chk_manobras.sql","","worker-airtrust/migrations/0299_loft_chk_manobras.sql"
"6","A139-S-02/02","18","LOFT-CHK-18","AB","migration_verified","worker-airtrust/migrations/0299_loft_chk_manobras.sql","","worker-airtrust/migrations/0299_loft_chk_manobras.sql"
"6","A139-S-02/02","19","LOFT-CHK-19","AB","migration_verified","worker-airtrust/migrations/0299_loft_chk_manobras.sql","","worker-airtrust/migrations/0299_loft_chk_manobras.sql"
"6","A139-S-02/02","20","LOFT-CHK-20","AB","migration_verified","worker-airtrust/migrations/0299_loft_chk_manobras.sql","","worker-airtrust/migrations/0299_loft_chk_manobras.sql"
"6","A139-S-02/02","21","LOFT-CHK-21","AB","migration_verified","worker-airtrust/migrations/0299_loft_chk_manobras.sql","","worker-airtrust/migrations/0299_loft_chk_manobras.sql"
"6","A139-S-02/02","22","LOFT-CHK-22","AB","migration_verified","worker-airtrust/migrations/0299_loft_chk_manobras.sql","","worker-airtrust/migrations/0299_loft_chk_manobras.sql"
"6","CRED-EXA","1","EXA-CGE-01","AB","pto_visual_verified","responsavel_operacional_confirmado_2026-06-16:AB","","worker-airtrust/migrations/0296_fap07_fap13_manobras.sql"
"6","CRED-EXA","2","EXA-CGE-02","AB","pto_visual_verified","responsavel_operacional_confirmado_2026-06-16:AB","","worker-airtrust/migrations/0296_fap07_fap13_manobras.sql"
"6","CRED-EXA","3","EXA-CGE-03","AB","pto_visual_verified","responsavel_operacional_confirmado_2026-06-16:AB","","worker-airtrust/migrations/0296_fap07_fap13_manobras.sql"
"6","CRED-EXA","4","EXA-CGE-04","AB","pto_visual_verified","responsavel_operacional_confirmado_2026-06-16:AB","","worker-airtrust/migrations/0296_fap07_fap13_manobras.sql"
"6","CRED-EXA","5","EXA-CGE-05","AB","pto_visual_verified","responsavel_operacional_confirmado_2026-06-16:AB","","worker-airtrust/migrations/0296_fap07_fap13_manobras.sql"
"6","CRED-EXA","6","EXA-NTS-01","AB","pto_visual_verified","responsavel_operacional_confirmado_2026-06-16:AB","","worker-airtrust/migrations/0296_fap07_fap13_manobras.sql"
"6","CRED-EXA","7","EXA-NTS-02","AB","pto_visual_verified","responsavel_operacional_confirmado_2026-06-16:AB","","worker-airtrust/migrations/0296_fap07_fap13_manobras.sql"
"6","CRED-EXA","8","EXA-NTS-03","AB","pto_visual_verified","responsavel_operacional_confirmado_2026-06-16:AB","","worker-airtrust/migrations/0296_fap07_fap13_manobras.sql"
"6","CRED-EXA","9","EXA-NTS-04","AB","pto_visual_verified","responsavel_operacional_confirmado_2026-06-16:AB","","worker-airtrust/migrations/0296_fap07_fap13_manobras.sql"
"6","CRED-EXA","10","EXA-NTS-05","AB","pto_visual_verified","responsavel_operacional_confirmado_2026-06-16:AB","","worker-airtrust/migrations/0296_fap07_fap13_manobras.sql"
"6","CRED-EXA","11","EXA-NTS-06","AB","pto_visual_verified","responsavel_operacional_confirmado_2026-06-16:AB","","worker-airtrust/migrations/0296_fap07_fap13_manobras.sql"
"6","CRED-EXA","12","EXA-NTS-07","AB","pto_visual_verified","responsavel_operacional_confirmado_2026-06-16:AB","","worker-airtrust/migrations/0296_fap07_fap13_manobras.sql"
"6","CRED-EXA","13","EXA-CND-01","AB","pto_visual_verified","responsavel_operacional_confirmado_2026-06-16:AB","","worker-airtrust/migrations/0296_fap07_fap13_manobras.sql"
"6","CRED-EXA","14","EXA-CND-02","AB","pto_visual_verified","responsavel_operacional_confirmado_2026-06-16:AB","","worker-airtrust/migrations/0296_fap07_fap13_manobras.sql"
"6","CRED-EXA","15","EXA-CND-03","AB","pto_visual_verified","responsavel_operacional_confirmado_2026-06-16:AB","","worker-airtrust/migrations/0296_fap07_fap13_manobras.sql"
"6","CRED-EXA","16","EXA-CND-04","AB","pto_visual_verified","responsavel_operacional_confirmado_2026-06-16:AB","","worker-airtrust/migrations/0296_fap07_fap13_manobras.sql"
"6","CRED-EXA","17","EXA-CND-05","AB","pto_visual_verified","responsavel_operacional_confirmado_2026-06-16:AB","","worker-airtrust/migrations/0296_fap07_fap13_manobras.sql"
"6","CRED-EXA","18","EXA-CND-06","AB","pto_visual_verified","responsavel_operacional_confirmado_2026-06-16:AB","","worker-airtrust/migrations/0296_fap07_fap13_manobras.sql"
"6","CRED-EXA","19","EXA-ETH-01","AB","pto_visual_verified","responsavel_operacional_confirmado_2026-06-16:AB","","worker-airtrust/migrations/0296_fap07_fap13_manobras.sql"
"6","CRED-EXA","20","EXA-ETH-02","AB","pto_visual_verified","responsavel_operacional_confirmado_2026-06-16:AB","","worker-airtrust/migrations/0296_fap07_fap13_manobras.sql"
"6","CRED-EXA","21","EXA-ETH-03","AB","pto_visual_verified","responsavel_operacional_confirmado_2026-06-16:AB","","worker-airtrust/migrations/0296_fap07_fap13_manobras.sql"
"6","CRED-EXA","22","EXA-ETH-04","AB","pto_visual_verified","responsavel_operacional_confirmado_2026-06-16:AB","","worker-airtrust/migrations/0296_fap07_fap13_manobras.sql"
"6","S76-NOT-01","1","S76-LOFT-23","AB","migration_verified","worker-airtrust/migrations/0383_split_night_training_onshore_offshore.sql","PF:AB","worker-airtrust/migrations/0383_split_night_training_onshore_offshore.sql"
"6","S76-NOT-01","2","S76-NVF-00","AB","migration_verified","worker-airtrust/migrations/0383_split_night_training_onshore_offshore.sql","PF:AB","worker-airtrust/migrations/0383_split_night_training_onshore_offshore.sql"
"6","S76-NOT-01","3","S76-LOFT-24","AB","migration_verified","worker-airtrust/migrations/0383_split_night_training_onshore_offshore.sql","PF:AB","worker-airtrust/migrations/0383_split_night_training_onshore_offshore.sql"
"6","S76-NOT-01","4","S76-HOV-00","AB","migration_verified","worker-airtrust/migrations/0383_split_night_training_onshore_offshore.sql","PF:AB","worker-airtrust/migrations/0383_split_night_training_onshore_offshore.sql"
"6","S76-NOT-01","5","S76-LOFT-25","AB","migration_verified","worker-airtrust/migrations/0383_split_night_training_onshore_offshore.sql","PF:AB","worker-airtrust/migrations/0383_split_night_training_onshore_offshore.sql"
"6","S76-NOT-01","6","S76-LOFT-04","AB","migration_verified","worker-airtrust/migrations/0383_split_night_training_onshore_offshore.sql","PF:AB","worker-airtrust/migrations/0383_split_night_training_onshore_offshore.sql"
"6","S76-NOT-01","7","S76-LOFT-01","AB","migration_verified","worker-airtrust/migrations/0383_split_night_training_onshore_offshore.sql","PF:AB","worker-airtrust/migrations/0383_split_night_training_onshore_offshore.sql"
"6","S76-NOT-01","8","S76-NDL-00","AB","migration_verified","worker-airtrust/migrations/0383_split_night_training_onshore_offshore.sql","PF:AB","worker-airtrust/migrations/0383_split_night_training_onshore_offshore.sql"
"6","S76-NOT-01","9","S76-LOFT-28","AB","migration_verified","worker-airtrust/migrations/0383_split_night_training_onshore_offshore.sql","PF:AB","worker-airtrust/migrations/0383_split_night_training_onshore_offshore.sql"
"6","S76-NOT-01","10","S76-LOFT-05","AB","migration_verified","worker-airtrust/migrations/0383_split_night_training_onshore_offshore.sql","PF:AB","worker-airtrust/migrations/0383_split_night_training_onshore_offshore.sql"
"6","S76-NOT-01","11","S76-LOFT-18","AB","migration_verified","worker-airtrust/migrations/0383_split_night_training_onshore_offshore.sql","PF:AB","worker-airtrust/migrations/0383_split_night_training_onshore_offshore.sql"
"6","S76-NOT-01","12","S76-LOFT-02","AB","migration_verified","worker-airtrust/migrations/0383_split_night_training_onshore_offshore.sql","PF:AB","worker-airtrust/migrations/0383_split_night_training_onshore_offshore.sql"
"6","S76-NOT-01","13","S76-LOFT-19","AB","migration_verified","worker-airtrust/migrations/0383_split_night_training_onshore_offshore.sql","PF:AB","worker-airtrust/migrations/0383_split_night_training_onshore_offshore.sql"
"6","S76-NOT-01","14","S76-LOFT-31","AB","migration_verified","worker-airtrust/migrations/0383_split_night_training_onshore_offshore.sql","PF:AB","worker-airtrust/migrations/0383_split_night_training_onshore_offshore.sql"
"6","S76-NOT-01","15","S76-AUT-70","AB","migration_verified","worker-airtrust/migrations/0383_split_night_training_onshore_offshore.sql","PF:AB","worker-airtrust/migrations/0383_split_night_training_onshore_offshore.sql"
"6","S76-NOT-01","16","S76-LOFT-32","AB","migration_verified","worker-airtrust/migrations/0383_split_night_training_onshore_offshore.sql","PF:AB","worker-airtrust/migrations/0383_split_night_training_onshore_offshore.sql"
"6","S76-NOT-01","17","S76-LOFT-33","AB","migration_verified","worker-airtrust/migrations/0383_split_night_training_onshore_offshore.sql","PF:AB","worker-airtrust/migrations/0383_split_night_training_onshore_offshore.sql"
"6","S76-NOT-01","18","S76-LOFT-06","AB","migration_verified","worker-airtrust/migrations/0383_split_night_training_onshore_offshore.sql","PF:AB","worker-airtrust/migrations/0383_split_night_training_onshore_offshore.sql"
"6","S76-NOT-01","19","S76-LOFT-12","AB","migration_verified","worker-airtrust/migrations/0383_split_night_training_onshore_offshore.sql","PF:AB","worker-airtrust/migrations/0383_split_night_training_onshore_offshore.sql"
"6","S76-NOT-01","20","S76-LOFT-16","AB","migration_verified","worker-airtrust/migrations/0383_split_night_training_onshore_offshore.sql","PF:AB","worker-airtrust/migrations/0383_split_night_training_onshore_offshore.sql"
"6","S76-NOT-01","21","S76-LOFT-21","AB","migration_verified","worker-airtrust/migrations/0383_split_night_training_onshore_offshore.sql","PF:AB","worker-airtrust/migrations/0383_split_night_training_onshore_offshore.sql"
"6","S76-NOT-01","22","S76-LOFT-22","AB","migration_verified","worker-airtrust/migrations/0383_split_night_training_onshore_offshore.sql","PF:AB","worker-airtrust/migrations/0383_split_night_training_onshore_offshore.sql"
"6","S76-NOT-02","1","S76-TDP-00","AB","migration_verified","worker-airtrust/migrations/0383_split_night_training_onshore_offshore.sql","PF:AB","worker-airtrust/migrations/0383_split_night_training_onshore_offshore.sql"
"6","S76-NOT-02","2","S76-LOFT-26","AB","migration_verified","worker-airtrust/migrations/0383_split_night_training_onshore_offshore.sql","PF:AB","worker-airtrust/migrations/0383_split_night_training_onshore_offshore.sql"
"6","S76-NOT-02","3","LOFT-OFF-01","AB","migration_verified","worker-airtrust/migrations/0383_split_night_training_onshore_offshore.sql","PF:AB","worker-airtrust/migrations/0383_split_night_training_onshore_offshore.sql"
"6","S76-NOT-02","4","LOFT-OFF-04","AB","migration_verified","worker-airtrust/migrations/0383_split_night_training_onshore_offshore.sql","PF:AB","worker-airtrust/migrations/0383_split_night_training_onshore_offshore.sql"
"6","S76-NOT-02","5","S76-LOFT-28","AB","migration_verified","worker-airtrust/migrations/0383_split_night_training_onshore_offshore.sql","PF:AB","worker-airtrust/migrations/0383_split_night_training_onshore_offshore.sql"
"6","S76-NOT-02","6","S76-LOFT-27","AB","migration_verified","worker-airtrust/migrations/0383_split_night_training_onshore_offshore.sql","PF:AB","worker-airtrust/migrations/0383_split_night_training_onshore_offshore.sql"
"6","S76-NOT-02","7","LOFT-OFF-07","AB","migration_verified","worker-airtrust/migrations/0383_split_night_training_onshore_offshore.sql","PF:AB","worker-airtrust/migrations/0383_split_night_training_onshore_offshore.sql"
"6","S76-NOT-02","8","LOFT-OFF-14","AB","migration_verified","worker-airtrust/migrations/0383_split_night_training_onshore_offshore.sql","PF:AB","worker-airtrust/migrations/0383_split_night_training_onshore_offshore.sql"
"6","S76-NOT-02","9","S76-LDP-00","AB","migration_verified","worker-airtrust/migrations/0383_split_night_training_onshore_offshore.sql","PF:AB","worker-airtrust/migrations/0383_split_night_training_onshore_offshore.sql"
"6","S76-NOT-02","10","S76-LOFT-29","AB","migration_verified","worker-airtrust/migrations/0383_split_night_training_onshore_offshore.sql","PF:AB","worker-airtrust/migrations/0383_split_night_training_onshore_offshore.sql"
"6","S76-NOT-02","11","LOFT-OFF-15","AB","migration_verified","worker-airtrust/migrations/0383_split_night_training_onshore_offshore.sql","PF:AB","worker-airtrust/migrations/0383_split_night_training_onshore_offshore.sql"
"6","S76-NOT-02","12","S76-LOFT-30","AB","migration_verified","worker-airtrust/migrations/0383_split_night_training_onshore_offshore.sql","PF:AB","worker-airtrust/migrations/0383_split_night_training_onshore_offshore.sql"
"6","S76-NOT-02","13","LOFT-OFF-16","AB","migration_verified","worker-airtrust/migrations/0383_split_night_training_onshore_offshore.sql","PF:AB","worker-airtrust/migrations/0383_split_night_training_onshore_offshore.sql"
"6","S76-NOT-02","14","LOFT-OFF-17","AB","migration_verified","worker-airtrust/migrations/0383_split_night_training_onshore_offshore.sql","PF:AB","worker-airtrust/migrations/0383_split_night_training_onshore_offshore.sql"
"6","S76-NOT-02","15","LOFT-OFF-18","AB","migration_verified","worker-airtrust/migrations/0383_split_night_training_onshore_offshore.sql","PF:AB","worker-airtrust/migrations/0383_split_night_training_onshore_offshore.sql"
"6","S76-NOT-02","16","LOFT-OFF-19","AB","migration_verified","worker-airtrust/migrations/0383_split_night_training_onshore_offshore.sql","PF:AB","worker-airtrust/migrations/0383_split_night_training_onshore_offshore.sql"
"6","S76-NOT-02","17","LOFT-OFF-20","AB","migration_verified","worker-airtrust/migrations/0383_split_night_training_onshore_offshore.sql","PF:AB","worker-airtrust/migrations/0383_split_night_training_onshore_offshore.sql"
"6","S76-NOT-02","18","LOFT-OFF-21","AB","migration_verified","worker-airtrust/migrations/0383_split_night_training_onshore_offshore.sql","PF:AB","worker-airtrust/migrations/0383_split_night_training_onshore_offshore.sql"
"6","S76-NOT-02","19","LOFT-OFF-22","AB","migration_verified","worker-airtrust/migrations/0383_split_night_training_onshore_offshore.sql","PF:AB","worker-airtrust/migrations/0383_split_night_training_onshore_offshore.sql"
"6","S76-NOT-02","20","S76-LOFT-34","AB","migration_verified","worker-airtrust/migrations/0383_split_night_training_onshore_offshore.sql","PF:AB","worker-airtrust/migrations/0383_split_night_training_onshore_offshore.sql"
"6","S76-NOT-02","21","S76-DIT-71","AB","migration_verified","worker-airtrust/migrations/0383_split_night_training_onshore_offshore.sql","PF:AB","worker-airtrust/migrations/0383_split_night_training_onshore_offshore.sql"
"6","S76-NOT-02","22","S76-LOFT-21","AB","migration_verified","worker-airtrust/migrations/0383_split_night_training_onshore_offshore.sql","PF:AB","worker-airtrust/migrations/0383_split_night_training_onshore_offshore.sql"
"6","S76-P-C1/IFR","1","S76-NIF-00","AB","migration_verified","worker-airtrust/migrations/0297_tripulante_ab_distribution.sql:modelo_id=46","","scripts/legacy/d1-prod-20260315-193839.sql:modelo_id=46 | worker-airtrust/migrations/0262_sk76_periodico_ciclos.sql"
"6","S76-P-C1/IFR","2","S76-BTO-51","B","migration_verified","worker-airtrust/migrations/0297_tripulante_ab_distribution.sql:modelo_id=46","","scripts/legacy/d1-prod-20260315-193839.sql:modelo_id=46 | worker-airtrust/migrations/0262_sk76_periodico_ciclos.sql"
"6","S76-P-C1/IFR","3","S76-RMF-69","A","migration_verified","worker-airtrust/migrations/0297_tripulante_ab_distribution.sql:modelo_id=46","","scripts/legacy/d1-prod-20260315-193839.sql:modelo_id=46 | worker-airtrust/migrations/0262_sk76_periodico_ciclos.sql"
"6","S76-P-C1/IFR","4","S76-FDA-00","AB","migration_verified","worker-airtrust/migrations/0297_tripulante_ab_distribution.sql:modelo_id=46","","scripts/legacy/d1-prod-20260315-193839.sql:modelo_id=46 | worker-airtrust/migrations/0262_sk76_periodico_ciclos.sql"
"6","S76-P-C1/IFR","5","S76-CGI-00","AB","migration_verified","worker-airtrust/migrations/0297_tripulante_ab_distribution.sql:modelo_id=46","","scripts/legacy/d1-prod-20260315-193839.sql:modelo_id=46 | worker-airtrust/migrations/0262_sk76_periodico_ciclos.sql"
"6","S76-P-C1/IFR","6","S76-SID-00","A","migration_verified","worker-airtrust/migrations/0297_tripulante_ab_distribution.sql:modelo_id=46","","scripts/legacy/d1-prod-20260315-193839.sql:modelo_id=46 | worker-airtrust/migrations/0262_sk76_periodico_ciclos.sql"
"6","S76-P-C1/IFR","7","S76-FCR-17","A","migration_verified","worker-airtrust/migrations/0297_tripulante_ab_distribution.sql:modelo_id=46","","scripts/legacy/d1-prod-20260315-193839.sql:modelo_id=46 | worker-airtrust/migrations/0262_sk76_periodico_ciclos.sql"
"6","S76-P-C1/IFR","8","S76-DM1-22","B","migration_verified","worker-airtrust/migrations/0297_tripulante_ab_distribution.sql:modelo_id=46","","scripts/legacy/d1-prod-20260315-193839.sql:modelo_id=46 | worker-airtrust/migrations/0262_sk76_periodico_ciclos.sql"
"6","S76-P-C1/IFR","9","S76-DMN-21","A","migration_verified","worker-airtrust/migrations/0297_tripulante_ab_distribution.sql:modelo_id=46","","scripts/legacy/d1-prod-20260315-193839.sql:modelo_id=46 | worker-airtrust/migrations/0262_sk76_periodico_ciclos.sql"
"6","S76-P-C1/IFR","10","S76-N1T-30","B","migration_verified","worker-airtrust/migrations/0297_tripulante_ab_distribution.sql:modelo_id=46","","scripts/legacy/d1-prod-20260315-193839.sql:modelo_id=46 | worker-airtrust/migrations/0262_sk76_periodico_ciclos.sql"
"6","S76-P-C1/IFR","11","S76-EOP-25","A","migration_verified","worker-airtrust/migrations/0297_tripulante_ab_distribution.sql:modelo_id=46","","scripts/legacy/d1-prod-20260315-193839.sql:modelo_id=46 | worker-airtrust/migrations/0262_sk76_periodico_ciclos.sql"
"6","S76-P-C1/IFR","12","S76-SDC-50","B","migration_verified","worker-airtrust/migrations/0297_tripulante_ab_distribution.sql:modelo_id=46","","scripts/legacy/d1-prod-20260315-193839.sql:modelo_id=46 | worker-airtrust/migrations/0262_sk76_periodico_ciclos.sql"
"6","S76-P-C1/IFR","13","S76-DCH-54","A","migration_verified","worker-airtrust/migrations/0297_tripulante_ab_distribution.sql:modelo_id=46","","scripts/legacy/d1-prod-20260315-193839.sql:modelo_id=46 | worker-airtrust/migrations/0262_sk76_periodico_ciclos.sql"
"6","S76-P-C1/IFR","14","S76-APF-57","B","migration_verified","worker-airtrust/migrations/0297_tripulante_ab_distribution.sql:modelo_id=46","","scripts/legacy/d1-prod-20260315-193839.sql:modelo_id=46 | worker-airtrust/migrations/0262_sk76_periodico_ciclos.sql"
"6","S76-P-C1/IFR","15","S76-TRM-58","A","migration_verified","worker-airtrust/migrations/0297_tripulante_ab_distribution.sql:modelo_id=46","","scripts/legacy/d1-prod-20260315-193839.sql:modelo_id=46 | worker-airtrust/migrations/0262_sk76_periodico_ciclos.sql"
"6","S76-P-C1/IFR","16","S76-FDF-60","B","migration_verified","worker-airtrust/migrations/0297_tripulante_ab_distribution.sql:modelo_id=46","","scripts/legacy/d1-prod-20260315-193839.sql:modelo_id=46 | worker-airtrust/migrations/0262_sk76_periodico_ciclos.sql"
"6","S76-P-C1/IFR","17","S76-AHR-65","A","migration_verified","worker-airtrust/migrations/0297_tripulante_ab_distribution.sql:modelo_id=46","","scripts/legacy/d1-prod-20260315-193839.sql:modelo_id=46 | worker-airtrust/migrations/0262_sk76_periodico_ciclos.sql"
"6","S76-P-C1/IFR","18","S76-HLD-00","AB","migration_verified","worker-airtrust/migrations/0297_tripulante_ab_distribution.sql:modelo_id=46","","scripts/legacy/d1-prod-20260315-193839.sql:modelo_id=46 | worker-airtrust/migrations/0262_sk76_periodico_ciclos.sql"
"6","S76-P-C1/IFR","19","S76-EFV-11","B","migration_verified","worker-airtrust/migrations/0297_tripulante_ab_distribution.sql:modelo_id=46","","scripts/legacy/d1-prod-20260315-193839.sql:modelo_id=46 | worker-airtrust/migrations/0262_sk76_periodico_ciclos.sql"
"6","S76-P-C1/IFR","20","S76-UGE-46","B","migration_verified","worker-airtrust/migrations/0297_tripulante_ab_distribution.sql:modelo_id=46","","scripts/legacy/d1-prod-20260315-193839.sql:modelo_id=46 | worker-airtrust/migrations/0262_sk76_periodico_ciclos.sql"
"6","S76-P-C1/IFR","21","S76-ILS-00","B","migration_verified","worker-airtrust/migrations/0297_tripulante_ab_distribution.sql:modelo_id=46","","scripts/legacy/d1-prod-20260315-193839.sql:modelo_id=46 | worker-airtrust/migrations/0262_sk76_periodico_ciclos.sql"
"6","S76-P-C1/IFR","22","S76-MIS-00","AB","migration_verified","worker-airtrust/migrations/0297_tripulante_ab_distribution.sql:modelo_id=46","","scripts/legacy/d1-prod-20260315-193839.sql:modelo_id=46 | worker-airtrust/migrations/0262_sk76_periodico_ciclos.sql"
"6","S76-P-C1/VFR","1","S76-NVF-00","AB","migration_verified","worker-airtrust/migrations/0297_tripulante_ab_distribution.sql:modelo_id=45","","scripts/legacy/d1-prod-20260315-193839.sql:modelo_id=45 | worker-airtrust/migrations/0262_sk76_periodico_ciclos.sql"
"6","S76-P-C1/VFR","2","S76-HOT-00","B","migration_verified","worker-airtrust/migrations/0297_tripulante_ab_distribution.sql:modelo_id=45","","scripts/legacy/d1-prod-20260315-193839.sql:modelo_id=45 | worker-airtrust/migrations/0262_sk76_periodico_ciclos.sql"
"6","S76-P-C1/VFR","3","S76-STF-00","A","migration_verified","worker-airtrust/migrations/0297_tripulante_ab_distribution.sql:modelo_id=45","","scripts/legacy/d1-prod-20260315-193839.sql:modelo_id=45 | worker-airtrust/migrations/0262_sk76_periodico_ciclos.sql"
"6","S76-P-C1/VFR","4","S76-FMG-08","A","migration_verified","worker-airtrust/migrations/0297_tripulante_ab_distribution.sql:modelo_id=45","","scripts/legacy/d1-prod-20260315-193839.sql:modelo_id=45 | worker-airtrust/migrations/0262_sk76_periodico_ciclos.sql"
"6","S76-P-C1/VFR","5","S76-FMI-09","B","migration_verified","worker-airtrust/migrations/0297_tripulante_ab_distribution.sql:modelo_id=45","","scripts/legacy/d1-prod-20260315-193839.sql:modelo_id=45 | worker-airtrust/migrations/0262_sk76_periodico_ciclos.sql"
"6","S76-P-C1/VFR","6","S76-HOV-00","AB","migration_verified","worker-airtrust/migrations/0297_tripulante_ab_distribution.sql:modelo_id=45","","scripts/legacy/d1-prod-20260315-193839.sql:modelo_id=45 | worker-airtrust/migrations/0262_sk76_periodico_ciclos.sql"
"6","S76-P-C1/VFR","7","S76-FMH-13","A","migration_verified","worker-airtrust/migrations/0297_tripulante_ab_distribution.sql:modelo_id=45","","scripts/legacy/d1-prod-20260315-193839.sql:modelo_id=45 | worker-airtrust/migrations/0262_sk76_periodico_ciclos.sql"
"6","S76-P-C1/VFR","8","S76-TRH-38","B","migration_verified","worker-airtrust/migrations/0297_tripulante_ab_distribution.sql:modelo_id=45","","scripts/legacy/d1-prod-20260315-193839.sql:modelo_id=45 | worker-airtrust/migrations/0262_sk76_periodico_ciclos.sql"
"6","S76-P-C1/VFR","9","S76-TDP-00","AB","migration_verified","worker-airtrust/migrations/0297_tripulante_ab_distribution.sql:modelo_id=45","","scripts/legacy/d1-prod-20260315-193839.sql:modelo_id=45 | worker-airtrust/migrations/0262_sk76_periodico_ciclos.sql"
"6","S76-P-C1/VFR","10","S76-FMA-14","A","migration_verified","worker-airtrust/migrations/0297_tripulante_ab_distribution.sql:modelo_id=45","","scripts/legacy/d1-prod-20260315-193839.sql:modelo_id=45 | worker-airtrust/migrations/0262_sk76_periodico_ciclos.sql"
"6","S76-P-C1/VFR","11","S76-FMC-15","B","migration_verified","worker-airtrust/migrations/0297_tripulante_ab_distribution.sql:modelo_id=45","","scripts/legacy/d1-prod-20260315-193839.sql:modelo_id=45 | worker-airtrust/migrations/0262_sk76_periodico_ciclos.sql"
"6","S76-P-C1/VFR","12","S76-NRO-00","A","migration_verified","worker-airtrust/migrations/0297_tripulante_ab_distribution.sql:modelo_id=45","","scripts/legacy/d1-prod-20260315-193839.sql:modelo_id=45 | worker-airtrust/migrations/0262_sk76_periodico_ciclos.sql"
"6","S76-P-C1/VFR","13","S76-NRL-00","B","migration_verified","worker-airtrust/migrations/0297_tripulante_ab_distribution.sql:modelo_id=45","","scripts/legacy/d1-prod-20260315-193839.sql:modelo_id=45 | worker-airtrust/migrations/0262_sk76_periodico_ciclos.sql"
"6","S76-P-C1/VFR","14","S76-CST-00","A","migration_verified","worker-airtrust/migrations/0297_tripulante_ab_distribution.sql:modelo_id=45","","scripts/legacy/d1-prod-20260315-193839.sql:modelo_id=45 | worker-airtrust/migrations/0262_sk76_periodico_ciclos.sql"
"6","S76-P-C1/VFR","15","S76-MRV-00","B","migration_verified","worker-airtrust/migrations/0297_tripulante_ab_distribution.sql:modelo_id=45","","scripts/legacy/d1-prod-20260315-193839.sql:modelo_id=45 | worker-airtrust/migrations/0262_sk76_periodico_ciclos.sql"
"6","S76-P-C1/VFR","16","S76-MGP-33","A","migration_verified","worker-airtrust/migrations/0297_tripulante_ab_distribution.sql:modelo_id=45","","scripts/legacy/d1-prod-20260315-193839.sql:modelo_id=45 | worker-airtrust/migrations/0262_sk76_periodico_ciclos.sql"
"6","S76-P-C1/VFR","17","S76-SSS-42","B","migration_verified","worker-airtrust/migrations/0297_tripulante_ab_distribution.sql:modelo_id=45","","scripts/legacy/d1-prod-20260315-193839.sql:modelo_id=45 | worker-airtrust/migrations/0262_sk76_periodico_ciclos.sql"
"6","S76-P-C1/VFR","18","S76-FFL-32","B","migration_verified","worker-airtrust/migrations/0297_tripulante_ab_distribution.sql:modelo_id=45","","scripts/legacy/d1-prod-20260315-193839.sql:modelo_id=45 | worker-airtrust/migrations/0262_sk76_periodico_ciclos.sql"
"6","S76-P-C1/VFR","19","S76-FFM-32","A","migration_verified","worker-airtrust/migrations/0297_tripulante_ab_distribution.sql:modelo_id=45","","scripts/legacy/d1-prod-20260315-193839.sql:modelo_id=45 | worker-airtrust/migrations/0262_sk76_periodico_ciclos.sql"
"6","S76-P-C1/VFR","20","S76-LGE-44","B","migration_verified","worker-airtrust/migrations/0297_tripulante_ab_distribution.sql:modelo_id=45","","scripts/legacy/d1-prod-20260315-193839.sql:modelo_id=45 | worker-airtrust/migrations/0262_sk76_periodico_ciclos.sql"
"6","S76-P-C1/VFR","21","S76-AUT-70","AB","migration_verified","worker-airtrust/migrations/0297_tripulante_ab_distribution.sql:modelo_id=45","","scripts/legacy/d1-prod-20260315-193839.sql:modelo_id=45 | worker-airtrust/migrations/0262_sk76_periodico_ciclos.sql"
"6","S76-P-C1/VFR","22","S76-LDP-00","AB","migration_verified","worker-airtrust/migrations/0297_tripulante_ab_distribution.sql:modelo_id=45","","scripts/legacy/d1-prod-20260315-193839.sql:modelo_id=45 | worker-airtrust/migrations/0262_sk76_periodico_ciclos.sql"
"6","S76-P-C2/IFR","1","S76-NIF-00","AB","migration_verified","worker-airtrust/migrations/0297_tripulante_ab_distribution.sql:modelo_id=48","","scripts/legacy/d1-prod-20260315-193839.sql:modelo_id=48 | worker-airtrust/migrations/0262_sk76_periodico_ciclos.sql"
"6","S76-P-C2/IFR","2","S76-ACG-48","B","migration_verified","worker-airtrust/migrations/0297_tripulante_ab_distribution.sql:modelo_id=48","","scripts/legacy/d1-prod-20260315-193839.sql:modelo_id=48 | worker-airtrust/migrations/0262_sk76_periodico_ciclos.sql"
"6","S76-P-C2/IFR","3","S76-INV-49","A","migration_verified","worker-airtrust/migrations/0297_tripulante_ab_distribution.sql:modelo_id=48","","scripts/legacy/d1-prod-20260315-193839.sql:modelo_id=48 | worker-airtrust/migrations/0262_sk76_periodico_ciclos.sql"
"6","S76-P-C2/IFR","4","S76-FDA-00","AB","migration_verified","worker-airtrust/migrations/0297_tripulante_ab_distribution.sql:modelo_id=48","","scripts/legacy/d1-prod-20260315-193839.sql:modelo_id=48 | worker-airtrust/migrations/0262_sk76_periodico_ciclos.sql"
"6","S76-P-C2/IFR","5","S76-CGI-00","AB","migration_verified","worker-airtrust/migrations/0297_tripulante_ab_distribution.sql:modelo_id=48","","scripts/legacy/d1-prod-20260315-193839.sql:modelo_id=48 | worker-airtrust/migrations/0262_sk76_periodico_ciclos.sql"
"6","S76-P-C2/IFR","6","S76-SID-00","B","migration_verified","worker-airtrust/migrations/0297_tripulante_ab_distribution.sql:modelo_id=48","","scripts/legacy/d1-prod-20260315-193839.sql:modelo_id=48 | worker-airtrust/migrations/0262_sk76_periodico_ciclos.sql"
"6","S76-P-C2/IFR","7","S76-FCR-17","B","migration_verified","worker-airtrust/migrations/0297_tripulante_ab_distribution.sql:modelo_id=48","","scripts/legacy/d1-prod-20260315-193839.sql:modelo_id=48 | worker-airtrust/migrations/0262_sk76_periodico_ciclos.sql"
"6","S76-P-C2/IFR","8","S76-ECO-20","A","migration_verified","worker-airtrust/migrations/0297_tripulante_ab_distribution.sql:modelo_id=48","","scripts/legacy/d1-prod-20260315-193839.sql:modelo_id=48 | worker-airtrust/migrations/0262_sk76_periodico_ciclos.sql"
"6","S76-P-C2/IFR","9","S76-DDE-21","B","migration_verified","worker-airtrust/migrations/0297_tripulante_ab_distribution.sql:modelo_id=48","","scripts/legacy/d1-prod-20260315-193839.sql:modelo_id=48 | worker-airtrust/migrations/0262_sk76_periodico_ciclos.sql"
"6","S76-P-C2/IFR","10","S76-ECH-26","A","migration_verified","worker-airtrust/migrations/0297_tripulante_ab_distribution.sql:modelo_id=48","","scripts/legacy/d1-prod-20260315-193839.sql:modelo_id=48 | worker-airtrust/migrations/0262_sk76_periodico_ciclos.sql"
"6","S76-P-C2/IFR","11","S76-T5I-31","B","migration_verified","worker-airtrust/migrations/0297_tripulante_ab_distribution.sql:modelo_id=48","","scripts/legacy/d1-prod-20260315-193839.sql:modelo_id=48 | worker-airtrust/migrations/0262_sk76_periodico_ciclos.sql"
"6","S76-P-C2/IFR","12","S76-DCD-50","A","migration_verified","worker-airtrust/migrations/0297_tripulante_ab_distribution.sql:modelo_id=48","","scripts/legacy/d1-prod-20260315-193839.sql:modelo_id=48 | worker-airtrust/migrations/0262_sk76_periodico_ciclos.sql"
"6","S76-P-C2/IFR","13","S76-BTO-53","B","migration_verified","worker-airtrust/migrations/0297_tripulante_ab_distribution.sql:modelo_id=48","","scripts/legacy/d1-prod-20260315-193839.sql:modelo_id=48 | worker-airtrust/migrations/0262_sk76_periodico_ciclos.sql"
"6","S76-P-C2/IFR","14","S76-CDC-59","A","migration_verified","worker-airtrust/migrations/0297_tripulante_ab_distribution.sql:modelo_id=48","","scripts/legacy/d1-prod-20260315-193839.sql:modelo_id=48 | worker-airtrust/migrations/0262_sk76_periodico_ciclos.sql"
"6","S76-P-C2/IFR","15","S76-ADC-61","B","migration_verified","worker-airtrust/migrations/0297_tripulante_ab_distribution.sql:modelo_id=48","","scripts/legacy/d1-prod-20260315-193839.sql:modelo_id=48 | worker-airtrust/migrations/0262_sk76_periodico_ciclos.sql"
"6","S76-P-C2/IFR","16","S76-CRT-63","A","migration_verified","worker-airtrust/migrations/0297_tripulante_ab_distribution.sql:modelo_id=48","","scripts/legacy/d1-prod-20260315-193839.sql:modelo_id=48 | worker-airtrust/migrations/0262_sk76_periodico_ciclos.sql"
"6","S76-P-C2/IFR","17","S76-EFI-12","B","migration_verified","worker-airtrust/migrations/0297_tripulante_ab_distribution.sql:modelo_id=48","","scripts/legacy/d1-prod-20260315-193839.sql:modelo_id=48 | worker-airtrust/migrations/0262_sk76_periodico_ciclos.sql"
"6","S76-P-C2/IFR","18","S76-HLD-00","AB","migration_verified","worker-airtrust/migrations/0297_tripulante_ab_distribution.sql:modelo_id=48","","scripts/legacy/d1-prod-20260315-193839.sql:modelo_id=48 | worker-airtrust/migrations/0262_sk76_periodico_ciclos.sql"
"6","S76-P-C2/IFR","19","S76-WSH-54","A","migration_verified","worker-airtrust/migrations/0297_tripulante_ab_distribution.sql:modelo_id=48","","scripts/legacy/d1-prod-20260315-193839.sql:modelo_id=48 | worker-airtrust/migrations/0262_sk76_periodico_ciclos.sql"
"6","S76-P-C2/IFR","20","S76-PTH-55","B","migration_verified","worker-airtrust/migrations/0297_tripulante_ab_distribution.sql:modelo_id=48","","scripts/legacy/d1-prod-20260315-193839.sql:modelo_id=48 | worker-airtrust/migrations/0262_sk76_periodico_ciclos.sql"
"6","S76-P-C2/IFR","21","S76-RNV-00","A","migration_verified","worker-airtrust/migrations/0297_tripulante_ab_distribution.sql:modelo_id=48","","scripts/legacy/d1-prod-20260315-193839.sql:modelo_id=48 | worker-airtrust/migrations/0262_sk76_periodico_ciclos.sql"
"6","S76-P-C2/IFR","22","S76-SGA-15","AB","migration_verified","worker-airtrust/migrations/0297_tripulante_ab_distribution.sql:modelo_id=48","","scripts/legacy/d1-prod-20260315-193839.sql:modelo_id=48 | worker-airtrust/migrations/0262_sk76_periodico_ciclos.sql"
"6","S76-P-C2/VFR","1","S76-NVF-00","AB","migration_verified","worker-airtrust/migrations/0297_tripulante_ab_distribution.sql:modelo_id=47","","scripts/legacy/d1-prod-20260315-193839.sql:modelo_id=47 | worker-airtrust/migrations/0262_sk76_periodico_ciclos.sql"
"6","S76-P-C2/VFR","2","S76-HNG-00","A","migration_verified","worker-airtrust/migrations/0297_tripulante_ab_distribution.sql:modelo_id=47","","scripts/legacy/d1-prod-20260315-193839.sql:modelo_id=47 | worker-airtrust/migrations/0262_sk76_periodico_ciclos.sql"
"6","S76-P-C2/VFR","3","S76-HOV-00","AB","migration_verified","worker-airtrust/migrations/0297_tripulante_ab_distribution.sql:modelo_id=47","","scripts/legacy/d1-prod-20260315-193839.sql:modelo_id=47 | worker-airtrust/migrations/0262_sk76_periodico_ciclos.sql"
"6","S76-P-C2/VFR","4","S76-TDP-00","AB","migration_verified","worker-airtrust/migrations/0297_tripulante_ab_distribution.sql:modelo_id=47","","scripts/legacy/d1-prod-20260315-193839.sql:modelo_id=47 | worker-airtrust/migrations/0262_sk76_periodico_ciclos.sql"
"6","S76-P-C2/VFR","5","S76-OSP-27","B","migration_verified","worker-airtrust/migrations/0297_tripulante_ab_distribution.sql:modelo_id=47","","scripts/legacy/d1-prod-20260315-193839.sql:modelo_id=47 | worker-airtrust/migrations/0262_sk76_periodico_ciclos.sql"
"6","S76-P-C2/VFR","6","S76-FMF-07","B","migration_verified","worker-airtrust/migrations/0297_tripulante_ab_distribution.sql:modelo_id=47","","scripts/legacy/d1-prod-20260315-193839.sql:modelo_id=47 | worker-airtrust/migrations/0262_sk76_periodico_ciclos.sql"
"6","S76-P-C2/VFR","7","S76-XFD-20","A","migration_verified","worker-airtrust/migrations/0297_tripulante_ab_distribution.sql:modelo_id=47","","scripts/legacy/d1-prod-20260315-193839.sql:modelo_id=47 | worker-airtrust/migrations/0262_sk76_periodico_ciclos.sql"
"6","S76-P-C2/VFR","8","S76-FPL-31","B","migration_verified","worker-airtrust/migrations/0297_tripulante_ab_distribution.sql:modelo_id=47","","scripts/legacy/d1-prod-20260315-193839.sql:modelo_id=47 | worker-airtrust/migrations/0262_sk76_periodico_ciclos.sql"
"6","S76-P-C2/VFR","9","S76-LOW-32","A","migration_verified","worker-airtrust/migrations/0297_tripulante_ab_distribution.sql:modelo_id=47","","scripts/legacy/d1-prod-20260315-193839.sql:modelo_id=47 | worker-airtrust/migrations/0262_sk76_periodico_ciclos.sql"
"6","S76-P-C2/VFR","10","S76-MGL-33","B","migration_verified","worker-airtrust/migrations/0297_tripulante_ab_distribution.sql:modelo_id=47","","scripts/legacy/d1-prod-20260315-193839.sql:modelo_id=47 | worker-airtrust/migrations/0262_sk76_periodico_ciclos.sql"
"6","S76-P-C2/VFR","11","S76-MGC-36","A","migration_verified","worker-airtrust/migrations/0297_tripulante_ab_distribution.sql:modelo_id=47","","scripts/legacy/d1-prod-20260315-193839.sql:modelo_id=47 | worker-airtrust/migrations/0262_sk76_periodico_ciclos.sql"
"6","S76-P-C2/VFR","12","S76-TRD-39","A","migration_verified","worker-airtrust/migrations/0297_tripulante_ab_distribution.sql:modelo_id=47","","scripts/legacy/d1-prod-20260315-193839.sql:modelo_id=47 | worker-airtrust/migrations/0262_sk76_periodico_ciclos.sql"
"6","S76-P-C2/VFR","13","S76-SS2-43","B","migration_verified","worker-airtrust/migrations/0297_tripulante_ab_distribution.sql:modelo_id=47","","scripts/legacy/d1-prod-20260315-193839.sql:modelo_id=47 | worker-airtrust/migrations/0262_sk76_periodico_ciclos.sql"
"6","S76-P-C2/VFR","14","S76-CLB-69","B","migration_verified","worker-airtrust/migrations/0297_tripulante_ab_distribution.sql:modelo_id=47","","scripts/legacy/d1-prod-20260315-193839.sql:modelo_id=47 | worker-airtrust/migrations/0262_sk76_periodico_ciclos.sql"
"6","S76-P-C2/VFR","15","S76-DOP-69","A","migration_verified","worker-airtrust/migrations/0297_tripulante_ab_distribution.sql:modelo_id=47","","scripts/legacy/d1-prod-20260315-193839.sql:modelo_id=47 | worker-airtrust/migrations/0262_sk76_periodico_ciclos.sql"
"6","S76-P-C2/VFR","16","S76-UGR-46","B","migration_verified","worker-airtrust/migrations/0297_tripulante_ab_distribution.sql:modelo_id=47","","scripts/legacy/d1-prod-20260315-193839.sql:modelo_id=47 | worker-airtrust/migrations/0262_sk76_periodico_ciclos.sql"
"6","S76-P-C2/VFR","17","S76-LGB-47","A","migration_verified","worker-airtrust/migrations/0297_tripulante_ab_distribution.sql:modelo_id=47","","scripts/legacy/d1-prod-20260315-193839.sql:modelo_id=47 | worker-airtrust/migrations/0262_sk76_periodico_ciclos.sql"
"6","S76-P-C2/VFR","18","S76-DIT-71","B","migration_verified","worker-airtrust/migrations/0297_tripulante_ab_distribution.sql:modelo_id=47","","scripts/legacy/d1-prod-20260315-193839.sql:modelo_id=47 | worker-airtrust/migrations/0262_sk76_periodico_ciclos.sql"
"6","S76-P-C2/VFR","19","S76-AUT-70","AB","migration_verified","worker-airtrust/migrations/0297_tripulante_ab_distribution.sql:modelo_id=47","","scripts/legacy/d1-prod-20260315-193839.sql:modelo_id=47 | worker-airtrust/migrations/0262_sk76_periodico_ciclos.sql"
"6","S76-P-C2/VFR","20","S76-LDP-00","AB","migration_verified","worker-airtrust/migrations/0297_tripulante_ab_distribution.sql:modelo_id=47","","scripts/legacy/d1-prod-20260315-193839.sql:modelo_id=47 | worker-airtrust/migrations/0262_sk76_periodico_ciclos.sql"
"6","S76-P-C2/VFR","21","S76-RBL-37","A","migration_verified","worker-airtrust/migrations/0297_tripulante_ab_distribution.sql:modelo_id=47","","scripts/legacy/d1-prod-20260315-193839.sql:modelo_id=47 | worker-airtrust/migrations/0262_sk76_periodico_ciclos.sql"
"6","S76-P-C2/VFR","22","S76-NDL-00","AB","migration_verified","worker-airtrust/migrations/0297_tripulante_ab_distribution.sql:modelo_id=47","","scripts/legacy/d1-prod-20260315-193839.sql:modelo_id=47 | worker-airtrust/migrations/0262_sk76_periodico_ciclos.sql"
"6","S76-P-C3/IFR","1","S76-NIF-00","AB","migration_verified","worker-airtrust/migrations/0297_tripulante_ab_distribution.sql:modelo_id=50","","scripts/legacy/d1-prod-20260315-193839.sql:modelo_id=50 | worker-airtrust/migrations/0262_sk76_periodico_ciclos.sql"
"6","S76-P-C3/IFR","2","S76-FDA-00","AB","migration_verified","worker-airtrust/migrations/0297_tripulante_ab_distribution.sql:modelo_id=50","","scripts/legacy/d1-prod-20260315-193839.sql:modelo_id=50 | worker-airtrust/migrations/0262_sk76_periodico_ciclos.sql"
"6","S76-P-C3/IFR","3","S76-CGI-00","AB","migration_verified","worker-airtrust/migrations/0297_tripulante_ab_distribution.sql:modelo_id=50","","scripts/legacy/d1-prod-20260315-193839.sql:modelo_id=50 | worker-airtrust/migrations/0262_sk76_periodico_ciclos.sql"
"6","S76-P-C3/IFR","4","S76-SID-00","A","migration_verified","worker-airtrust/migrations/0297_tripulante_ab_distribution.sql:modelo_id=50","","scripts/legacy/d1-prod-20260315-193839.sql:modelo_id=50 | worker-airtrust/migrations/0262_sk76_periodico_ciclos.sql"
"6","S76-P-C3/IFR","5","S76-FCR-17","A","migration_verified","worker-airtrust/migrations/0297_tripulante_ab_distribution.sql:modelo_id=50","","scripts/legacy/d1-prod-20260315-193839.sql:modelo_id=50 | worker-airtrust/migrations/0262_sk76_periodico_ciclos.sql"
"6","S76-P-C3/IFR","6","S76-CCF-10","B","migration_verified","worker-airtrust/migrations/0297_tripulante_ab_distribution.sql:modelo_id=50","","scripts/legacy/d1-prod-20260315-193839.sql:modelo_id=50 | worker-airtrust/migrations/0262_sk76_periodico_ciclos.sql"
"6","S76-P-C3/IFR","7","S76-DMB-24","A","migration_verified","worker-airtrust/migrations/0297_tripulante_ab_distribution.sql:modelo_id=50","","scripts/legacy/d1-prod-20260315-193839.sql:modelo_id=50 | worker-airtrust/migrations/0262_sk76_periodico_ciclos.sql"
"6","S76-P-C3/IFR","8","S76-AGB-48","B","migration_verified","worker-airtrust/migrations/0297_tripulante_ab_distribution.sql:modelo_id=50","","scripts/legacy/d1-prod-20260315-193839.sql:modelo_id=50 | worker-airtrust/migrations/0262_sk76_periodico_ciclos.sql"
"6","S76-P-C3/IFR","9","S76-EBV-54","A","migration_verified","worker-airtrust/migrations/0297_tripulante_ab_distribution.sql:modelo_id=50","","scripts/legacy/d1-prod-20260315-193839.sql:modelo_id=50 | worker-airtrust/migrations/0262_sk76_periodico_ciclos.sql"
"6","S76-P-C3/IFR","10","S76-EAI-55","B","migration_verified","worker-airtrust/migrations/0297_tripulante_ab_distribution.sql:modelo_id=50","","scripts/legacy/d1-prod-20260315-193839.sql:modelo_id=50 | worker-airtrust/migrations/0262_sk76_periodico_ciclos.sql"
"6","S76-P-C3/IFR","11","S76-HOM-59","A","migration_verified","worker-airtrust/migrations/0297_tripulante_ab_distribution.sql:modelo_id=50","","scripts/legacy/d1-prod-20260315-193839.sql:modelo_id=50 | worker-airtrust/migrations/0262_sk76_periodico_ciclos.sql"
"6","S76-P-C3/IFR","12","S76-MBF-61","B","migration_verified","worker-airtrust/migrations/0297_tripulante_ab_distribution.sql:modelo_id=50","","scripts/legacy/d1-prod-20260315-193839.sql:modelo_id=50 | worker-airtrust/migrations/0262_sk76_periodico_ciclos.sql"
"6","S76-P-C3/IFR","13","S76-IID-62","A","migration_verified","worker-airtrust/migrations/0297_tripulante_ab_distribution.sql:modelo_id=50","","scripts/legacy/d1-prod-20260315-193839.sql:modelo_id=50 | worker-airtrust/migrations/0262_sk76_periodico_ciclos.sql"
"6","S76-P-C3/IFR","14","S76-SGA-62","B","migration_verified","worker-airtrust/migrations/0297_tripulante_ab_distribution.sql:modelo_id=50","","scripts/legacy/d1-prod-20260315-193839.sql:modelo_id=50 | worker-airtrust/migrations/0262_sk76_periodico_ciclos.sql"
"6","S76-P-C3/IFR","15","S76-CFC-63","A","migration_verified","worker-airtrust/migrations/0297_tripulante_ab_distribution.sql:modelo_id=50","","scripts/legacy/d1-prod-20260315-193839.sql:modelo_id=50 | worker-airtrust/migrations/0262_sk76_periodico_ciclos.sql"
"6","S76-P-C3/IFR","16","S76-UAR-00","AB","migration_verified","worker-airtrust/migrations/0297_tripulante_ab_distribution.sql:modelo_id=50","","scripts/legacy/d1-prod-20260315-193839.sql:modelo_id=50 | worker-airtrust/migrations/0262_sk76_periodico_ciclos.sql"
"6","S76-P-C3/IFR","17","S76-HLD-00","AB","migration_verified","worker-airtrust/migrations/0297_tripulante_ab_distribution.sql:modelo_id=50","","scripts/legacy/d1-prod-20260315-193839.sql:modelo_id=50 | worker-airtrust/migrations/0262_sk76_periodico_ciclos.sql"
"6","S76-P-C3/IFR","18","S76-RBL-37","B","migration_verified","worker-airtrust/migrations/0297_tripulante_ab_distribution.sql:modelo_id=50","","scripts/legacy/d1-prod-20260315-193839.sql:modelo_id=50 | worker-airtrust/migrations/0262_sk76_periodico_ciclos.sql"
"6","S76-P-C3/IFR","19","S76-ILS-00","B","migration_verified","worker-airtrust/migrations/0297_tripulante_ab_distribution.sql:modelo_id=50","","scripts/legacy/d1-prod-20260315-193839.sql:modelo_id=50 | worker-airtrust/migrations/0262_sk76_periodico_ciclos.sql"
"6","S76-P-C3/IFR","20","S76-MIS-00","AB","migration_verified","worker-airtrust/migrations/0297_tripulante_ab_distribution.sql:modelo_id=50","","scripts/legacy/d1-prod-20260315-193839.sql:modelo_id=50 | worker-airtrust/migrations/0262_sk76_periodico_ciclos.sql"
"6","S76-P-C3/IFR","21","S76-VOR-00","A","migration_verified","worker-airtrust/migrations/0297_tripulante_ab_distribution.sql:modelo_id=50","","scripts/legacy/d1-prod-20260315-193839.sql:modelo_id=50 | worker-airtrust/migrations/0262_sk76_periodico_ciclos.sql"
"6","S76-P-C3/IFR","22","S76-RNV-00","B","migration_verified","worker-airtrust/migrations/0297_tripulante_ab_distribution.sql:modelo_id=50","","scripts/legacy/d1-prod-20260315-193839.sql:modelo_id=50 | worker-airtrust/migrations/0262_sk76_periodico_ciclos.sql"
"6","S76-P-C3/VFR","1","S76-NVF-00","AB","migration_verified","worker-airtrust/migrations/0297_tripulante_ab_distribution.sql:modelo_id=49","","scripts/legacy/d1-prod-20260315-193839.sql:modelo_id=49 | worker-airtrust/migrations/0262_sk76_periodico_ciclos.sql"
"6","S76-P-C3/VFR","2","S76-FGF-29","A","migration_verified","worker-airtrust/migrations/0297_tripulante_ab_distribution.sql:modelo_id=49","","scripts/legacy/d1-prod-20260315-193839.sql:modelo_id=49 | worker-airtrust/migrations/0262_sk76_periodico_ciclos.sql"
"6","S76-P-C3/VFR","3","S76-WCP-73","B","migration_verified","worker-airtrust/migrations/0297_tripulante_ab_distribution.sql:modelo_id=49","","scripts/legacy/d1-prod-20260315-193839.sql:modelo_id=49 | worker-airtrust/migrations/0262_sk76_periodico_ciclos.sql"
"6","S76-P-C3/VFR","4","S76-HOV-00","AB","migration_verified","worker-airtrust/migrations/0297_tripulante_ab_distribution.sql:modelo_id=49","","scripts/legacy/d1-prod-20260315-193839.sql:modelo_id=49 | worker-airtrust/migrations/0262_sk76_periodico_ciclos.sql"
"6","S76-P-C3/VFR","5","S76-TDP-00","AB","migration_verified","worker-airtrust/migrations/0297_tripulante_ab_distribution.sql:modelo_id=49","","scripts/legacy/d1-prod-20260315-193839.sql:modelo_id=49 | worker-airtrust/migrations/0262_sk76_periodico_ciclos.sql"
"6","S76-P-C3/VFR","6","S76-BFL-28","B","migration_verified","worker-airtrust/migrations/0297_tripulante_ab_distribution.sql:modelo_id=49","","scripts/legacy/d1-prod-20260315-193839.sql:modelo_id=49 | worker-airtrust/migrations/0262_sk76_periodico_ciclos.sql"
"6","S76-P-C3/VFR","7","S76-PAL-30","A","migration_verified","worker-airtrust/migrations/0297_tripulante_ab_distribution.sql:modelo_id=49","","scripts/legacy/d1-prod-20260315-193839.sql:modelo_id=49 | worker-airtrust/migrations/0262_sk76_periodico_ciclos.sql"
"6","S76-P-C3/VFR","8","S76-SFE-10","AB","migration_verified","worker-airtrust/migrations/0297_tripulante_ab_distribution.sql:modelo_id=49","","scripts/legacy/d1-prod-20260315-193839.sql:modelo_id=49 | worker-airtrust/migrations/0262_sk76_periodico_ciclos.sql"
"6","S76-P-C3/VFR","9","S76-BCS-10","B","migration_verified","worker-airtrust/migrations/0297_tripulante_ab_distribution.sql:modelo_id=49","","scripts/legacy/d1-prod-20260315-193839.sql:modelo_id=49 | worker-airtrust/migrations/0262_sk76_periodico_ciclos.sql"
"6","S76-P-C3/VFR","10","S76-ESF-18","A","migration_verified","worker-airtrust/migrations/0297_tripulante_ab_distribution.sql:modelo_id=49","","scripts/legacy/d1-prod-20260315-193839.sql:modelo_id=49 | worker-airtrust/migrations/0262_sk76_periodico_ciclos.sql"
"6","S76-P-C3/VFR","11","S76-ERF-18","B","migration_verified","worker-airtrust/migrations/0297_tripulante_ab_distribution.sql:modelo_id=49","","scripts/legacy/d1-prod-20260315-193839.sql:modelo_id=49 | worker-airtrust/migrations/0262_sk76_periodico_ciclos.sql"
"6","S76-P-C3/VFR","12","S76-EOT-25","A","migration_verified","worker-airtrust/migrations/0297_tripulante_ab_distribution.sql:modelo_id=49","","scripts/legacy/d1-prod-20260315-193839.sql:modelo_id=49 | worker-airtrust/migrations/0262_sk76_periodico_ciclos.sql"
"6","S76-P-C3/VFR","13","S76-OFL-30","B","migration_verified","worker-airtrust/migrations/0297_tripulante_ab_distribution.sql:modelo_id=49","","scripts/legacy/d1-prod-20260315-193839.sql:modelo_id=49 | worker-airtrust/migrations/0262_sk76_periodico_ciclos.sql"
"6","S76-P-C3/VFR","14","S76-MOH-35","A","migration_verified","worker-airtrust/migrations/0297_tripulante_ab_distribution.sql:modelo_id=49","","scripts/legacy/d1-prod-20260315-193839.sql:modelo_id=49 | worker-airtrust/migrations/0262_sk76_periodico_ciclos.sql"
"6","S76-P-C3/VFR","15","S76-IGB-37","B","migration_verified","worker-airtrust/migrations/0297_tripulante_ab_distribution.sql:modelo_id=49","","scripts/legacy/d1-prod-20260315-193839.sql:modelo_id=49 | worker-airtrust/migrations/0262_sk76_periodico_ciclos.sql"
"6","S76-P-C3/VFR","16","S76-TCS-39","A","migration_verified","worker-airtrust/migrations/0297_tripulante_ab_distribution.sql:modelo_id=49","","scripts/legacy/d1-prod-20260315-193839.sql:modelo_id=49 | worker-airtrust/migrations/0262_sk76_periodico_ciclos.sql"
"6","S76-P-C3/VFR","17","S76-TDM-41","B","migration_verified","worker-airtrust/migrations/0297_tripulante_ab_distribution.sql:modelo_id=49","","scripts/legacy/d1-prod-20260315-193839.sql:modelo_id=49 | worker-airtrust/migrations/0262_sk76_periodico_ciclos.sql"
"6","S76-P-C3/VFR","18","S76-BHT-52","A","migration_verified","worker-airtrust/migrations/0297_tripulante_ab_distribution.sql:modelo_id=49","","scripts/legacy/d1-prod-20260315-193839.sql:modelo_id=49 | worker-airtrust/migrations/0262_sk76_periodico_ciclos.sql"
"6","S76-P-C3/VFR","19","S76-FCD-67","B","migration_verified","worker-airtrust/migrations/0297_tripulante_ab_distribution.sql:modelo_id=49","","scripts/legacy/d1-prod-20260315-193839.sql:modelo_id=49 | worker-airtrust/migrations/0262_sk76_periodico_ciclos.sql"
"6","S76-P-C3/VFR","20","S76-AUT-70","AB","migration_verified","worker-airtrust/migrations/0297_tripulante_ab_distribution.sql:modelo_id=49","","scripts/legacy/d1-prod-20260315-193839.sql:modelo_id=49 | worker-airtrust/migrations/0262_sk76_periodico_ciclos.sql"
"6","S76-P-C3/VFR","21","S76-LDP-00","AB","migration_verified","worker-airtrust/migrations/0297_tripulante_ab_distribution.sql:modelo_id=49","","scripts/legacy/d1-prod-20260315-193839.sql:modelo_id=49 | worker-airtrust/migrations/0262_sk76_periodico_ciclos.sql"
"6","S76-P-C3/VFR","22","S76-MED-00","AB","migration_verified","worker-airtrust/migrations/0297_tripulante_ab_distribution.sql:modelo_id=49","","scripts/legacy/d1-prod-20260315-193839.sql:modelo_id=49 | worker-airtrust/migrations/0262_sk76_periodico_ciclos.sql"
"6","S76-REQ-01","1","S76-PRE-04","AB","pto_visual_verified","responsavel_operacional_confirmado_2026-06-16:AB","","worker-airtrust/migrations/0367_sk76_reaquisicao_experiencia_recente.sql"
"6","S76-REQ-01","2","S76-PRE-01","AB","pto_visual_verified","responsavel_operacional_confirmado_2026-06-16:AB","","worker-airtrust/migrations/0367_sk76_reaquisicao_experiencia_recente.sql"
"6","S76-REQ-01","3","S76-PRE-02","AB","pto_visual_verified","responsavel_operacional_confirmado_2026-06-16:AB","","worker-airtrust/migrations/0367_sk76_reaquisicao_experiencia_recente.sql"
"6","S76-REQ-01","4","S76-PRE-03","AB","pto_visual_verified","responsavel_operacional_confirmado_2026-06-16:AB","","worker-airtrust/migrations/0367_sk76_reaquisicao_experiencia_recente.sql"
"6","S76-REQ-01","5","S76-COM-01","AB","pto_visual_verified","responsavel_operacional_confirmado_2026-06-16:AB","","worker-airtrust/migrations/0367_sk76_reaquisicao_experiencia_recente.sql"
"6","S76-REQ-01","6","S76-LOFT-05","AB","pto_visual_verified","responsavel_operacional_confirmado_2026-06-16:AB","","worker-airtrust/migrations/0367_sk76_reaquisicao_experiencia_recente.sql"
"6","S76-REQ-01","7","S76-NVF-00","AB","pto_visual_verified","responsavel_operacional_confirmado_2026-06-16:AB","","worker-airtrust/migrations/0367_sk76_reaquisicao_experiencia_recente.sql"
"6","S76-REQ-01","8","S76-HOV-00","AB","pto_visual_verified","responsavel_operacional_confirmado_2026-06-16:AB","","worker-airtrust/migrations/0367_sk76_reaquisicao_experiencia_recente.sql"
"6","S76-REQ-01","9","S76-LOFT-08","AB","pto_visual_verified","responsavel_operacional_confirmado_2026-06-16:AB","","worker-airtrust/migrations/0367_sk76_reaquisicao_experiencia_recente.sql"
"6","S76-REQ-01","10","S76-TDP-00","AB","pto_visual_verified","responsavel_operacional_confirmado_2026-06-16:AB","","worker-airtrust/migrations/0367_sk76_reaquisicao_experiencia_recente.sql"
"6","S76-REQ-01","11","S76-NDT-00","AB","pto_visual_verified","responsavel_operacional_confirmado_2026-06-16:AB","","worker-airtrust/migrations/0367_sk76_reaquisicao_experiencia_recente.sql"
"6","S76-REQ-01","12","S76-LOFT-09","AB","pto_visual_verified","responsavel_operacional_confirmado_2026-06-16:AB","","worker-airtrust/migrations/0367_sk76_reaquisicao_experiencia_recente.sql"
"6","S76-REQ-01","13","S76-LOFT-10","AB","pto_visual_verified","responsavel_operacional_confirmado_2026-06-16:AB","","worker-airtrust/migrations/0367_sk76_reaquisicao_experiencia_recente.sql"
"6","S76-REQ-01","14","S76-LOFT-11","AB","pto_visual_verified","responsavel_operacional_confirmado_2026-06-16:AB","","worker-airtrust/migrations/0367_sk76_reaquisicao_experiencia_recente.sql"
"6","S76-REQ-01","15","S76-LOFT-18","AB","pto_visual_verified","responsavel_operacional_confirmado_2026-06-16:AB","","worker-airtrust/migrations/0367_sk76_reaquisicao_experiencia_recente.sql"
"6","S76-REQ-01","16","S76-ILS-00","AB","pto_visual_verified","responsavel_operacional_confirmado_2026-06-16:AB","","worker-airtrust/migrations/0367_sk76_reaquisicao_experiencia_recente.sql"
"6","S76-REQ-01","17","S76-RNV-00","AB","pto_visual_verified","responsavel_operacional_confirmado_2026-06-16:AB","","worker-airtrust/migrations/0367_sk76_reaquisicao_experiencia_recente.sql"
"6","S76-REQ-01","18","S76-LDP-00","AB","pto_visual_verified","responsavel_operacional_confirmado_2026-06-16:AB","","worker-airtrust/migrations/0367_sk76_reaquisicao_experiencia_recente.sql"
"6","S76-REQ-01","19","S76-ATC-01","AB","pto_visual_verified","responsavel_operacional_confirmado_2026-06-16:AB","","worker-airtrust/migrations/0367_sk76_reaquisicao_experiencia_recente.sql"
"6","S76-REQ-01","20","S76-CRM-01","AB","pto_visual_verified","responsavel_operacional_confirmado_2026-06-16:AB","","worker-airtrust/migrations/0367_sk76_reaquisicao_experiencia_recente.sql"
"6","S76-REQ-01","21","S76-LOFT-21","AB","pto_visual_verified","responsavel_operacional_confirmado_2026-06-16:AB","","worker-airtrust/migrations/0367_sk76_reaquisicao_experiencia_recente.sql"
"6","S76-REQ-01","22","S76-LOFT-22","AB","pto_visual_verified","responsavel_operacional_confirmado_2026-06-16:AB","","worker-airtrust/migrations/0367_sk76_reaquisicao_experiencia_recente.sql"
"6","SK76-I-01/12","1","76-POUAB","AB","migration_verified","worker-airtrust/migrations/0375_redistribuir_pf_sk76_inicial.sql","PF:AB","worker-airtrust/migrations/0375_redistribuir_pf_sk76_inicial.sql"
"6","SK76-I-01/12","2","76-POUMO","A","migration_verified","worker-airtrust/migrations/0375_redistribuir_pf_sk76_inicial.sql","PF:A","worker-airtrust/migrations/0375_redistribuir_pf_sk76_inicial.sql"
"6","SK76-I-01/12","3","76-AUTAG","B","migration_verified","worker-airtrust/migrations/0375_redistribuir_pf_sk76_inicial.sql","PF:B","worker-airtrust/migrations/0375_redistribuir_pf_sk76_inicial.sql"
"6","SK76-I-01/12","4","76-MOTHV","A","migration_verified","worker-airtrust/migrations/0375_redistribuir_pf_sk76_inicial.sql","PF:A","worker-airtrust/migrations/0375_redistribuir_pf_sk76_inicial.sql"
"6","SK76-I-01/12","5","76-MOTCA","A","migration_verified","worker-airtrust/migrations/0375_redistribuir_pf_sk76_inicial.sql","PF:A","worker-airtrust/migrations/0375_redistribuir_pf_sk76_inicial.sql"
"6","SK76-I-01/12","6","76-MOTCB","B","migration_verified","worker-airtrust/migrations/0375_redistribuir_pf_sk76_inicial.sql","PF:B","worker-airtrust/migrations/0375_redistribuir_pf_sk76_inicial.sql"
"6","SK76-I-01/12","7","76-MOTCZ","AB","migration_verified","worker-airtrust/migrations/0375_redistribuir_pf_sk76_inicial.sql","PF:AB","worker-airtrust/migrations/0375_redistribuir_pf_sk76_inicial.sql"
"6","SK76-I-01/12","8","76-MOTAP","B","migration_verified","worker-airtrust/migrations/0375_redistribuir_pf_sk76_inicial.sql","PF:B","worker-airtrust/migrations/0375_redistribuir_pf_sk76_inicial.sql"
"6","SK76-I-01/12","9","76-DCUMN","AB","migration_verified","worker-airtrust/migrations/0375_redistribuir_pf_sk76_inicial.sql","PF:AB","worker-airtrust/migrations/0375_redistribuir_pf_sk76_inicial.sql"
"6","SK76-I-01/12","10","76-DCUDG","A","migration_verified","worker-airtrust/migrations/0375_redistribuir_pf_sk76_inicial.sql","PF:A","worker-airtrust/migrations/0375_redistribuir_pf_sk76_inicial.sql"
"6","SK76-I-01/12","11","76-COMBX","B","migration_verified","worker-airtrust/migrations/0375_redistribuir_pf_sk76_inicial.sql","PF:B","worker-airtrust/migrations/0375_redistribuir_pf_sk76_inicial.sql"
"6","SK76-I-01/12","12","76-FLWNR","A","migration_verified","worker-airtrust/migrations/0375_redistribuir_pf_sk76_inicial.sql","PF:A","worker-airtrust/migrations/0375_redistribuir_pf_sk76_inicial.sql"
"6","SK76-I-01/12","13","76-OILMT","B","migration_verified","worker-airtrust/migrations/0375_redistribuir_pf_sk76_inicial.sql","PF:B","worker-airtrust/migrations/0375_redistribuir_pf_sk76_inicial.sql"
"6","SK76-I-01/12","14","76-FALGC","A","migration_verified","worker-airtrust/migrations/0375_redistribuir_pf_sk76_inicial.sql","PF:A","worker-airtrust/migrations/0375_redistribuir_pf_sk76_inicial.sql"
"6","SK76-I-01/12","15","76-HIDPB","B","migration_verified","worker-airtrust/migrations/0375_redistribuir_pf_sk76_inicial.sql","PF:B","worker-airtrust/migrations/0375_redistribuir_pf_sk76_inicial.sql"
"6","SK76-I-01/12","16","76-APXPR","AB","migration_verified","worker-airtrust/migrations/0375_redistribuir_pf_sk76_inicial.sql","PF:AB","worker-airtrust/migrations/0375_redistribuir_pf_sk76_inicial.sql"
"6","SK76-I-01/12","17","76-APXNP","A","migration_verified","worker-airtrust/migrations/0375_redistribuir_pf_sk76_inicial.sql","PF:A","worker-airtrust/migrations/0375_redistribuir_pf_sk76_inicial.sql"
"6","SK76-I-01/12","18","76-APXPI","B","migration_verified","worker-airtrust/migrations/0375_redistribuir_pf_sk76_inicial.sql","PF:B","worker-airtrust/migrations/0375_redistribuir_pf_sk76_inicial.sql"
"6","SK76-I-01/12","19","76-ARRIF","AB","migration_verified","worker-airtrust/migrations/0375_redistribuir_pf_sk76_inicial.sql","PF:AB","worker-airtrust/migrations/0375_redistribuir_pf_sk76_inicial.sql"
"6","SK76-I-01/12","20","76-APXOI","AB","migration_verified","worker-airtrust/migrations/0375_redistribuir_pf_sk76_inicial.sql","PF:AB","worker-airtrust/migrations/0375_redistribuir_pf_sk76_inicial.sql"
"6","SK76-I-01/12","21","76-APXAL","AB","migration_verified","worker-airtrust/migrations/0375_redistribuir_pf_sk76_inicial.sql","PF:AB","worker-airtrust/migrations/0375_redistribuir_pf_sk76_inicial.sql"
"6","SK76-I-01/12","22","76-PRGGP","AB","migration_verified","worker-airtrust/migrations/0375_redistribuir_pf_sk76_inicial.sql","PF:AB","worker-airtrust/migrations/0375_redistribuir_pf_sk76_inicial.sql"
"6","SK76-I-02/12","1","76-AUTAG","AB","migration_verified","worker-airtrust/migrations/0375_redistribuir_pf_sk76_inicial.sql","PF:AB","worker-airtrust/migrations/0375_redistribuir_pf_sk76_inicial.sql"
"6","SK76-I-02/12","2","76-POUMO","A","migration_verified","worker-airtrust/migrations/0375_redistribuir_pf_sk76_inicial.sql","PF:A","worker-airtrust/migrations/0375_redistribuir_pf_sk76_inicial.sql"
"6","SK76-I-02/12","3","76-MOTCA","B","migration_verified","worker-airtrust/migrations/0375_redistribuir_pf_sk76_inicial.sql","PF:B","worker-airtrust/migrations/0375_redistribuir_pf_sk76_inicial.sql"
"6","SK76-I-02/12","4","76-MOTCB","A","migration_verified","worker-airtrust/migrations/0375_redistribuir_pf_sk76_inicial.sql","PF:A","worker-airtrust/migrations/0375_redistribuir_pf_sk76_inicial.sql"
"6","SK76-I-02/12","5","76-MOTHV","B","migration_verified","worker-airtrust/migrations/0375_redistribuir_pf_sk76_inicial.sql","PF:B","worker-airtrust/migrations/0375_redistribuir_pf_sk76_inicial.sql"
"6","SK76-I-02/12","6","76-MOTCZ","AB","migration_verified","worker-airtrust/migrations/0375_redistribuir_pf_sk76_inicial.sql","PF:AB","worker-airtrust/migrations/0375_redistribuir_pf_sk76_inicial.sql"
"6","SK76-I-02/12","7","76-MOTAP","A","migration_verified","worker-airtrust/migrations/0375_redistribuir_pf_sk76_inicial.sql","PF:A","worker-airtrust/migrations/0375_redistribuir_pf_sk76_inicial.sql"
"6","SK76-I-02/12","8","76-APXAL","AB","migration_verified","worker-airtrust/migrations/0375_redistribuir_pf_sk76_inicial.sql","PF:AB","worker-airtrust/migrations/0375_redistribuir_pf_sk76_inicial.sql"
"6","SK76-I-02/12","9","76-APXOI","AB","migration_verified","worker-airtrust/migrations/0375_redistribuir_pf_sk76_inicial.sql","PF:AB","worker-airtrust/migrations/0375_redistribuir_pf_sk76_inicial.sql"
"6","SK76-I-02/12","10","76-DCU1M","A","migration_verified","worker-airtrust/migrations/0375_redistribuir_pf_sk76_inicial.sql","PF:A","worker-airtrust/migrations/0375_redistribuir_pf_sk76_inicial.sql"
"6","SK76-I-02/12","11","76-DCU2M","B","migration_verified","worker-airtrust/migrations/0375_redistribuir_pf_sk76_inicial.sql","PF:B","worker-airtrust/migrations/0375_redistribuir_pf_sk76_inicial.sql"
"6","SK76-I-02/12","12","76-N1TQF","B","migration_verified","worker-airtrust/migrations/0375_redistribuir_pf_sk76_inicial.sql","PF:B","worker-airtrust/migrations/0375_redistribuir_pf_sk76_inicial.sql"
"6","SK76-I-02/12","13","76-OILMT","A","migration_verified","worker-airtrust/migrations/0375_redistribuir_pf_sk76_inicial.sql","PF:A","worker-airtrust/migrations/0375_redistribuir_pf_sk76_inicial.sql"
"6","SK76-I-02/12","14","76-COMBX","B","migration_verified","worker-airtrust/migrations/0375_redistribuir_pf_sk76_inicial.sql","PF:B","worker-airtrust/migrations/0375_redistribuir_pf_sk76_inicial.sql"
"6","SK76-I-02/12","15","76-FLWNR","A","migration_verified","worker-airtrust/migrations/0375_redistribuir_pf_sk76_inicial.sql","PF:A","worker-airtrust/migrations/0375_redistribuir_pf_sk76_inicial.sql"
"6","SK76-I-02/12","16","76-POUAB","AB","migration_verified","worker-airtrust/migrations/0375_redistribuir_pf_sk76_inicial.sql","PF:AB","worker-airtrust/migrations/0375_redistribuir_pf_sk76_inicial.sql"
"6","SK76-I-02/12","17","76-PRGGP","AB","migration_verified","worker-airtrust/migrations/0375_redistribuir_pf_sk76_inicial.sql","PF:AB","worker-airtrust/migrations/0375_redistribuir_pf_sk76_inicial.sql"
"6","SK76-I-02/12","18","76-DECSI","AB","migration_verified","worker-airtrust/migrations/0375_redistribuir_pf_sk76_inicial.sql","PF:AB","worker-airtrust/migrations/0375_redistribuir_pf_sk76_inicial.sql"
"6","SK76-I-02/12","19","76-APXPR","A","migration_verified","worker-airtrust/migrations/0375_redistribuir_pf_sk76_inicial.sql","PF:A","worker-airtrust/migrations/0375_redistribuir_pf_sk76_inicial.sql"
"6","SK76-I-02/12","20","76-APXNP","B","migration_verified","worker-airtrust/migrations/0375_redistribuir_pf_sk76_inicial.sql","PF:B","worker-airtrust/migrations/0375_redistribuir_pf_sk76_inicial.sql"
"6","SK76-I-02/12","21","76-APXPI","B","migration_verified","worker-airtrust/migrations/0375_redistribuir_pf_sk76_inicial.sql","PF:B","worker-airtrust/migrations/0375_redistribuir_pf_sk76_inicial.sql"
"6","SK76-I-02/12","22","76-ARRIF","AB","migration_verified","worker-airtrust/migrations/0375_redistribuir_pf_sk76_inicial.sql","PF:AB","worker-airtrust/migrations/0375_redistribuir_pf_sk76_inicial.sql"
"6","SK76-I-03/12","1","76-FALGC","A","migration_verified","worker-airtrust/migrations/0375_redistribuir_pf_sk76_inicial.sql","PF:A","worker-airtrust/migrations/0375_redistribuir_pf_sk76_inicial.sql"
"6","SK76-I-03/12","2","76-FALGD","B","migration_verified","worker-airtrust/migrations/0375_redistribuir_pf_sk76_inicial.sql","PF:B","worker-airtrust/migrations/0375_redistribuir_pf_sk76_inicial.sql"
"6","SK76-I-03/12","3","76-SOBGD","A","migration_verified","worker-airtrust/migrations/0375_redistribuir_pf_sk76_inicial.sql","PF:A","worker-airtrust/migrations/0375_redistribuir_pf_sk76_inicial.sql"
"6","SK76-I-03/12","4","76-FALGA","B","migration_verified","worker-airtrust/migrations/0375_redistribuir_pf_sk76_inicial.sql","PF:B","worker-airtrust/migrations/0375_redistribuir_pf_sk76_inicial.sql"
"6","SK76-I-03/12","5","76-FALEB","AB","migration_verified","worker-airtrust/migrations/0375_redistribuir_pf_sk76_inicial.sql","PF:AB","worker-airtrust/migrations/0375_redistribuir_pf_sk76_inicial.sql"
"6","SK76-I-03/12","6","76-FALIV","A","migration_verified","worker-airtrust/migrations/0375_redistribuir_pf_sk76_inicial.sql","PF:A","worker-airtrust/migrations/0375_redistribuir_pf_sk76_inicial.sql"
"6","SK76-I-03/12","7","76-FALFF","B","migration_verified","worker-airtrust/migrations/0375_redistribuir_pf_sk76_inicial.sql","PF:B","worker-airtrust/migrations/0375_redistribuir_pf_sk76_inicial.sql"
"6","SK76-I-03/12","8","76-PER26","A","migration_verified","worker-airtrust/migrations/0375_redistribuir_pf_sk76_inicial.sql","PF:A","worker-airtrust/migrations/0375_redistribuir_pf_sk76_inicial.sql"
"6","SK76-I-03/12","9","76-FALRM","B","migration_verified","worker-airtrust/migrations/0375_redistribuir_pf_sk76_inicial.sql","PF:B","worker-airtrust/migrations/0375_redistribuir_pf_sk76_inicial.sql"
"6","SK76-I-03/12","10","76-FALEF","AB","migration_verified","worker-airtrust/migrations/0375_redistribuir_pf_sk76_inicial.sql","PF:AB","worker-airtrust/migrations/0375_redistribuir_pf_sk76_inicial.sql"
"6","SK76-I-03/12","11","76-FALAD","A","migration_verified","worker-airtrust/migrations/0375_redistribuir_pf_sk76_inicial.sql","PF:A","worker-airtrust/migrations/0375_redistribuir_pf_sk76_inicial.sql"
"6","SK76-I-03/12","12","76-PERAT","B","migration_verified","worker-airtrust/migrations/0375_redistribuir_pf_sk76_inicial.sql","PF:B","worker-airtrust/migrations/0375_redistribuir_pf_sk76_inicial.sql"
"6","SK76-I-03/12","13","76-DECSI","AB","migration_verified","worker-airtrust/migrations/0375_redistribuir_pf_sk76_inicial.sql","PF:AB","worker-airtrust/migrations/0375_redistribuir_pf_sk76_inicial.sql"
"6","SK76-I-03/12","14","76-APXPR","AB","migration_verified","worker-airtrust/migrations/0375_redistribuir_pf_sk76_inicial.sql","PF:AB","worker-airtrust/migrations/0375_redistribuir_pf_sk76_inicial.sql"
"6","SK76-I-03/12","15","76-APXNP","A","migration_verified","worker-airtrust/migrations/0375_redistribuir_pf_sk76_inicial.sql","PF:A","worker-airtrust/migrations/0375_redistribuir_pf_sk76_inicial.sql"
"6","SK76-I-03/12","16","76-POUAB","AB","migration_verified","worker-airtrust/migrations/0375_redistribuir_pf_sk76_inicial.sql","PF:AB","worker-airtrust/migrations/0375_redistribuir_pf_sk76_inicial.sql"
"6","SK76-I-03/12","17","76-POUMO","AB","migration_verified","worker-airtrust/migrations/0375_redistribuir_pf_sk76_inicial.sql","PF:AB","worker-airtrust/migrations/0375_redistribuir_pf_sk76_inicial.sql"
"6","SK76-I-03/12","18","76-AUTAG","B","migration_verified","worker-airtrust/migrations/0375_redistribuir_pf_sk76_inicial.sql","PF:B","worker-airtrust/migrations/0375_redistribuir_pf_sk76_inicial.sql"
"6","SK76-I-03/12","19","76-MOTCZ","AB","migration_verified","worker-airtrust/migrations/0375_redistribuir_pf_sk76_inicial.sql","PF:AB","worker-airtrust/migrations/0375_redistribuir_pf_sk76_inicial.sql"
"6","SK76-I-03/12","20","76-ARRIF","AB","migration_verified","worker-airtrust/migrations/0375_redistribuir_pf_sk76_inicial.sql","PF:AB","worker-airtrust/migrations/0375_redistribuir_pf_sk76_inicial.sql"
"6","SK76-I-03/12","21","76-APXOI","A","migration_verified","worker-airtrust/migrations/0375_redistribuir_pf_sk76_inicial.sql","PF:A","worker-airtrust/migrations/0375_redistribuir_pf_sk76_inicial.sql"
"6","SK76-I-03/12","22","76-HIDPB","B","migration_verified","worker-airtrust/migrations/0375_redistribuir_pf_sk76_inicial.sql","PF:B","worker-airtrust/migrations/0375_redistribuir_pf_sk76_inicial.sql"
"6","SK76-I-04/12","1","76-PRGGP","AB","migration_verified","worker-airtrust/migrations/0375_redistribuir_pf_sk76_inicial.sql","PF:AB","worker-airtrust/migrations/0375_redistribuir_pf_sk76_inicial.sql"
"6","SK76-I-04/12","2","76-DECSI","AB","migration_verified","worker-airtrust/migrations/0375_redistribuir_pf_sk76_inicial.sql","PF:AB","worker-airtrust/migrations/0375_redistribuir_pf_sk76_inicial.sql"
"6","SK76-I-04/12","3","76-APXPR","AB","migration_verified","worker-airtrust/migrations/0375_redistribuir_pf_sk76_inicial.sql","PF:AB","worker-airtrust/migrations/0375_redistribuir_pf_sk76_inicial.sql"
"6","SK76-I-04/12","4","76-APXNP","A","migration_verified","worker-airtrust/migrations/0375_redistribuir_pf_sk76_inicial.sql","PF:A","worker-airtrust/migrations/0375_redistribuir_pf_sk76_inicial.sql"
"6","SK76-I-04/12","5","76-APXPI","B","migration_verified","worker-airtrust/migrations/0375_redistribuir_pf_sk76_inicial.sql","PF:B","worker-airtrust/migrations/0375_redistribuir_pf_sk76_inicial.sql"
"6","SK76-I-04/12","6","76-ARRIF","AB","migration_verified","worker-airtrust/migrations/0375_redistribuir_pf_sk76_inicial.sql","PF:AB","worker-airtrust/migrations/0375_redistribuir_pf_sk76_inicial.sql"
"6","SK76-I-04/12","7","76-APXOI","A","migration_verified","worker-airtrust/migrations/0375_redistribuir_pf_sk76_inicial.sql","PF:A","worker-airtrust/migrations/0375_redistribuir_pf_sk76_inicial.sql"
"6","SK76-I-04/12","8","76-APXAL","B","migration_verified","worker-airtrust/migrations/0375_redistribuir_pf_sk76_inicial.sql","PF:B","worker-airtrust/migrations/0375_redistribuir_pf_sk76_inicial.sql"
"6","SK76-I-04/12","9","76-FALPA","A","migration_verified","worker-airtrust/migrations/0375_redistribuir_pf_sk76_inicial.sql","PF:A","worker-airtrust/migrations/0375_redistribuir_pf_sk76_inicial.sql"
"6","SK76-I-04/12","10","76-FALFD","B","migration_verified","worker-airtrust/migrations/0375_redistribuir_pf_sk76_inicial.sql","PF:B","worker-airtrust/migrations/0375_redistribuir_pf_sk76_inicial.sql"
"6","SK76-I-04/12","11","76-FALTS","A","migration_verified","worker-airtrust/migrations/0375_redistribuir_pf_sk76_inicial.sql","PF:A","worker-airtrust/migrations/0375_redistribuir_pf_sk76_inicial.sql"
"6","SK76-I-04/12","12","76-FALAD","B","migration_verified","worker-airtrust/migrations/0375_redistribuir_pf_sk76_inicial.sql","PF:B","worker-airtrust/migrations/0375_redistribuir_pf_sk76_inicial.sql"
"6","SK76-I-04/12","13","76-PERAT","A","migration_verified","worker-airtrust/migrations/0375_redistribuir_pf_sk76_inicial.sql","PF:A","worker-airtrust/migrations/0375_redistribuir_pf_sk76_inicial.sql"
"6","SK76-I-04/12","14","76-PER26","B","migration_verified","worker-airtrust/migrations/0375_redistribuir_pf_sk76_inicial.sql","PF:B","worker-airtrust/migrations/0375_redistribuir_pf_sk76_inicial.sql"
"6","SK76-I-04/12","15","76-POUMO","AB","migration_verified","worker-airtrust/migrations/0375_redistribuir_pf_sk76_inicial.sql","PF:AB","worker-airtrust/migrations/0375_redistribuir_pf_sk76_inicial.sql"
"6","SK76-I-04/12","16","76-POUAB","AB","migration_verified","worker-airtrust/migrations/0375_redistribuir_pf_sk76_inicial.sql","PF:AB","worker-airtrust/migrations/0375_redistribuir_pf_sk76_inicial.sql"
"6","SK76-I-04/12","17","76-AUTAG","A","migration_verified","worker-airtrust/migrations/0375_redistribuir_pf_sk76_inicial.sql","PF:A","worker-airtrust/migrations/0375_redistribuir_pf_sk76_inicial.sql"
"6","SK76-I-04/12","18","76-MOTCZ","AB","migration_verified","worker-airtrust/migrations/0375_redistribuir_pf_sk76_inicial.sql","PF:AB","worker-airtrust/migrations/0375_redistribuir_pf_sk76_inicial.sql"
"6","SK76-I-04/12","19","76-MOTAP","AB","migration_verified","worker-airtrust/migrations/0375_redistribuir_pf_sk76_inicial.sql","PF:AB","worker-airtrust/migrations/0375_redistribuir_pf_sk76_inicial.sql"
"6","SK76-I-04/12","20","76-HIDPB","B","migration_verified","worker-airtrust/migrations/0375_redistribuir_pf_sk76_inicial.sql","PF:B","worker-airtrust/migrations/0375_redistribuir_pf_sk76_inicial.sql"
"6","SK76-I-04/12","21","76-MGBSF","A","migration_verified","worker-airtrust/migrations/0375_redistribuir_pf_sk76_inicial.sql","PF:A","worker-airtrust/migrations/0375_redistribuir_pf_sk76_inicial.sql"
"6","SK76-I-04/12","22","76-INCMO","B","migration_verified","worker-airtrust/migrations/0375_redistribuir_pf_sk76_inicial.sql","PF:B","worker-airtrust/migrations/0375_redistribuir_pf_sk76_inicial.sql"
"6","SK76-I-05/12","1","76-FALPA","A","migration_verified","worker-airtrust/migrations/0375_redistribuir_pf_sk76_inicial.sql","PF:A","worker-airtrust/migrations/0375_redistribuir_pf_sk76_inicial.sql"
"6","SK76-I-05/12","2","76-FALFD","B","migration_verified","worker-airtrust/migrations/0375_redistribuir_pf_sk76_inicial.sql","PF:B","worker-airtrust/migrations/0375_redistribuir_pf_sk76_inicial.sql"
"6","SK76-I-05/12","3","76-FALTS","AB","migration_verified","worker-airtrust/migrations/0375_redistribuir_pf_sk76_inicial.sql","PF:AB","worker-airtrust/migrations/0375_redistribuir_pf_sk76_inicial.sql"
"6","SK76-I-05/12","4","76-FALEF","A","migration_verified","worker-airtrust/migrations/0375_redistribuir_pf_sk76_inicial.sql","PF:A","worker-airtrust/migrations/0375_redistribuir_pf_sk76_inicial.sql"
"6","SK76-I-05/12","5","76-FALAD","B","migration_verified","worker-airtrust/migrations/0375_redistribuir_pf_sk76_inicial.sql","PF:B","worker-airtrust/migrations/0375_redistribuir_pf_sk76_inicial.sql"
"6","SK76-I-05/12","6","76-PERAT","A","migration_verified","worker-airtrust/migrations/0375_redistribuir_pf_sk76_inicial.sql","PF:A","worker-airtrust/migrations/0375_redistribuir_pf_sk76_inicial.sql"
"6","SK76-I-05/12","7","76-FALRM","B","migration_verified","worker-airtrust/migrations/0375_redistribuir_pf_sk76_inicial.sql","PF:B","worker-airtrust/migrations/0375_redistribuir_pf_sk76_inicial.sql"
"6","SK76-I-05/12","8","76-PRGGP","AB","migration_verified","worker-airtrust/migrations/0375_redistribuir_pf_sk76_inicial.sql","PF:AB","worker-airtrust/migrations/0375_redistribuir_pf_sk76_inicial.sql"
"6","SK76-I-05/12","9","76-APXPR","A","migration_verified","worker-airtrust/migrations/0375_redistribuir_pf_sk76_inicial.sql","PF:A","worker-airtrust/migrations/0375_redistribuir_pf_sk76_inicial.sql"
"6","SK76-I-05/12","10","76-APXNP","B","migration_verified","worker-airtrust/migrations/0375_redistribuir_pf_sk76_inicial.sql","PF:B","worker-airtrust/migrations/0375_redistribuir_pf_sk76_inicial.sql"
"6","SK76-I-05/12","11","76-APXPI","AB","migration_verified","worker-airtrust/migrations/0375_redistribuir_pf_sk76_inicial.sql","PF:AB","worker-airtrust/migrations/0375_redistribuir_pf_sk76_inicial.sql"
"6","SK76-I-05/12","12","76-ARRIF","AB","migration_verified","worker-airtrust/migrations/0375_redistribuir_pf_sk76_inicial.sql","PF:AB","worker-airtrust/migrations/0375_redistribuir_pf_sk76_inicial.sql"
"6","SK76-I-05/12","13","76-APXOI","A","migration_verified","worker-airtrust/migrations/0375_redistribuir_pf_sk76_inicial.sql","PF:A","worker-airtrust/migrations/0375_redistribuir_pf_sk76_inicial.sql"
"6","SK76-I-05/12","14","76-MOTCZ","AB","migration_verified","worker-airtrust/migrations/0375_redistribuir_pf_sk76_inicial.sql","PF:AB","worker-airtrust/migrations/0375_redistribuir_pf_sk76_inicial.sql"
"6","SK76-I-05/12","15","76-MOTAP","B","migration_verified","worker-airtrust/migrations/0375_redistribuir_pf_sk76_inicial.sql","PF:B","worker-airtrust/migrations/0375_redistribuir_pf_sk76_inicial.sql"
"6","SK76-I-05/12","16","76-POUAB","AB","migration_verified","worker-airtrust/migrations/0375_redistribuir_pf_sk76_inicial.sql","PF:AB","worker-airtrust/migrations/0375_redistribuir_pf_sk76_inicial.sql"
"6","SK76-I-05/12","17","76-POUMO","A","migration_verified","worker-airtrust/migrations/0375_redistribuir_pf_sk76_inicial.sql","PF:A","worker-airtrust/migrations/0375_redistribuir_pf_sk76_inicial.sql"
"6","SK76-I-05/12","18","76-AUTAG","B","migration_verified","worker-airtrust/migrations/0375_redistribuir_pf_sk76_inicial.sql","PF:B","worker-airtrust/migrations/0375_redistribuir_pf_sk76_inicial.sql"
"6","SK76-I-05/12","19","76-APXAL","AB","migration_verified","worker-airtrust/migrations/0375_redistribuir_pf_sk76_inicial.sql","PF:AB","worker-airtrust/migrations/0375_redistribuir_pf_sk76_inicial.sql"
"6","SK76-I-05/12","20","76-DECSI","AB","migration_verified","worker-airtrust/migrations/0375_redistribuir_pf_sk76_inicial.sql","PF:AB","worker-airtrust/migrations/0375_redistribuir_pf_sk76_inicial.sql"
"6","SK76-I-05/12","21","76-COMBX","A","migration_verified","worker-airtrust/migrations/0375_redistribuir_pf_sk76_inicial.sql","PF:A","worker-airtrust/migrations/0375_redistribuir_pf_sk76_inicial.sql"
"6","SK76-I-05/12","22","76-FLWNR","B","migration_verified","worker-airtrust/migrations/0375_redistribuir_pf_sk76_inicial.sql","PF:B","worker-airtrust/migrations/0375_redistribuir_pf_sk76_inicial.sql"
"6","SK76-I-06/12","1","76-DCUMN","A","migration_verified","worker-airtrust/migrations/0375_redistribuir_pf_sk76_inicial.sql","PF:A","worker-airtrust/migrations/0375_redistribuir_pf_sk76_inicial.sql"
"6","SK76-I-06/12","2","76-DCUDG","B","migration_verified","worker-airtrust/migrations/0375_redistribuir_pf_sk76_inicial.sql","PF:B","worker-airtrust/migrations/0375_redistribuir_pf_sk76_inicial.sql"
"6","SK76-I-06/12","3","76-DCU1M","A","migration_verified","worker-airtrust/migrations/0375_redistribuir_pf_sk76_inicial.sql","PF:A","worker-airtrust/migrations/0375_redistribuir_pf_sk76_inicial.sql"
"6","SK76-I-06/12","4","76-DCU2M","B","migration_verified","worker-airtrust/migrations/0375_redistribuir_pf_sk76_inicial.sql","PF:B","worker-airtrust/migrations/0375_redistribuir_pf_sk76_inicial.sql"
"6","SK76-I-06/12","5","76-MOTCA","A","migration_verified","worker-airtrust/migrations/0375_redistribuir_pf_sk76_inicial.sql","PF:A","worker-airtrust/migrations/0375_redistribuir_pf_sk76_inicial.sql"
"6","SK76-I-06/12","6","76-MOTCB","B","migration_verified","worker-airtrust/migrations/0375_redistribuir_pf_sk76_inicial.sql","PF:B","worker-airtrust/migrations/0375_redistribuir_pf_sk76_inicial.sql"
"6","SK76-I-06/12","7","76-MOTHV","AB","migration_verified","worker-airtrust/migrations/0375_redistribuir_pf_sk76_inicial.sql","PF:AB","worker-airtrust/migrations/0375_redistribuir_pf_sk76_inicial.sql"
"6","SK76-I-06/12","8","76-MOTCZ","AB","migration_verified","worker-airtrust/migrations/0375_redistribuir_pf_sk76_inicial.sql","PF:AB","worker-airtrust/migrations/0375_redistribuir_pf_sk76_inicial.sql"
"6","SK76-I-06/12","9","76-MOTAP","AB","migration_verified","worker-airtrust/migrations/0375_redistribuir_pf_sk76_inicial.sql","PF:AB","worker-airtrust/migrations/0375_redistribuir_pf_sk76_inicial.sql"
"6","SK76-I-06/12","10","76-N1TQF","A","migration_verified","worker-airtrust/migrations/0375_redistribuir_pf_sk76_inicial.sql","PF:A","worker-airtrust/migrations/0375_redistribuir_pf_sk76_inicial.sql"
"6","SK76-I-06/12","11","76-COMBX","B","migration_verified","worker-airtrust/migrations/0375_redistribuir_pf_sk76_inicial.sql","PF:B","worker-airtrust/migrations/0375_redistribuir_pf_sk76_inicial.sql"
"6","SK76-I-06/12","12","76-FLWNR","A","migration_verified","worker-airtrust/migrations/0375_redistribuir_pf_sk76_inicial.sql","PF:A","worker-airtrust/migrations/0375_redistribuir_pf_sk76_inicial.sql"
"6","SK76-I-06/12","13","76-OILMT","B","migration_verified","worker-airtrust/migrations/0375_redistribuir_pf_sk76_inicial.sql","PF:B","worker-airtrust/migrations/0375_redistribuir_pf_sk76_inicial.sql"
"6","SK76-I-06/12","14","76-POUMO","AB","migration_verified","worker-airtrust/migrations/0375_redistribuir_pf_sk76_inicial.sql","PF:AB","worker-airtrust/migrations/0375_redistribuir_pf_sk76_inicial.sql"
"6","SK76-I-06/12","15","76-AUTAG","AB","migration_verified","worker-airtrust/migrations/0375_redistribuir_pf_sk76_inicial.sql","PF:AB","worker-airtrust/migrations/0375_redistribuir_pf_sk76_inicial.sql"
"6","SK76-I-06/12","16","76-PRGGP","AB","migration_verified","worker-airtrust/migrations/0375_redistribuir_pf_sk76_inicial.sql","PF:AB","worker-airtrust/migrations/0375_redistribuir_pf_sk76_inicial.sql"
"6","SK76-I-06/12","17","76-DECSI","AB","migration_verified","worker-airtrust/migrations/0375_redistribuir_pf_sk76_inicial.sql","PF:AB","worker-airtrust/migrations/0375_redistribuir_pf_sk76_inicial.sql"
"6","SK76-I-06/12","18","76-APXPR","A","migration_verified","worker-airtrust/migrations/0375_redistribuir_pf_sk76_inicial.sql","PF:A","worker-airtrust/migrations/0375_redistribuir_pf_sk76_inicial.sql"
"6","SK76-I-06/12","19","76-APXNP","B","migration_verified","worker-airtrust/migrations/0375_redistribuir_pf_sk76_inicial.sql","PF:B","worker-airtrust/migrations/0375_redistribuir_pf_sk76_inicial.sql"
"6","SK76-I-06/12","20","76-APXPI","AB","migration_verified","worker-airtrust/migrations/0375_redistribuir_pf_sk76_inicial.sql","PF:AB","worker-airtrust/migrations/0375_redistribuir_pf_sk76_inicial.sql"
"6","SK76-I-06/12","21","76-ARRIF","A","migration_verified","worker-airtrust/migrations/0375_redistribuir_pf_sk76_inicial.sql","PF:A","worker-airtrust/migrations/0375_redistribuir_pf_sk76_inicial.sql"
"6","SK76-I-06/12","22","76-APXOI","B","migration_verified","worker-airtrust/migrations/0375_redistribuir_pf_sk76_inicial.sql","PF:B","worker-airtrust/migrations/0375_redistribuir_pf_sk76_inicial.sql"
"6","SK76-I-07/12","1","76-DUAHV","A","migration_verified","worker-airtrust/migrations/0375_redistribuir_pf_sk76_inicial.sql","PF:A","worker-airtrust/migrations/0375_redistribuir_pf_sk76_inicial.sql"
"6","SK76-I-07/12","2","76-DUADC","B","migration_verified","worker-airtrust/migrations/0375_redistribuir_pf_sk76_inicial.sql","PF:B","worker-airtrust/migrations/0375_redistribuir_pf_sk76_inicial.sql"
"6","SK76-I-07/12","3","76-DUACZ","AB","migration_verified","worker-airtrust/migrations/0375_redistribuir_pf_sk76_inicial.sql","PF:AB","worker-airtrust/migrations/0375_redistribuir_pf_sk76_inicial.sql"
"6","SK76-I-07/12","4","76-AUTAG","AB","migration_verified","worker-airtrust/migrations/0375_redistribuir_pf_sk76_inicial.sql","PF:AB","worker-airtrust/migrations/0375_redistribuir_pf_sk76_inicial.sql"
"6","SK76-I-07/12","5","76-POUAB","B","migration_verified","worker-airtrust/migrations/0375_redistribuir_pf_sk76_inicial.sql","PF:B","worker-airtrust/migrations/0375_redistribuir_pf_sk76_inicial.sql"
"6","SK76-I-07/12","6","76-MOTHV","A","migration_verified","worker-airtrust/migrations/0375_redistribuir_pf_sk76_inicial.sql","PF:A","worker-airtrust/migrations/0375_redistribuir_pf_sk76_inicial.sql"
"6","SK76-I-07/12","7","76-MOTCA","B","migration_verified","worker-airtrust/migrations/0375_redistribuir_pf_sk76_inicial.sql","PF:B","worker-airtrust/migrations/0375_redistribuir_pf_sk76_inicial.sql"
"6","SK76-I-07/12","8","76-MOTCB","A","migration_verified","worker-airtrust/migrations/0375_redistribuir_pf_sk76_inicial.sql","PF:A","worker-airtrust/migrations/0375_redistribuir_pf_sk76_inicial.sql"
"6","SK76-I-07/12","9","76-MOTCZ","AB","migration_verified","worker-airtrust/migrations/0375_redistribuir_pf_sk76_inicial.sql","PF:AB","worker-airtrust/migrations/0375_redistribuir_pf_sk76_inicial.sql"
"6","SK76-I-07/12","10","76-MOTAP","B","migration_verified","worker-airtrust/migrations/0375_redistribuir_pf_sk76_inicial.sql","PF:B","worker-airtrust/migrations/0375_redistribuir_pf_sk76_inicial.sql"
"6","SK76-I-07/12","11","76-APXAL","AB","migration_verified","worker-airtrust/migrations/0375_redistribuir_pf_sk76_inicial.sql","PF:AB","worker-airtrust/migrations/0375_redistribuir_pf_sk76_inicial.sql"
"6","SK76-I-07/12","12","76-APXOI","A","migration_verified","worker-airtrust/migrations/0375_redistribuir_pf_sk76_inicial.sql","PF:A","worker-airtrust/migrations/0375_redistribuir_pf_sk76_inicial.sql"
"6","SK76-I-07/12","13","76-DCU2M","B","migration_verified","worker-airtrust/migrations/0375_redistribuir_pf_sk76_inicial.sql","PF:B","worker-airtrust/migrations/0375_redistribuir_pf_sk76_inicial.sql"
"6","SK76-I-07/12","14","76-COMBX","A","migration_verified","worker-airtrust/migrations/0375_redistribuir_pf_sk76_inicial.sql","PF:A","worker-airtrust/migrations/0375_redistribuir_pf_sk76_inicial.sql"
"6","SK76-I-07/12","15","76-HIDPB","AB","migration_verified","worker-airtrust/migrations/0375_redistribuir_pf_sk76_inicial.sql","PF:AB","worker-airtrust/migrations/0375_redistribuir_pf_sk76_inicial.sql"
"6","SK76-I-07/12","16","76-PRGGP","AB","migration_verified","worker-airtrust/migrations/0375_redistribuir_pf_sk76_inicial.sql","PF:AB","worker-airtrust/migrations/0375_redistribuir_pf_sk76_inicial.sql"
"6","SK76-I-07/12","17","76-DECSI","A","migration_verified","worker-airtrust/migrations/0375_redistribuir_pf_sk76_inicial.sql","PF:A","worker-airtrust/migrations/0375_redistribuir_pf_sk76_inicial.sql"
"6","SK76-I-07/12","18","76-APXPR","B","migration_verified","worker-airtrust/migrations/0375_redistribuir_pf_sk76_inicial.sql","PF:B","worker-airtrust/migrations/0375_redistribuir_pf_sk76_inicial.sql"
"6","SK76-I-07/12","19","76-APXNP","AB","migration_verified","worker-airtrust/migrations/0375_redistribuir_pf_sk76_inicial.sql","PF:AB","worker-airtrust/migrations/0375_redistribuir_pf_sk76_inicial.sql"
"6","SK76-I-07/12","20","76-APXPI","A","migration_verified","worker-airtrust/migrations/0375_redistribuir_pf_sk76_inicial.sql","PF:A","worker-airtrust/migrations/0375_redistribuir_pf_sk76_inicial.sql"
"6","SK76-I-07/12","21","76-ARRIF","AB","migration_verified","worker-airtrust/migrations/0375_redistribuir_pf_sk76_inicial.sql","PF:AB","worker-airtrust/migrations/0375_redistribuir_pf_sk76_inicial.sql"
"6","SK76-I-07/12","22","76-INCMO","B","migration_verified","worker-airtrust/migrations/0375_redistribuir_pf_sk76_inicial.sql","PF:B","worker-airtrust/migrations/0375_redistribuir_pf_sk76_inicial.sql"
"6","SK76-I-08/12","1","76-MGBSF","A","migration_verified","worker-airtrust/migrations/0375_redistribuir_pf_sk76_inicial.sql","PF:A","worker-airtrust/migrations/0375_redistribuir_pf_sk76_inicial.sql"
"6","SK76-I-08/12","2","76-MGBOL","B","migration_verified","worker-airtrust/migrations/0375_redistribuir_pf_sk76_inicial.sql","PF:B","worker-airtrust/migrations/0375_redistribuir_pf_sk76_inicial.sql"
"6","SK76-I-08/12","3","76-CHPTG","A","migration_verified","worker-airtrust/migrations/0375_redistribuir_pf_sk76_inicial.sql","PF:A","worker-airtrust/migrations/0375_redistribuir_pf_sk76_inicial.sql"
"6","SK76-I-08/12","4","76-SERTQ","A","migration_verified","worker-airtrust/migrations/0375_redistribuir_pf_sk76_inicial.sql","PF:A","worker-airtrust/migrations/0375_redistribuir_pf_sk76_inicial.sql"
"6","SK76-I-08/12","5","76-SERJM","B","migration_verified","worker-airtrust/migrations/0375_redistribuir_pf_sk76_inicial.sql","PF:B","worker-airtrust/migrations/0375_redistribuir_pf_sk76_inicial.sql"
"6","SK76-I-08/12","6","76-AMOTV","B","migration_verified","worker-airtrust/migrations/0375_redistribuir_pf_sk76_inicial.sql","PF:B","worker-airtrust/migrations/0375_redistribuir_pf_sk76_inicial.sql"
"6","SK76-I-08/12","7","76-TRSRC","A","migration_verified","worker-airtrust/migrations/0375_redistribuir_pf_sk76_inicial.sql","PF:A","worker-airtrust/migrations/0375_redistribuir_pf_sk76_inicial.sql"
"6","SK76-I-08/12","8","76-CTRRC","B","migration_verified","worker-airtrust/migrations/0375_redistribuir_pf_sk76_inicial.sql","PF:B","worker-airtrust/migrations/0375_redistribuir_pf_sk76_inicial.sql"
"6","SK76-I-08/12","9","76-HIDPB","AB","migration_verified","worker-airtrust/migrations/0375_redistribuir_pf_sk76_inicial.sql","PF:AB","worker-airtrust/migrations/0375_redistribuir_pf_sk76_inicial.sql"
"6","SK76-I-08/12","10","76-POUAB","AB","migration_verified","worker-airtrust/migrations/0375_redistribuir_pf_sk76_inicial.sql","PF:AB","worker-airtrust/migrations/0375_redistribuir_pf_sk76_inicial.sql"
"6","SK76-I-08/12","11","76-POUMO","A","migration_verified","worker-airtrust/migrations/0375_redistribuir_pf_sk76_inicial.sql","PF:A","worker-airtrust/migrations/0375_redistribuir_pf_sk76_inicial.sql"
"6","SK76-I-08/12","12","76-MOTCZ","AB","migration_verified","worker-airtrust/migrations/0375_redistribuir_pf_sk76_inicial.sql","PF:AB","worker-airtrust/migrations/0375_redistribuir_pf_sk76_inicial.sql"
"6","SK76-I-08/12","13","76-MOTAP","B","migration_verified","worker-airtrust/migrations/0375_redistribuir_pf_sk76_inicial.sql","PF:B","worker-airtrust/migrations/0375_redistribuir_pf_sk76_inicial.sql"
"6","SK76-I-08/12","14","76-AUTAG","AB","migration_verified","worker-airtrust/migrations/0375_redistribuir_pf_sk76_inicial.sql","PF:AB","worker-airtrust/migrations/0375_redistribuir_pf_sk76_inicial.sql"
"6","SK76-I-08/12","15","76-APXPR","B","migration_verified","worker-airtrust/migrations/0375_redistribuir_pf_sk76_inicial.sql","PF:B","worker-airtrust/migrations/0375_redistribuir_pf_sk76_inicial.sql"
"6","SK76-I-08/12","16","76-APXNP","A","migration_verified","worker-airtrust/migrations/0375_redistribuir_pf_sk76_inicial.sql","PF:A","worker-airtrust/migrations/0375_redistribuir_pf_sk76_inicial.sql"
"6","SK76-I-08/12","17","76-APXPI","AB","migration_verified","worker-airtrust/migrations/0375_redistribuir_pf_sk76_inicial.sql","PF:AB","worker-airtrust/migrations/0375_redistribuir_pf_sk76_inicial.sql"
"6","SK76-I-08/12","18","76-ARRIF","AB","migration_verified","worker-airtrust/migrations/0375_redistribuir_pf_sk76_inicial.sql","PF:AB","worker-airtrust/migrations/0375_redistribuir_pf_sk76_inicial.sql"
"6","SK76-I-08/12","19","76-APXOI","A","migration_verified","worker-airtrust/migrations/0375_redistribuir_pf_sk76_inicial.sql","PF:A","worker-airtrust/migrations/0375_redistribuir_pf_sk76_inicial.sql"
"6","SK76-I-08/12","20","76-APXAL","B","migration_verified","worker-airtrust/migrations/0375_redistribuir_pf_sk76_inicial.sql","PF:B","worker-airtrust/migrations/0375_redistribuir_pf_sk76_inicial.sql"
"6","SK76-I-08/12","21","76-PRGGP","AB","migration_verified","worker-airtrust/migrations/0375_redistribuir_pf_sk76_inicial.sql","PF:AB","worker-airtrust/migrations/0375_redistribuir_pf_sk76_inicial.sql"
"6","SK76-I-08/12","22","76-DECSI","AB","migration_verified","worker-airtrust/migrations/0375_redistribuir_pf_sk76_inicial.sql","PF:AB","worker-airtrust/migrations/0375_redistribuir_pf_sk76_inicial.sql"
"6","SK76-I-09/12","1","76-INCMO","A","migration_verified","worker-airtrust/migrations/0375_redistribuir_pf_sk76_inicial.sql","PF:A","worker-airtrust/migrations/0375_redistribuir_pf_sk76_inicial.sql"
"6","SK76-I-09/12","2","76-INCCB","B","migration_verified","worker-airtrust/migrations/0375_redistribuir_pf_sk76_inicial.sql","PF:B","worker-airtrust/migrations/0375_redistribuir_pf_sk76_inicial.sql"
"6","SK76-I-09/12","3","76-FUMBG","AB","migration_verified","worker-airtrust/migrations/0375_redistribuir_pf_sk76_inicial.sql","PF:AB","worker-airtrust/migrations/0375_redistribuir_pf_sk76_inicial.sql"
"6","SK76-I-09/12","4","76-OILMT","A","migration_verified","worker-airtrust/migrations/0375_redistribuir_pf_sk76_inicial.sql","PF:A","worker-airtrust/migrations/0375_redistribuir_pf_sk76_inicial.sql"
"6","SK76-I-09/12","5","76-MGBOL","B","migration_verified","worker-airtrust/migrations/0375_redistribuir_pf_sk76_inicial.sql","PF:B","worker-airtrust/migrations/0375_redistribuir_pf_sk76_inicial.sql"
"6","SK76-I-09/12","6","76-MGBSF","A","migration_verified","worker-airtrust/migrations/0375_redistribuir_pf_sk76_inicial.sql","PF:A","worker-airtrust/migrations/0375_redistribuir_pf_sk76_inicial.sql"
"6","SK76-I-09/12","7","76-HIDPB","AB","migration_verified","worker-airtrust/migrations/0375_redistribuir_pf_sk76_inicial.sql","PF:AB","worker-airtrust/migrations/0375_redistribuir_pf_sk76_inicial.sql"
"6","SK76-I-09/12","8","76-FALGD","B","migration_verified","worker-airtrust/migrations/0375_redistribuir_pf_sk76_inicial.sql","PF:B","worker-airtrust/migrations/0375_redistribuir_pf_sk76_inicial.sql"
"6","SK76-I-09/12","9","76-FALEB","A","migration_verified","worker-airtrust/migrations/0375_redistribuir_pf_sk76_inicial.sql","PF:A","worker-airtrust/migrations/0375_redistribuir_pf_sk76_inicial.sql"
"6","SK76-I-09/12","10","76-FALIV","B","migration_verified","worker-airtrust/migrations/0375_redistribuir_pf_sk76_inicial.sql","PF:B","worker-airtrust/migrations/0375_redistribuir_pf_sk76_inicial.sql"
"6","SK76-I-09/12","11","76-POUAB","AB","migration_verified","worker-airtrust/migrations/0375_redistribuir_pf_sk76_inicial.sql","PF:AB","worker-airtrust/migrations/0375_redistribuir_pf_sk76_inicial.sql"
"6","SK76-I-09/12","12","76-POUMO","A","migration_verified","worker-airtrust/migrations/0375_redistribuir_pf_sk76_inicial.sql","PF:A","worker-airtrust/migrations/0375_redistribuir_pf_sk76_inicial.sql"
"6","SK76-I-09/12","13","76-MOTCZ","AB","migration_verified","worker-airtrust/migrations/0375_redistribuir_pf_sk76_inicial.sql","PF:AB","worker-airtrust/migrations/0375_redistribuir_pf_sk76_inicial.sql"
"6","SK76-I-09/12","14","76-AUTAG","B","migration_verified","worker-airtrust/migrations/0375_redistribuir_pf_sk76_inicial.sql","PF:B","worker-airtrust/migrations/0375_redistribuir_pf_sk76_inicial.sql"
"6","SK76-I-09/12","15","76-ARRIF","AB","migration_verified","worker-airtrust/migrations/0375_redistribuir_pf_sk76_inicial.sql","PF:AB","worker-airtrust/migrations/0375_redistribuir_pf_sk76_inicial.sql"
"6","SK76-I-09/12","16","76-PRGGP","AB","migration_verified","worker-airtrust/migrations/0375_redistribuir_pf_sk76_inicial.sql","PF:AB","worker-airtrust/migrations/0375_redistribuir_pf_sk76_inicial.sql"
"6","SK76-I-09/12","17","76-DECSI","A","migration_verified","worker-airtrust/migrations/0375_redistribuir_pf_sk76_inicial.sql","PF:A","worker-airtrust/migrations/0375_redistribuir_pf_sk76_inicial.sql"
"6","SK76-I-09/12","18","76-APXPR","B","migration_verified","worker-airtrust/migrations/0375_redistribuir_pf_sk76_inicial.sql","PF:B","worker-airtrust/migrations/0375_redistribuir_pf_sk76_inicial.sql"
"6","SK76-I-09/12","19","76-APXNP","AB","migration_verified","worker-airtrust/migrations/0375_redistribuir_pf_sk76_inicial.sql","PF:AB","worker-airtrust/migrations/0375_redistribuir_pf_sk76_inicial.sql"
"6","SK76-I-09/12","20","76-APXPI","A","migration_verified","worker-airtrust/migrations/0375_redistribuir_pf_sk76_inicial.sql","PF:A","worker-airtrust/migrations/0375_redistribuir_pf_sk76_inicial.sql"
"6","SK76-I-09/12","21","76-APXOI","B","migration_verified","worker-airtrust/migrations/0375_redistribuir_pf_sk76_inicial.sql","PF:B","worker-airtrust/migrations/0375_redistribuir_pf_sk76_inicial.sql"
"6","SK76-I-09/12","22","76-APXAL","AB","migration_verified","worker-airtrust/migrations/0375_redistribuir_pf_sk76_inicial.sql","PF:AB","worker-airtrust/migrations/0375_redistribuir_pf_sk76_inicial.sql"
"6","SK76-I-10/12","1","76-PRGGP","AB","migration_verified","worker-airtrust/migrations/0375_redistribuir_pf_sk76_inicial.sql","PF:AB","worker-airtrust/migrations/0375_redistribuir_pf_sk76_inicial.sql"
"6","SK76-I-10/12","2","76-DECSI","A","migration_verified","worker-airtrust/migrations/0375_redistribuir_pf_sk76_inicial.sql","PF:A","worker-airtrust/migrations/0375_redistribuir_pf_sk76_inicial.sql"
"6","SK76-I-10/12","3","76-APXPR","B","migration_verified","worker-airtrust/migrations/0375_redistribuir_pf_sk76_inicial.sql","PF:B","worker-airtrust/migrations/0375_redistribuir_pf_sk76_inicial.sql"
"6","SK76-I-10/12","4","76-APXNP","AB","migration_verified","worker-airtrust/migrations/0375_redistribuir_pf_sk76_inicial.sql","PF:AB","worker-airtrust/migrations/0375_redistribuir_pf_sk76_inicial.sql"
"6","SK76-I-10/12","5","76-APXPI","A","migration_verified","worker-airtrust/migrations/0375_redistribuir_pf_sk76_inicial.sql","PF:A","worker-airtrust/migrations/0375_redistribuir_pf_sk76_inicial.sql"
"6","SK76-I-10/12","6","76-ARRIF","B","migration_verified","worker-airtrust/migrations/0375_redistribuir_pf_sk76_inicial.sql","PF:B","worker-airtrust/migrations/0375_redistribuir_pf_sk76_inicial.sql"
"6","SK76-I-10/12","7","76-APXOI","A","migration_verified","worker-airtrust/migrations/0375_redistribuir_pf_sk76_inicial.sql","PF:A","worker-airtrust/migrations/0375_redistribuir_pf_sk76_inicial.sql"
"6","SK76-I-10/12","8","76-APXAL","AB","migration_verified","worker-airtrust/migrations/0375_redistribuir_pf_sk76_inicial.sql","PF:AB","worker-airtrust/migrations/0375_redistribuir_pf_sk76_inicial.sql"
"6","SK76-I-10/12","9","76-MOTAP","B","migration_verified","worker-airtrust/migrations/0375_redistribuir_pf_sk76_inicial.sql","PF:B","worker-airtrust/migrations/0375_redistribuir_pf_sk76_inicial.sql"
"6","SK76-I-10/12","10","76-MOTCZ","AB","migration_verified","worker-airtrust/migrations/0375_redistribuir_pf_sk76_inicial.sql","PF:AB","worker-airtrust/migrations/0375_redistribuir_pf_sk76_inicial.sql"
"6","SK76-I-10/12","11","76-POUMO","A","migration_verified","worker-airtrust/migrations/0375_redistribuir_pf_sk76_inicial.sql","PF:A","worker-airtrust/migrations/0375_redistribuir_pf_sk76_inicial.sql"
"6","SK76-I-10/12","12","76-FALPA","B","migration_verified","worker-airtrust/migrations/0375_redistribuir_pf_sk76_inicial.sql","PF:B","worker-airtrust/migrations/0375_redistribuir_pf_sk76_inicial.sql"
"6","SK76-I-10/12","13","76-FALFD","A","migration_verified","worker-airtrust/migrations/0375_redistribuir_pf_sk76_inicial.sql","PF:A","worker-airtrust/migrations/0375_redistribuir_pf_sk76_inicial.sql"
"6","SK76-I-10/12","14","76-PERAT","B","migration_verified","worker-airtrust/migrations/0375_redistribuir_pf_sk76_inicial.sql","PF:B","worker-airtrust/migrations/0375_redistribuir_pf_sk76_inicial.sql"
"6","SK76-I-10/12","15","76-FALAD","AB","migration_verified","worker-airtrust/migrations/0375_redistribuir_pf_sk76_inicial.sql","PF:AB","worker-airtrust/migrations/0375_redistribuir_pf_sk76_inicial.sql"
"6","SK76-I-10/12","16","76-POUAB","AB","migration_verified","worker-airtrust/migrations/0375_redistribuir_pf_sk76_inicial.sql","PF:AB","worker-airtrust/migrations/0375_redistribuir_pf_sk76_inicial.sql"
"6","SK76-I-10/12","17","76-AUTAG","A","migration_verified","worker-airtrust/migrations/0375_redistribuir_pf_sk76_inicial.sql","PF:A","worker-airtrust/migrations/0375_redistribuir_pf_sk76_inicial.sql"
"6","SK76-I-10/12","18","76-MOTHV","AB","migration_verified","worker-airtrust/migrations/0375_redistribuir_pf_sk76_inicial.sql","PF:AB","worker-airtrust/migrations/0375_redistribuir_pf_sk76_inicial.sql"
"6","SK76-I-10/12","19","76-MOTCA","AB","migration_verified","worker-airtrust/migrations/0375_redistribuir_pf_sk76_inicial.sql","PF:AB","worker-airtrust/migrations/0375_redistribuir_pf_sk76_inicial.sql"
"6","SK76-I-10/12","20","76-MOTCB","B","migration_verified","worker-airtrust/migrations/0375_redistribuir_pf_sk76_inicial.sql","PF:B","worker-airtrust/migrations/0375_redistribuir_pf_sk76_inicial.sql"
"6","SK76-I-10/12","21","76-HIDPB","A","migration_verified","worker-airtrust/migrations/0375_redistribuir_pf_sk76_inicial.sql","PF:A","worker-airtrust/migrations/0375_redistribuir_pf_sk76_inicial.sql"
"6","SK76-I-10/12","22","76-INCMO","B","migration_verified","worker-airtrust/migrations/0375_redistribuir_pf_sk76_inicial.sql","PF:B","worker-airtrust/migrations/0375_redistribuir_pf_sk76_inicial.sql"
"6","SK76-I-11/12","1","76-PRGGP","AB","migration_verified","worker-airtrust/migrations/0375_redistribuir_pf_sk76_inicial.sql","PF:AB","worker-airtrust/migrations/0375_redistribuir_pf_sk76_inicial.sql"
"6","SK76-I-11/12","2","76-DECSI","A","migration_verified","worker-airtrust/migrations/0375_redistribuir_pf_sk76_inicial.sql","PF:A","worker-airtrust/migrations/0375_redistribuir_pf_sk76_inicial.sql"
"6","SK76-I-11/12","3","76-APXPR","B","migration_verified","worker-airtrust/migrations/0375_redistribuir_pf_sk76_inicial.sql","PF:B","worker-airtrust/migrations/0375_redistribuir_pf_sk76_inicial.sql"
"6","SK76-I-11/12","4","76-APXNP","A","migration_verified","worker-airtrust/migrations/0375_redistribuir_pf_sk76_inicial.sql","PF:A","worker-airtrust/migrations/0375_redistribuir_pf_sk76_inicial.sql"
"6","SK76-I-11/12","5","76-APXPI","B","migration_verified","worker-airtrust/migrations/0375_redistribuir_pf_sk76_inicial.sql","PF:B","worker-airtrust/migrations/0375_redistribuir_pf_sk76_inicial.sql"
"6","SK76-I-11/12","6","76-ARRIF","AB","migration_verified","worker-airtrust/migrations/0375_redistribuir_pf_sk76_inicial.sql","PF:AB","worker-airtrust/migrations/0375_redistribuir_pf_sk76_inicial.sql"
"6","SK76-I-11/12","7","76-MOTCZ","A","migration_verified","worker-airtrust/migrations/0375_redistribuir_pf_sk76_inicial.sql","PF:A","worker-airtrust/migrations/0375_redistribuir_pf_sk76_inicial.sql"
"6","SK76-I-11/12","8","76-APXOI","B","migration_verified","worker-airtrust/migrations/0375_redistribuir_pf_sk76_inicial.sql","PF:B","worker-airtrust/migrations/0375_redistribuir_pf_sk76_inicial.sql"
"6","SK76-I-11/12","9","76-POUMO","AB","migration_verified","worker-airtrust/migrations/0375_redistribuir_pf_sk76_inicial.sql","PF:AB","worker-airtrust/migrations/0375_redistribuir_pf_sk76_inicial.sql"
"6","SK76-I-11/12","10","76-FALGC","A","migration_verified","worker-airtrust/migrations/0375_redistribuir_pf_sk76_inicial.sql","PF:A","worker-airtrust/migrations/0375_redistribuir_pf_sk76_inicial.sql"
"6","SK76-I-11/12","11","76-FALGA","B","migration_verified","worker-airtrust/migrations/0375_redistribuir_pf_sk76_inicial.sql","PF:B","worker-airtrust/migrations/0375_redistribuir_pf_sk76_inicial.sql"
"6","SK76-I-11/12","12","76-FALPA","A","migration_verified","worker-airtrust/migrations/0375_redistribuir_pf_sk76_inicial.sql","PF:A","worker-airtrust/migrations/0375_redistribuir_pf_sk76_inicial.sql"
"6","SK76-I-11/12","13","76-FALFD","B","migration_verified","worker-airtrust/migrations/0375_redistribuir_pf_sk76_inicial.sql","PF:B","worker-airtrust/migrations/0375_redistribuir_pf_sk76_inicial.sql"
"6","SK76-I-11/12","14","76-HIDPB","AB","migration_verified","worker-airtrust/migrations/0375_redistribuir_pf_sk76_inicial.sql","PF:AB","worker-airtrust/migrations/0375_redistribuir_pf_sk76_inicial.sql"
"6","SK76-I-11/12","15","76-INCMO","A","migration_verified","worker-airtrust/migrations/0375_redistribuir_pf_sk76_inicial.sql","PF:A","worker-airtrust/migrations/0375_redistribuir_pf_sk76_inicial.sql"
"6","SK76-I-11/12","16","76-MGBSF","B","migration_verified","worker-airtrust/migrations/0375_redistribuir_pf_sk76_inicial.sql","PF:B","worker-airtrust/migrations/0375_redistribuir_pf_sk76_inicial.sql"
"6","SK76-I-11/12","17","76-POUAB","AB","migration_verified","worker-airtrust/migrations/0375_redistribuir_pf_sk76_inicial.sql","PF:AB","worker-airtrust/migrations/0375_redistribuir_pf_sk76_inicial.sql"
"6","SK76-I-11/12","18","76-AUTAG","AB","migration_verified","worker-airtrust/migrations/0375_redistribuir_pf_sk76_inicial.sql","PF:AB","worker-airtrust/migrations/0375_redistribuir_pf_sk76_inicial.sql"
"6","SK76-I-11/12","19","76-APXAL","AB","migration_verified","worker-airtrust/migrations/0375_redistribuir_pf_sk76_inicial.sql","PF:AB","worker-airtrust/migrations/0375_redistribuir_pf_sk76_inicial.sql"
"6","SK76-I-11/12","20","76-MOTHV","A","migration_verified","worker-airtrust/migrations/0375_redistribuir_pf_sk76_inicial.sql","PF:A","worker-airtrust/migrations/0375_redistribuir_pf_sk76_inicial.sql"
"6","SK76-I-11/12","21","76-MOTCA","B","migration_verified","worker-airtrust/migrations/0375_redistribuir_pf_sk76_inicial.sql","PF:B","worker-airtrust/migrations/0375_redistribuir_pf_sk76_inicial.sql"
"6","SK76-I-11/12","22","76-MOTCB","AB","migration_verified","worker-airtrust/migrations/0375_redistribuir_pf_sk76_inicial.sql","PF:AB","worker-airtrust/migrations/0375_redistribuir_pf_sk76_inicial.sql"
"6","SK76-I-12/12","1","76-POUAB","AB","migration_verified","worker-airtrust/migrations/0375_redistribuir_pf_sk76_inicial.sql","PF:AB","worker-airtrust/migrations/0375_redistribuir_pf_sk76_inicial.sql"
"6","SK76-I-12/12","2","76-POUMO","A","migration_verified","worker-airtrust/migrations/0375_redistribuir_pf_sk76_inicial.sql","PF:A","worker-airtrust/migrations/0375_redistribuir_pf_sk76_inicial.sql"
"6","SK76-I-12/12","3","76-AUTAG","B","migration_verified","worker-airtrust/migrations/0375_redistribuir_pf_sk76_inicial.sql","PF:B","worker-airtrust/migrations/0375_redistribuir_pf_sk76_inicial.sql"
"6","SK76-I-12/12","4","76-MOTCA","A","migration_verified","worker-airtrust/migrations/0375_redistribuir_pf_sk76_inicial.sql","PF:A","worker-airtrust/migrations/0375_redistribuir_pf_sk76_inicial.sql"
"6","SK76-I-12/12","5","76-MOTCB","B","migration_verified","worker-airtrust/migrations/0375_redistribuir_pf_sk76_inicial.sql","PF:B","worker-airtrust/migrations/0375_redistribuir_pf_sk76_inicial.sql"
"6","SK76-I-12/12","6","76-MOTHV","AB","migration_verified","worker-airtrust/migrations/0375_redistribuir_pf_sk76_inicial.sql","PF:AB","worker-airtrust/migrations/0375_redistribuir_pf_sk76_inicial.sql"
"6","SK76-I-12/12","7","76-MOTCZ","AB","migration_verified","worker-airtrust/migrations/0375_redistribuir_pf_sk76_inicial.sql","PF:AB","worker-airtrust/migrations/0375_redistribuir_pf_sk76_inicial.sql"
"6","SK76-I-12/12","8","76-MOTAP","A","migration_verified","worker-airtrust/migrations/0375_redistribuir_pf_sk76_inicial.sql","PF:A","worker-airtrust/migrations/0375_redistribuir_pf_sk76_inicial.sql"
"6","SK76-I-12/12","9","76-DUAHV","B","migration_verified","worker-airtrust/migrations/0375_redistribuir_pf_sk76_inicial.sql","PF:B","worker-airtrust/migrations/0375_redistribuir_pf_sk76_inicial.sql"
"6","SK76-I-12/12","10","76-DUADC","A","migration_verified","worker-airtrust/migrations/0375_redistribuir_pf_sk76_inicial.sql","PF:A","worker-airtrust/migrations/0375_redistribuir_pf_sk76_inicial.sql"
"6","SK76-I-12/12","11","76-DUACZ","AB","migration_verified","worker-airtrust/migrations/0375_redistribuir_pf_sk76_inicial.sql","PF:AB","worker-airtrust/migrations/0375_redistribuir_pf_sk76_inicial.sql"
"6","SK76-I-12/12","12","76-APXPR","B","migration_verified","worker-airtrust/migrations/0375_redistribuir_pf_sk76_inicial.sql","PF:B","worker-airtrust/migrations/0375_redistribuir_pf_sk76_inicial.sql"
"6","SK76-I-12/12","13","76-APXNP","A","migration_verified","worker-airtrust/migrations/0375_redistribuir_pf_sk76_inicial.sql","PF:A","worker-airtrust/migrations/0375_redistribuir_pf_sk76_inicial.sql"
"6","SK76-I-12/12","14","76-APXOI","AB","migration_verified","worker-airtrust/migrations/0375_redistribuir_pf_sk76_inicial.sql","PF:AB","worker-airtrust/migrations/0375_redistribuir_pf_sk76_inicial.sql"
"6","SK76-I-12/12","15","76-APXPI","AB","migration_verified","worker-airtrust/migrations/0375_redistribuir_pf_sk76_inicial.sql","PF:AB","worker-airtrust/migrations/0375_redistribuir_pf_sk76_inicial.sql"
"6","SK76-I-12/12","16","76-ARRIF","A","migration_verified","worker-airtrust/migrations/0375_redistribuir_pf_sk76_inicial.sql","PF:A","worker-airtrust/migrations/0375_redistribuir_pf_sk76_inicial.sql"
"6","SK76-I-12/12","17","76-FALPA","B","migration_verified","worker-airtrust/migrations/0375_redistribuir_pf_sk76_inicial.sql","PF:B","worker-airtrust/migrations/0375_redistribuir_pf_sk76_inicial.sql"
"6","SK76-I-12/12","18","76-FALFD","A","migration_verified","worker-airtrust/migrations/0375_redistribuir_pf_sk76_inicial.sql","PF:A","worker-airtrust/migrations/0375_redistribuir_pf_sk76_inicial.sql"
"6","SK76-I-12/12","19","76-FALGD","AB","migration_verified","worker-airtrust/migrations/0375_redistribuir_pf_sk76_inicial.sql","PF:AB","worker-airtrust/migrations/0375_redistribuir_pf_sk76_inicial.sql"
"6","SK76-I-12/12","20","76-INCMO","B","migration_verified","worker-airtrust/migrations/0375_redistribuir_pf_sk76_inicial.sql","PF:B","worker-airtrust/migrations/0375_redistribuir_pf_sk76_inicial.sql"
"6","SK76-I-12/12","21","76-MGBSF","B","migration_verified","worker-airtrust/migrations/0375_redistribuir_pf_sk76_inicial.sql","PF:B","worker-airtrust/migrations/0375_redistribuir_pf_sk76_inicial.sql"
"6","SK76-I-12/12","22","76-HIDPB","AB","migration_verified","worker-airtrust/migrations/0375_redistribuir_pf_sk76_inicial.sql","PF:AB","worker-airtrust/migrations/0375_redistribuir_pf_sk76_inicial.sql"
"6","SK76-P-CHECK","1","S76-LOFT-01","AB","migration_verified","worker-airtrust/migrations/0297_tripulante_ab_distribution.sql:modelo_id=44","","worker-airtrust/migrations/0284_fix_sk76_loft_check_0303.sql"
"6","SK76-P-CHECK","2","S76-LOFT-02","AB","migration_verified","worker-airtrust/migrations/0297_tripulante_ab_distribution.sql:modelo_id=44","","worker-airtrust/migrations/0284_fix_sk76_loft_check_0303.sql"
"6","SK76-P-CHECK","3","S76-LOFT-03","AB","migration_verified","worker-airtrust/migrations/0297_tripulante_ab_distribution.sql:modelo_id=44","","worker-airtrust/migrations/0284_fix_sk76_loft_check_0303.sql"
"6","SK76-P-CHECK","4","S76-LOFT-04","AB","migration_verified","worker-airtrust/migrations/0297_tripulante_ab_distribution.sql:modelo_id=44","","worker-airtrust/migrations/0284_fix_sk76_loft_check_0303.sql"
"6","SK76-P-CHECK","5","S76-LOFT-05","AB","migration_verified","worker-airtrust/migrations/0297_tripulante_ab_distribution.sql:modelo_id=44","","worker-airtrust/migrations/0284_fix_sk76_loft_check_0303.sql"
"6","SK76-P-CHECK","6","S76-LOFT-06","AB","migration_verified","worker-airtrust/migrations/0297_tripulante_ab_distribution.sql:modelo_id=44","","worker-airtrust/migrations/0284_fix_sk76_loft_check_0303.sql"
"6","SK76-P-CHECK","7","S76-LOFT-07","AB","migration_verified","worker-airtrust/migrations/0297_tripulante_ab_distribution.sql:modelo_id=44","","worker-airtrust/migrations/0284_fix_sk76_loft_check_0303.sql"
"6","SK76-P-CHECK","8","S76-LOFT-08","AB","migration_verified","worker-airtrust/migrations/0297_tripulante_ab_distribution.sql:modelo_id=44","","worker-airtrust/migrations/0284_fix_sk76_loft_check_0303.sql"
"6","SK76-P-CHECK","9","S76-LOFT-09","AB","migration_verified","worker-airtrust/migrations/0297_tripulante_ab_distribution.sql:modelo_id=44","","worker-airtrust/migrations/0284_fix_sk76_loft_check_0303.sql"
"6","SK76-P-CHECK","10","S76-LOFT-10","AB","migration_verified","worker-airtrust/migrations/0297_tripulante_ab_distribution.sql:modelo_id=44","","worker-airtrust/migrations/0284_fix_sk76_loft_check_0303.sql"
"6","SK76-P-CHECK","11","S76-LOFT-11","AB","migration_verified","worker-airtrust/migrations/0297_tripulante_ab_distribution.sql:modelo_id=44","","worker-airtrust/migrations/0284_fix_sk76_loft_check_0303.sql"
"6","SK76-P-CHECK","12","S76-LOFT-12","AB","migration_verified","worker-airtrust/migrations/0297_tripulante_ab_distribution.sql:modelo_id=44","","worker-airtrust/migrations/0284_fix_sk76_loft_check_0303.sql"
"6","SK76-P-CHECK","13","S76-LOFT-13","AB","migration_verified","worker-airtrust/migrations/0297_tripulante_ab_distribution.sql:modelo_id=44","","worker-airtrust/migrations/0284_fix_sk76_loft_check_0303.sql"
"6","SK76-P-CHECK","14","S76-LOFT-14","AB","migration_verified","worker-airtrust/migrations/0297_tripulante_ab_distribution.sql:modelo_id=44","","worker-airtrust/migrations/0284_fix_sk76_loft_check_0303.sql"
"6","SK76-P-CHECK","15","S76-LOFT-15","AB","migration_verified","worker-airtrust/migrations/0297_tripulante_ab_distribution.sql:modelo_id=44","","worker-airtrust/migrations/0284_fix_sk76_loft_check_0303.sql"
"6","SK76-P-CHECK","16","S76-LOFT-16","AB","migration_verified","worker-airtrust/migrations/0297_tripulante_ab_distribution.sql:modelo_id=44","","worker-airtrust/migrations/0284_fix_sk76_loft_check_0303.sql"
"6","SK76-P-CHECK","17","S76-LOFT-17","AB","migration_verified","worker-airtrust/migrations/0297_tripulante_ab_distribution.sql:modelo_id=44","","worker-airtrust/migrations/0284_fix_sk76_loft_check_0303.sql"
"6","SK76-P-CHECK","18","S76-LOFT-18","AB","migration_verified","worker-airtrust/migrations/0297_tripulante_ab_distribution.sql:modelo_id=44","","worker-airtrust/migrations/0284_fix_sk76_loft_check_0303.sql"
"6","SK76-P-CHECK","19","S76-LOFT-19","AB","migration_verified","worker-airtrust/migrations/0297_tripulante_ab_distribution.sql:modelo_id=44","","worker-airtrust/migrations/0284_fix_sk76_loft_check_0303.sql"
"6","SK76-P-CHECK","20","S76-LOFT-20","AB","migration_verified","worker-airtrust/migrations/0297_tripulante_ab_distribution.sql:modelo_id=44","","worker-airtrust/migrations/0284_fix_sk76_loft_check_0303.sql"
"6","SK76-P-CHECK","21","S76-LOFT-21","AB","migration_verified","worker-airtrust/migrations/0297_tripulante_ab_distribution.sql:modelo_id=44","","worker-airtrust/migrations/0284_fix_sk76_loft_check_0303.sql"
"6","SK76-P-CHECK","22","S76-LOFT-22","AB","migration_verified","worker-airtrust/migrations/0297_tripulante_ab_distribution.sql:modelo_id=44","","worker-airtrust/migrations/0284_fix_sk76_loft_check_0303.sql"
"6","SK76-S-01/02","1","LOFT-NOT-01","AB","migration_verified","worker-airtrust/migrations/0382_create_sk76_semestral_sessions.sql","PF:AB","worker-airtrust/migrations/0382_create_sk76_semestral_sessions.sql"
"6","SK76-S-01/02","2","LOFT-NOT-02","AB","migration_verified","worker-airtrust/migrations/0382_create_sk76_semestral_sessions.sql","PF:AB","worker-airtrust/migrations/0382_create_sk76_semestral_sessions.sql"
"6","SK76-S-01/02","3","LOFT-NOT-03","AB","migration_verified","worker-airtrust/migrations/0382_create_sk76_semestral_sessions.sql","PF:AB","worker-airtrust/migrations/0382_create_sk76_semestral_sessions.sql"
"6","SK76-S-01/02","4","LOFT-NOT-04","AB","migration_verified","worker-airtrust/migrations/0382_create_sk76_semestral_sessions.sql","PF:AB","worker-airtrust/migrations/0382_create_sk76_semestral_sessions.sql"
"6","SK76-S-01/02","5","LOFT-NOT-05","AB","migration_verified","worker-airtrust/migrations/0382_create_sk76_semestral_sessions.sql","PF:AB","worker-airtrust/migrations/0382_create_sk76_semestral_sessions.sql"
"6","SK76-S-01/02","6","LOFT-NOT-06","AB","migration_verified","worker-airtrust/migrations/0382_create_sk76_semestral_sessions.sql","PF:AB","worker-airtrust/migrations/0382_create_sk76_semestral_sessions.sql"
"6","SK76-S-01/02","7","LOFT-NOT-07","AB","migration_verified","worker-airtrust/migrations/0382_create_sk76_semestral_sessions.sql","PF:AB","worker-airtrust/migrations/0382_create_sk76_semestral_sessions.sql"
"6","SK76-S-01/02","8","LOFT-NOT-08","AB","migration_verified","worker-airtrust/migrations/0382_create_sk76_semestral_sessions.sql","PF:AB","worker-airtrust/migrations/0382_create_sk76_semestral_sessions.sql"
"6","SK76-S-01/02","9","LOFT-NOT-09","AB","migration_verified","worker-airtrust/migrations/0382_create_sk76_semestral_sessions.sql","PF:AB","worker-airtrust/migrations/0382_create_sk76_semestral_sessions.sql"
"6","SK76-S-01/02","10","LOFT-NOT-10","AB","migration_verified","worker-airtrust/migrations/0382_create_sk76_semestral_sessions.sql","PF:AB","worker-airtrust/migrations/0382_create_sk76_semestral_sessions.sql"
"6","SK76-S-01/02","11","LOFT-NOT-11","AB","migration_verified","worker-airtrust/migrations/0382_create_sk76_semestral_sessions.sql","PF:AB","worker-airtrust/migrations/0382_create_sk76_semestral_sessions.sql"
"6","SK76-S-01/02","12","LOFT-NOT-12","AB","migration_verified","worker-airtrust/migrations/0382_create_sk76_semestral_sessions.sql","PF:AB","worker-airtrust/migrations/0382_create_sk76_semestral_sessions.sql"
"6","SK76-S-01/02","13","LOFT-NOT-13","AB","migration_verified","worker-airtrust/migrations/0382_create_sk76_semestral_sessions.sql","PF:AB","worker-airtrust/migrations/0382_create_sk76_semestral_sessions.sql"
"6","SK76-S-01/02","14","LOFT-NOT-14","AB","migration_verified","worker-airtrust/migrations/0382_create_sk76_semestral_sessions.sql","PF:AB","worker-airtrust/migrations/0382_create_sk76_semestral_sessions.sql"
"6","SK76-S-01/02","15","LOFT-NOT-15","AB","migration_verified","worker-airtrust/migrations/0382_create_sk76_semestral_sessions.sql","PF:AB","worker-airtrust/migrations/0382_create_sk76_semestral_sessions.sql"
"6","SK76-S-01/02","16","LOFT-NOT-16","AB","migration_verified","worker-airtrust/migrations/0382_create_sk76_semestral_sessions.sql","PF:AB","worker-airtrust/migrations/0382_create_sk76_semestral_sessions.sql"
"6","SK76-S-01/02","17","LOFT-NOT-17","AB","migration_verified","worker-airtrust/migrations/0382_create_sk76_semestral_sessions.sql","PF:AB","worker-airtrust/migrations/0382_create_sk76_semestral_sessions.sql"
"6","SK76-S-01/02","18","LOFT-NOT-18","AB","migration_verified","worker-airtrust/migrations/0382_create_sk76_semestral_sessions.sql","PF:AB","worker-airtrust/migrations/0382_create_sk76_semestral_sessions.sql"
"6","SK76-S-01/02","19","LOFT-NOT-19","AB","migration_verified","worker-airtrust/migrations/0382_create_sk76_semestral_sessions.sql","PF:AB","worker-airtrust/migrations/0382_create_sk76_semestral_sessions.sql"
"6","SK76-S-01/02","20","LOFT-NOT-20","AB","migration_verified","worker-airtrust/migrations/0382_create_sk76_semestral_sessions.sql","PF:AB","worker-airtrust/migrations/0382_create_sk76_semestral_sessions.sql"
"6","SK76-S-01/02","21","LOFT-NOT-21","AB","migration_verified","worker-airtrust/migrations/0382_create_sk76_semestral_sessions.sql","PF:AB","worker-airtrust/migrations/0382_create_sk76_semestral_sessions.sql"
"6","SK76-S-01/02","22","LOFT-NOT-22","AB","migration_verified","worker-airtrust/migrations/0382_create_sk76_semestral_sessions.sql","PF:AB","worker-airtrust/migrations/0382_create_sk76_semestral_sessions.sql"
"6","SK76-S-02/02","1","LOFT-CHK-01","AB","migration_verified","worker-airtrust/migrations/0382_create_sk76_semestral_sessions.sql","PF:AB","worker-airtrust/migrations/0382_create_sk76_semestral_sessions.sql"
"6","SK76-S-02/02","2","LOFT-CHK-02","AB","migration_verified","worker-airtrust/migrations/0382_create_sk76_semestral_sessions.sql","PF:AB","worker-airtrust/migrations/0382_create_sk76_semestral_sessions.sql"
"6","SK76-S-02/02","3","LOFT-CHK-03","AB","migration_verified","worker-airtrust/migrations/0382_create_sk76_semestral_sessions.sql","PF:AB","worker-airtrust/migrations/0382_create_sk76_semestral_sessions.sql"
"6","SK76-S-02/02","4","LOFT-CHK-04","AB","migration_verified","worker-airtrust/migrations/0382_create_sk76_semestral_sessions.sql","PF:AB","worker-airtrust/migrations/0382_create_sk76_semestral_sessions.sql"
"6","SK76-S-02/02","5","LOFT-CHK-05","AB","migration_verified","worker-airtrust/migrations/0382_create_sk76_semestral_sessions.sql","PF:AB","worker-airtrust/migrations/0382_create_sk76_semestral_sessions.sql"
"6","SK76-S-02/02","6","LOFT-CHK-06","AB","migration_verified","worker-airtrust/migrations/0382_create_sk76_semestral_sessions.sql","PF:AB","worker-airtrust/migrations/0382_create_sk76_semestral_sessions.sql"
"6","SK76-S-02/02","7","LOFT-CHK-07","AB","migration_verified","worker-airtrust/migrations/0382_create_sk76_semestral_sessions.sql","PF:AB","worker-airtrust/migrations/0382_create_sk76_semestral_sessions.sql"
"6","SK76-S-02/02","8","LOFT-CHK-08","AB","migration_verified","worker-airtrust/migrations/0382_create_sk76_semestral_sessions.sql","PF:AB","worker-airtrust/migrations/0382_create_sk76_semestral_sessions.sql"
"6","SK76-S-02/02","9","LOFT-CHK-09","AB","migration_verified","worker-airtrust/migrations/0382_create_sk76_semestral_sessions.sql","PF:AB","worker-airtrust/migrations/0382_create_sk76_semestral_sessions.sql"
"6","SK76-S-02/02","10","LOFT-CHK-10","AB","migration_verified","worker-airtrust/migrations/0382_create_sk76_semestral_sessions.sql","PF:AB","worker-airtrust/migrations/0382_create_sk76_semestral_sessions.sql"
"6","SK76-S-02/02","11","LOFT-CHK-11","AB","migration_verified","worker-airtrust/migrations/0382_create_sk76_semestral_sessions.sql","PF:AB","worker-airtrust/migrations/0382_create_sk76_semestral_sessions.sql"
"6","SK76-S-02/02","12","LOFT-CHK-12","AB","migration_verified","worker-airtrust/migrations/0382_create_sk76_semestral_sessions.sql","PF:AB","worker-airtrust/migrations/0382_create_sk76_semestral_sessions.sql"
"6","SK76-S-02/02","13","LOFT-CHK-13","AB","migration_verified","worker-airtrust/migrations/0382_create_sk76_semestral_sessions.sql","PF:AB","worker-airtrust/migrations/0382_create_sk76_semestral_sessions.sql"
"6","SK76-S-02/02","14","LOFT-CHK-14","AB","migration_verified","worker-airtrust/migrations/0382_create_sk76_semestral_sessions.sql","PF:AB","worker-airtrust/migrations/0382_create_sk76_semestral_sessions.sql"
"6","SK76-S-02/02","15","LOFT-CHK-15","AB","migration_verified","worker-airtrust/migrations/0382_create_sk76_semestral_sessions.sql","PF:AB","worker-airtrust/migrations/0382_create_sk76_semestral_sessions.sql"
"6","SK76-S-02/02","16","LOFT-CHK-16","AB","migration_verified","worker-airtrust/migrations/0382_create_sk76_semestral_sessions.sql","PF:AB","worker-airtrust/migrations/0382_create_sk76_semestral_sessions.sql"
"6","SK76-S-02/02","17","LOFT-CHK-17","AB","migration_verified","worker-airtrust/migrations/0382_create_sk76_semestral_sessions.sql","PF:AB","worker-airtrust/migrations/0382_create_sk76_semestral_sessions.sql"
"6","SK76-S-02/02","18","LOFT-CHK-18","AB","migration_verified","worker-airtrust/migrations/0382_create_sk76_semestral_sessions.sql","PF:AB","worker-airtrust/migrations/0382_create_sk76_semestral_sessions.sql"
"6","SK76-S-02/02","19","LOFT-CHK-19","AB","migration_verified","worker-airtrust/migrations/0382_create_sk76_semestral_sessions.sql","PF:AB","worker-airtrust/migrations/0382_create_sk76_semestral_sessions.sql"
"6","SK76-S-02/02","20","LOFT-CHK-20","AB","migration_verified","worker-airtrust/migrations/0382_create_sk76_semestral_sessions.sql","PF:AB","worker-airtrust/migrations/0382_create_sk76_semestral_sessions.sql"
"6","SK76-S-02/02","21","LOFT-CHK-21","AB","migration_verified","worker-airtrust/migrations/0382_create_sk76_semestral_sessions.sql","PF:AB","worker-airtrust/migrations/0382_create_sk76_semestral_sessions.sql"
"6","SK76-S-02/02","22","LOFT-CHK-22","AB","migration_verified","worker-airtrust/migrations/0382_create_sk76_semestral_sessions.sql","PF:AB","worker-airtrust/migrations/0382_create_sk76_semestral_sessions.sql"
"6","TRE-INST","1","INV-CGE-01","AB","pto_visual_verified","responsavel_operacional_confirmado_2026-06-16:AB","","worker-airtrust/migrations/0296_fap07_fap13_manobras.sql"
"6","TRE-INST","2","INV-CGE-02","AB","pto_visual_verified","responsavel_operacional_confirmado_2026-06-16:AB","","worker-airtrust/migrations/0296_fap07_fap13_manobras.sql"
"6","TRE-INST","3","INV-CGE-03","AB","pto_visual_verified","responsavel_operacional_confirmado_2026-06-16:AB","","worker-airtrust/migrations/0296_fap07_fap13_manobras.sql"
"6","TRE-INST","4","INV-CGE-04","AB","pto_visual_verified","responsavel_operacional_confirmado_2026-06-16:AB","","worker-airtrust/migrations/0296_fap07_fap13_manobras.sql"
"6","TRE-INST","5","INV-CGE-05","AB","pto_visual_verified","responsavel_operacional_confirmado_2026-06-16:AB","","worker-airtrust/migrations/0296_fap07_fap13_manobras.sql"
"6","TRE-INST","6","INV-INS-01","AB","pto_visual_verified","responsavel_operacional_confirmado_2026-06-16:AB","","worker-airtrust/migrations/0296_fap07_fap13_manobras.sql"
"6","TRE-INST","7","INV-INS-02","AB","pto_visual_verified","responsavel_operacional_confirmado_2026-06-16:AB","","worker-airtrust/migrations/0296_fap07_fap13_manobras.sql"
"6","TRE-INST","8","INV-INS-03","AB","pto_visual_verified","responsavel_operacional_confirmado_2026-06-16:AB","","worker-airtrust/migrations/0296_fap07_fap13_manobras.sql"
"6","TRE-INST","9","INV-INS-04","AB","pto_visual_verified","responsavel_operacional_confirmado_2026-06-16:AB","","worker-airtrust/migrations/0296_fap07_fap13_manobras.sql"
"6","TRE-INST","10","INV-INS-05","AB","pto_visual_verified","responsavel_operacional_confirmado_2026-06-16:AB","","worker-airtrust/migrations/0296_fap07_fap13_manobras.sql"
"6","TRE-INST","11","INV-INS-06","AB","pto_visual_verified","responsavel_operacional_confirmado_2026-06-16:AB","","worker-airtrust/migrations/0296_fap07_fap13_manobras.sql"
"6","TRE-INST","12","INV-INS-07","AB","pto_visual_verified","responsavel_operacional_confirmado_2026-06-16:AB","","worker-airtrust/migrations/0296_fap07_fap13_manobras.sql"
"6","TRE-INST","13","INV-INS-08","AB","pto_visual_verified","responsavel_operacional_confirmado_2026-06-16:AB","","worker-airtrust/migrations/0296_fap07_fap13_manobras.sql"
"6","TRE-INST","14","INV-MAN-01","AB","pto_visual_verified","responsavel_operacional_confirmado_2026-06-16:AB","","worker-airtrust/migrations/0296_fap07_fap13_manobras.sql"
"6","TRE-INST","15","INV-MAN-02","AB","pto_visual_verified","responsavel_operacional_confirmado_2026-06-16:AB","","worker-airtrust/migrations/0296_fap07_fap13_manobras.sql"
"6","TRE-INST","16","INV-MAN-03","AB","pto_visual_verified","responsavel_operacional_confirmado_2026-06-16:AB","","worker-airtrust/migrations/0296_fap07_fap13_manobras.sql"
"6","TRE-INST","17","INV-MAN-04","AB","pto_visual_verified","responsavel_operacional_confirmado_2026-06-16:AB","","worker-airtrust/migrations/0296_fap07_fap13_manobras.sql"
"6","TRE-INST","18","INV-CRM-01","AB","pto_visual_verified","responsavel_operacional_confirmado_2026-06-16:AB","","worker-airtrust/migrations/0296_fap07_fap13_manobras.sql"
"6","TRE-INST","19","INV-CRM-02","AB","pto_visual_verified","responsavel_operacional_confirmado_2026-06-16:AB","","worker-airtrust/migrations/0296_fap07_fap13_manobras.sql"
"6","TRE-INST","20","INV-CRM-03","AB","pto_visual_verified","responsavel_operacional_confirmado_2026-06-16:AB","","worker-airtrust/migrations/0296_fap07_fap13_manobras.sql"
"6","TRE-INST","21","INV-CRM-04","AB","pto_visual_verified","responsavel_operacional_confirmado_2026-06-16:AB","","worker-airtrust/migrations/0296_fap07_fap13_manobras.sql"
"6","TRE-INST","22","INV-CRM-05","AB","pto_visual_verified","responsavel_operacional_confirmado_2026-06-16:AB","","worker-airtrust/migrations/0296_fap07_fap13_manobras.sql"
