aeronave_ou_escopo,manobra_codigo_atual,manobra_nome_atual,categoria,tipo_conteudo,aplicabilidade,referencia_pto,referencia_normativa,modelos_que_utilizam,quantidade_de_modelos,observacao_documental
AW139,A139-APP-01,Precision approach,PROCEDIMENTOS,PROCEDIMENTO_NORMAL,AW139,docs/vendor/pto/relacao_manobras_pto_rev10_ocr.md + docs/analysis/NOTECHS_MODELOS_MANOBRAS_MATRIX_20260702.csv (baseline anterior) | docs/vendor/pto/relacao_manobras_pto_rev10_ocr.md:pages=109-111 (codigos de modelo antigos),,A139-I-05/12; A139-I-07/12; A139-I-09/12; A139-I-10/12; A139-P-02/04-C1; A139-P-02/04-C2; A139-P-02/04-C3; A139-REQ-01; A139-S-02/02,9,Codigo e nome canonicos do snapshot 2026-07-15; usar diretamente na revisao do PTO; o changeset 2026-07-15 e parcial e nao substitui este registro.
AW139,A139-APP-02,Non-precision approach,PROCEDIMENTOS,PROCEDIMENTO_NORMAL,AW139,docs/vendor/pto/relacao_manobras_pto_rev10_ocr.md + docs/analysis/NOTECHS_MODELOS_MANOBRAS_MATRIX_20260702.csv (baseline anterior) | docs/vendor/pto/relacao_manobras_pto_rev10_ocr.md:pages=109-111 (codigos de modelo antigos),,A139-I-05/12; A139-I-07/12; A139-P-02/04-C1; A139-P-02/04-C2; A139-P-02/04-C3; A139-S-02/02,6,Codigo e nome canonicos do snapshot 2026-07-15; usar diretamente na revisao do PTO; o changeset 2026-07-15 e parcial e nao substitui este registro.
AW139,A139-APP-03,Missed approach,PROCEDIMENTOS,PROCEDIMENTO_NORMAL,AW139,docs/vendor/pto/relacao_manobras_pto_rev10_ocr.md + docs/analysis/NOTECHS_MODELOS_MANOBRAS_MATRIX_20260702.csv (baseline anterior) | docs/vendor/pto/relacao_manobras_pto_rev10_ocr.md:pages=109-111 (codigos de modelo antigos),,A139-I-05/12; A139-I-09/12; A139-I-10/12; A139-P-02/04-C1; A139-P-02/04-C2; A139-P-02/04-C3; A139-REQ-01; A139-S-02/02,8,Codigo e nome canonicos do snapshot 2026-07-15; usar diretamente na revisao do PTO; o changeset 2026-07-15 e parcial e nao substitui este registro.
AW139,A139-APP-04,Aproximação grande ângulo,PROCEDIMENTOS,PROCEDIMENTO_NORMAL,AW139,docs/vendor/pto/relacao_manobras_pto_rev10_ocr.md + docs/analysis/NOTECHS_MODELOS_MANOBRAS_MATRIX_20260702.csv (baseline anterior),,A139-I-05/12; A139-I-10/12; A139-REQ-01,3,Codigo e nome canonicos do snapshot 2026-07-15; usar diretamente na revisao do PTO; o changeset 2026-07-15 e parcial e nao substitui este registro.
AW139,A139-CHK-01,Performance e Cálculos de Decolagem IFR,PRE,BRIEFING,AW139,NAO_LOCALIZADO_NA_REVISAO_PTO_VERSIONADA | docs/vendor/pto/relacao_manobras_pto_rev10_ocr.md + docs/analysis/NOTECHS_MODELOS_MANOBRAS_MATRIX_20260702.csv (baseline anterior),,A139-I-11/12; A139-I-12/12; A139-P-04/04-CHECK,3,Codigo e nome canonicos do snapshot 2026-07-15; usar diretamente na revisao do PTO; o changeset 2026-07-15 e parcial e nao substitui este registro.
AW139,A139-CHK-02,"Planejamento IFR, Mínimos e Alternado",PRE,BRIEFING,AW139,NAO_LOCALIZADO_NA_REVISAO_PTO_VERSIONADA | docs/vendor/pto/relacao_manobras_pto_rev10_ocr.md + docs/analysis/NOTECHS_MODELOS_MANOBRAS_MATRIX_20260702.csv (baseline anterior),,A139-I-11/12; A139-I-12/12; A139-P-04/04-CHECK,3,Codigo e nome canonicos do snapshot 2026-07-15; usar diretamente na revisao do PTO; o changeset 2026-07-15 e parcial e nao substitui este registro.
AW139,A139-CHK-03,Configuração Completa do FMS,PRE,BRIEFING,AW139,NAO_LOCALIZADO_NA_REVISAO_PTO_VERSIONADA | docs/vendor/pto/relacao_manobras_pto_rev10_ocr.md + docs/analysis/NOTECHS_MODELOS_MANOBRAS_MATRIX_20260702.csv (baseline anterior),,A139-I-11/12; A139-I-12/12; A139-P-04/04-CHECK,3,Codigo e nome canonicos do snapshot 2026-07-15; usar diretamente na revisao do PTO; o changeset 2026-07-15 e parcial e nao substitui este registro.
AW139,A139-CHK-04,"Briefing de Missão, TEM e Critérios de Decisão",PRE,BRIEFING,AW139,docs/vendor/pto/relacao_manobras_pto_rev10_ocr.md + docs/analysis/NOTECHS_MODELOS_MANOBRAS_MATRIX_20260702.csv (baseline anterior),,A139-I-11/12,1,Codigo e nome canonicos do snapshot 2026-07-15; usar diretamente na revisao do PTO; o changeset 2026-07-15 e parcial e nao substitui este registro.
AW139,A139-CHK-05,"Inspeção, Acionamento e Checklists",SOL,PROCEDIMENTO_NORMAL,AW139,NAO_LOCALIZADO_NA_REVISAO_PTO_VERSIONADA | docs/vendor/pto/relacao_manobras_pto_rev10_ocr.md + docs/analysis/NOTECHS_MODELOS_MANOBRAS_MATRIX_20260702.csv (baseline anterior),,A139-I-11/12; A139-I-12/12; A139-P-04/04-CHECK,3,Codigo e nome canonicos do snapshot 2026-07-15; usar diretamente na revisao do PTO; o changeset 2026-07-15 e parcial e nao substitui este registro.
AW139,A139-CHK-06,Hover Check e Taxi IFR,SOL,PROCEDIMENTO_NORMAL,AW139,NAO_LOCALIZADO_NA_REVISAO_PTO_VERSIONADA | docs/vendor/pto/relacao_manobras_pto_rev10_ocr.md + docs/analysis/NOTECHS_MODELOS_MANOBRAS_MATRIX_20260702.csv (baseline anterior),,A139-I-11/12; A139-I-12/12; A139-P-04/04-CHECK,3,Codigo e nome canonicos do snapshot 2026-07-15; usar diretamente na revisao do PTO; o changeset 2026-07-15 e parcial e nao substitui este registro.
AW139,A139-CHK-07,Decolagem IFR — Perfil CAT A em IMC,SOL,PROCEDIMENTO_NORMAL,AW139,NAO_LOCALIZADO_NA_REVISAO_PTO_VERSIONADA | docs/vendor/pto/relacao_manobras_pto_rev10_ocr.md + docs/analysis/NOTECHS_MODELOS_MANOBRAS_MATRIX_20260702.csv (baseline anterior),,A139-I-11/12; A139-I-12/12; A139-P-04/04-CHECK,3,Codigo e nome canonicos do snapshot 2026-07-15; usar diretamente na revisao do PTO; o changeset 2026-07-15 e parcial e nao substitui este registro.
AW139,A139-CHK-08,OEI Pós-TDP — Fly-Away Monomotor IFR,EME,EMERGENCIA,AW139,NAO_LOCALIZADO_NA_REVISAO_PTO_VERSIONADA | docs/vendor/pto/relacao_manobras_pto_rev10_ocr.md + docs/analysis/NOTECHS_MODELOS_MANOBRAS_MATRIX_20260702.csv (baseline anterior),,A139-I-11/12; A139-I-12/12; A139-P-04/04-CHECK,3,Codigo e nome canonicos do snapshot 2026-07-15; usar diretamente na revisao do PTO; o changeset 2026-07-15 e parcial e nao substitui este registro.
AW139,A139-CHK-09,Navegação IFR en Route e Gestão de FMS,VOO,PROCEDIMENTO_NORMAL,AW139,NAO_LOCALIZADO_NA_REVISAO_PTO_VERSIONADA | docs/vendor/pto/relacao_manobras_pto_rev10_ocr.md + docs/analysis/NOTECHS_MODELOS_MANOBRAS_MATRIX_20260702.csv (baseline anterior),,A139-I-11/12; A139-I-12/12; A139-P-04/04-CHECK,3,Codigo e nome canonicos do snapshot 2026-07-15; usar diretamente na revisao do PTO; o changeset 2026-07-15 e parcial e nao substitui este registro.
AW139,A139-CHK-10,Monitoramento de Sistemas e Path Monitoring,VOO,PROCEDIMENTO_NORMAL,AW139,NAO_LOCALIZADO_NA_REVISAO_PTO_VERSIONADA | docs/vendor/pto/relacao_manobras_pto_rev10_ocr.md + docs/analysis/NOTECHS_MODELOS_MANOBRAS_MATRIX_20260702.csv (baseline anterior),,A139-I-11/12; A139-I-12/12; A139-P-04/04-CHECK,3,Codigo e nome canonicos do snapshot 2026-07-15; usar diretamente na revisao do PTO; o changeset 2026-07-15 e parcial e nao substitui este registro.
AW139,A139-CHK-11,Gestão de Falha de Sistema em Rota,EME,EMERGENCIA,AW139,NAO_LOCALIZADO_NA_REVISAO_PTO_VERSIONADA | docs/vendor/pto/relacao_manobras_pto_rev10_ocr.md + docs/analysis/NOTECHS_MODELOS_MANOBRAS_MATRIX_20260702.csv (baseline anterior),,A139-I-11/12; A139-I-12/12; A139-P-04/04-CHECK,3,Codigo e nome canonicos do snapshot 2026-07-15; usar diretamente na revisao do PTO; o changeset 2026-07-15 e parcial e nao substitui este registro.
AW139,A139-CHK-12,Chegada STAR/RNAV e Descida para Aproximação,APR,PROCEDIMENTO_NORMAL,AW139,NAO_LOCALIZADO_NA_REVISAO_PTO_VERSIONADA | docs/vendor/pto/relacao_manobras_pto_rev10_ocr.md + docs/analysis/NOTECHS_MODELOS_MANOBRAS_MATRIX_20260702.csv (baseline anterior),,A139-I-11/12; A139-I-12/12; A139-P-04/04-CHECK,3,Codigo e nome canonicos do snapshot 2026-07-15; usar diretamente na revisao do PTO; o changeset 2026-07-15 e parcial e nao substitui este registro.
AW139,A139-CHK-13,Procedimento de Espera IFR (Holding),APR,PROCEDIMENTO_NORMAL,AW139,NAO_LOCALIZADO_NA_REVISAO_PTO_VERSIONADA | docs/vendor/pto/relacao_manobras_pto_rev10_ocr.md + docs/analysis/NOTECHS_MODELOS_MANOBRAS_MATRIX_20260702.csv (baseline anterior),,A139-I-11/12; A139-I-12/12; A139-P-04/04-CHECK,3,Codigo e nome canonicos do snapshot 2026-07-15; usar diretamente na revisao do PTO; o changeset 2026-07-15 e parcial e nao substitui este registro.
AW139,A139-CHK-14,Aproximação Não-Precisão — RNAV ou VOR,APR,PROCEDIMENTO_NORMAL,AW139,NAO_LOCALIZADO_NA_REVISAO_PTO_VERSIONADA | docs/vendor/pto/relacao_manobras_pto_rev10_ocr.md + docs/analysis/NOTECHS_MODELOS_MANOBRAS_MATRIX_20260702.csv (baseline anterior),,A139-I-11/12; A139-I-12/12; A139-P-04/04-CHECK,3,Codigo e nome canonicos do snapshot 2026-07-15; usar diretamente na revisao do PTO; o changeset 2026-07-15 e parcial e nao substitui este registro.
AW139,A139-CHK-15,Arremetida por Abaixo dos Mínimos (NPA),APR,PROCEDIMENTO_NORMAL,AW139,NAO_LOCALIZADO_NA_REVISAO_PTO_VERSIONADA | docs/vendor/pto/relacao_manobras_pto_rev10_ocr.md + docs/analysis/NOTECHS_MODELOS_MANOBRAS_MATRIX_20260702.csv (baseline anterior),,A139-I-11/12; A139-I-12/12; A139-P-04/04-CHECK,3,Codigo e nome canonicos do snapshot 2026-07-15; usar diretamente na revisao do PTO; o changeset 2026-07-15 e parcial e nao substitui este registro.
AW139,A139-CHK-17,Setup e Briefing para ILS,APR,BRIEFING,AW139,NAO_LOCALIZADO_NA_REVISAO_PTO_VERSIONADA | docs/vendor/pto/relacao_manobras_pto_rev10_ocr.md + docs/analysis/NOTECHS_MODELOS_MANOBRAS_MATRIX_20260702.csv (baseline anterior),,A139-I-11/12; A139-I-12/12; A139-P-04/04-CHECK,3,Codigo e nome canonicos do snapshot 2026-07-15; usar diretamente na revisao do PTO; o changeset 2026-07-15 e parcial e nao substitui este registro.
AW139,A139-CHK-18,Aproximação ILS — Final e Decisão na DA,APR,PROCEDIMENTO_NORMAL,AW139,NAO_LOCALIZADO_NA_REVISAO_PTO_VERSIONADA | docs/vendor/pto/relacao_manobras_pto_rev10_ocr.md + docs/analysis/NOTECHS_MODELOS_MANOBRAS_MATRIX_20260702.csv (baseline anterior),,A139-I-11/12; A139-I-12/12; A139-P-04/04-CHECK,3,Codigo e nome canonicos do snapshot 2026-07-15; usar diretamente na revisao do PTO; o changeset 2026-07-15 e parcial e nao substitui este registro.
AW139,A139-CHK-19,Pouso no Alternado e Procedimentos Pós-Voo,APR,PROCEDIMENTO_NORMAL,AW139,NAO_LOCALIZADO_NA_REVISAO_PTO_VERSIONADA | docs/vendor/pto/relacao_manobras_pto_rev10_ocr.md + docs/analysis/NOTECHS_MODELOS_MANOBRAS_MATRIX_20260702.csv (baseline anterior),,A139-I-11/12; A139-I-12/12; A139-P-04/04-CHECK,3,Codigo e nome canonicos do snapshot 2026-07-15; usar diretamente na revisao do PTO; o changeset 2026-07-15 e parcial e nao substitui este registro.
AW139,A139-CHK-23,Painel limitado / falha de instrumentos IFR,LOFT,EMERGENCIA,SK76,NAO_LOCALIZADO_NA_REVISAO_PTO_VERSIONADA | docs/vendor/pto/relacao_manobras_pto_rev10_ocr.md + docs/analysis/NOTECHS_MODELOS_MANOBRAS_MATRIX_20260702.csv (baseline anterior),,A139-I-12/12; A139-P-04/04-CHECK,2,Codigo e nome canonicos do snapshot 2026-07-15; usar diretamente na revisao do PTO; o changeset 2026-07-15 e parcial e nao substitui este registro.
AW139,A139-CRM-20,Consciência Situacional em Voo Noturno,CRM,CRM,AW139,docs/vendor/pto/relacao_manobras_pto_rev10_ocr.md + docs/analysis/NOTECHS_MODELOS_MANOBRAS_MATRIX_20260702.csv (baseline anterior),,A139-NOT-01,1,Codigo e nome canonicos do snapshot 2026-07-15; usar diretamente na revisao do PTO; o changeset 2026-07-15 e parcial e nao substitui este registro.
AW139,A139-CRM-22,Comunicação Noturna — ATC e Rádio Plataforma,CRM,CRM,AW139,docs/vendor/pto/relacao_manobras_pto_rev10_ocr.md + docs/analysis/NOTECHS_MODELOS_MANOBRAS_MATRIX_20260702.csv (baseline anterior),,A139-NOT-02,1,Codigo e nome canonicos do snapshot 2026-07-15; usar diretamente na revisao do PTO; o changeset 2026-07-15 e parcial e nao substitui este registro.
AW139,A139-EME-01,Perfil OEI noturno,EMERGENCIA,EMERGENCIA,AW139,docs/vendor/pto/relacao_manobras_pto_rev10_ocr.md + docs/analysis/NOTECHS_MODELOS_MANOBRAS_MATRIX_20260702.csv (baseline anterior),,A139-I-06/12; A139-REQ-01,2,Codigo e nome canonicos do snapshot 2026-07-15; usar diretamente na revisao do PTO; o changeset 2026-07-15 e parcial e nao substitui este registro.
AW139,A139-EME-02,Flare e recuperação avançada da autorrotação,EMERGENCIA,EMERGENCIA,AW139,docs/vendor/pto/relacao_manobras_pto_rev10_ocr.md + docs/analysis/NOTECHS_MODELOS_MANOBRAS_MATRIX_20260702.csv (baseline anterior),,A139-I-08/12,1,Codigo e nome canonicos do snapshot 2026-07-15; usar diretamente na revisao do PTO; o changeset 2026-07-15 e parcial e nao substitui este registro.
AW139,A139-EME-02A,Gerenciamento avançado de energia e RPM em flare/recuperação,EMERGENCIA,EMERGENCIA,AW139,docs/vendor/pto/relacao_manobras_pto_rev10_ocr.md + docs/analysis/NOTECHS_MODELOS_MANOBRAS_MATRIX_20260702.csv (baseline anterior),,A139-I-08/12,1,Codigo e nome canonicos do snapshot 2026-07-15; usar diretamente na revisao do PTO; o changeset 2026-07-15 e parcial e nao substitui este registro.
AW139,A139-EME-12,Diagnóstico: GEN 1 FAIL em Voo Noturno,EME,EMERGENCIA,AW139,docs/vendor/pto/relacao_manobras_pto_rev10_ocr.md + docs/analysis/NOTECHS_MODELOS_MANOBRAS_MATRIX_20260702.csv (baseline anterior),,A139-S-01/02,1,Codigo e nome canonicos do snapshot 2026-07-15; usar diretamente na revisao do PTO; o changeset 2026-07-15 e parcial e nao substitui este registro.
AW139,A139-EME-13,Procedimentos Elétricos (Memória + QRH),EME,EMERGENCIA,AW139,docs/vendor/pto/relacao_manobras_pto_rev10_ocr.md + docs/analysis/NOTECHS_MODELOS_MANOBRAS_MATRIX_20260702.csv (baseline anterior),,A139-S-01/02,1,Codigo e nome canonicos do snapshot 2026-07-15; usar diretamente na revisao do PTO; o changeset 2026-07-15 e parcial e nao substitui este registro.
AW139,A139-EME-14,Decisão com Sistema Elétrico Degradado,EME,EMERGENCIA,AW139,docs/vendor/pto/relacao_manobras_pto_rev10_ocr.md + docs/analysis/NOTECHS_MODELOS_MANOBRAS_MATRIX_20260702.csv (baseline anterior),,A139-S-01/02,1,Codigo e nome canonicos do snapshot 2026-07-15; usar diretamente na revisao do PTO; o changeset 2026-07-15 e parcial e nao substitui este registro.
AW139,A139-EME-30,Autorotação Noturna — Área Segura,Gestão de Falhas e Emergências (EME),EMERGENCIA,AW139,docs/vendor/pto/relacao_manobras_pto_rev10_ocr.md + docs/analysis/NOTECHS_MODELOS_MANOBRAS_MATRIX_20260702.csv (baseline anterior),,A139-NOT-01,1,Codigo e nome canonicos do snapshot 2026-07-15; usar diretamente na revisao do PTO; o changeset 2026-07-15 e parcial e nao substitui este registro.
AW139,A139-EME-31,Black Hole Effect — Correção e Recuperação,Gestão de Falhas e Emergências (EME),EMERGENCIA,AW139,docs/vendor/pto/relacao_manobras_pto_rev10_ocr.md + docs/analysis/NOTECHS_MODELOS_MANOBRAS_MATRIX_20260702.csv (baseline anterior),,A139-NOT-01,1,Codigo e nome canonicos do snapshot 2026-07-15; usar diretamente na revisao do PTO; o changeset 2026-07-15 e parcial e nao substitui este registro.
AW139,A139-NAV-01,Navegação FMS & convencional,PROCEDIMENTOS,PROCEDIMENTO_NORMAL,AW139,docs/vendor/pto/relacao_manobras_pto_rev10_ocr.md + docs/analysis/NOTECHS_MODELOS_MANOBRAS_MATRIX_20260702.csv (baseline anterior) | docs/vendor/pto/relacao_manobras_pto_rev10_ocr.md:pages=109-111 (codigos de modelo antigos),,A139-I-05/12; A139-I-10/12; A139-P-02/04-C1; A139-P-02/04-C2; A139-P-02/04-C3; A139-S-02/02,6,Codigo e nome canonicos do snapshot 2026-07-15; usar diretamente na revisao do PTO; o changeset 2026-07-15 e parcial e nao substitui este registro.
AW139,A139-NAV-02,Uso AP & automação,PROCEDIMENTOS,PROCEDIMENTO_NORMAL,AW139,docs/vendor/pto/relacao_manobras_pto_rev10_ocr.md + docs/analysis/NOTECHS_MODELOS_MANOBRAS_MATRIX_20260702.csv (baseline anterior) | docs/vendor/pto/relacao_manobras_pto_rev10_ocr.md:pages=109-111 (codigos de modelo antigos),,A139-I-04/12; A139-I-05/12; A139-I-10/12; A139-P-02/04-C1; A139-P-02/04-C2; A139-P-02/04-C3; A139-REQ-01; A139-S-02/02,8,Codigo e nome canonicos do snapshot 2026-07-15; usar diretamente na revisao do PTO; o changeset 2026-07-15 e parcial e nao substitui este registro.
AW139,A139-NAV-03,Holding pattern,PROCEDIMENTOS,PROCEDIMENTO_NORMAL,AW139,docs/vendor/pto/relacao_manobras_pto_rev10_ocr.md + docs/analysis/NOTECHS_MODELOS_MANOBRAS_MATRIX_20260702.csv (baseline anterior) | docs/vendor/pto/relacao_manobras_pto_rev10_ocr.md:pages=109-111 (codigos de modelo antigos),,A139-I-05/12; A139-P-02/04-C1; A139-P-02/04-C2; A139-P-02/04-C3; A139-S-02/02,5,Codigo e nome canonicos do snapshot 2026-07-15; usar diretamente na revisao do PTO; o changeset 2026-07-15 e parcial e nao substitui este registro.
AW139,A139-NAV-04,SID & STAR,PROCEDIMENTOS,PROCEDIMENTO_NORMAL,AW139,docs/vendor/pto/relacao_manobras_pto_rev10_ocr.md + docs/analysis/NOTECHS_MODELOS_MANOBRAS_MATRIX_20260702.csv (baseline anterior) | docs/vendor/pto/relacao_manobras_pto_rev10_ocr.md:pages=109-111 (codigos de modelo antigos),,A139-I-05/12; A139-P-02/04-C1; A139-P-02/04-C2; A139-S-02/02,4,Codigo e nome canonicos do snapshot 2026-07-15; usar diretamente na revisao do PTO; o changeset 2026-07-15 e parcial e nao substitui este registro.
AW139,A139-NOT-08,Configuração de Cockpit Noturno,VOO,PROCEDIMENTO_NORMAL,AW139,docs/vendor/pto/relacao_manobras_pto_rev10_ocr.md + docs/analysis/NOTECHS_MODELOS_MANOBRAS_MATRIX_20260702.csv (baseline anterior),,A139-NOT-01,1,Codigo e nome canonicos do snapshot 2026-07-15; usar diretamente na revisao do PTO; o changeset 2026-07-15 e parcial e nao substitui este registro.
AW139,A139-NOT-09,Gestão de Automação Noturna,VOO,PROCEDIMENTO_NORMAL,AW139,docs/vendor/pto/relacao_manobras_pto_rev10_ocr.md + docs/analysis/NOTECHS_MODELOS_MANOBRAS_MATRIX_20260702.csv (baseline anterior),,A139-NOT-01; A139-S-01/02,2,Codigo e nome canonicos do snapshot 2026-07-15; usar diretamente na revisao do PTO; o changeset 2026-07-15 e parcial e nao substitui este registro.
AW139,A139-NOT-10,Radar WX e TAWS à Noite,VOO,PROCEDIMENTO_NORMAL,AW139,docs/vendor/pto/relacao_manobras_pto_rev10_ocr.md + docs/analysis/NOTECHS_MODELOS_MANOBRAS_MATRIX_20260702.csv (baseline anterior),,A139-S-01/02,1,Codigo e nome canonicos do snapshot 2026-07-15; usar diretamente na revisao do PTO; o changeset 2026-07-15 e parcial e nao substitui este registro.
AW139,A139-NOT-11,Path Monitoring Noturno,VOO,PROCEDIMENTO_NORMAL,AW139,docs/vendor/pto/relacao_manobras_pto_rev10_ocr.md + docs/analysis/NOTECHS_MODELOS_MANOBRAS_MATRIX_20260702.csv (baseline anterior),,A139-NOT-01; A139-S-01/02,2,Codigo e nome canonicos do snapshot 2026-07-15; usar diretamente na revisao do PTO; o changeset 2026-07-15 e parcial e nao substitui este registro.
AW139,A139-NOT-15,Briefing de Aproximação Noturna,APR,BRIEFING,AW139,docs/vendor/pto/relacao_manobras_pto_rev10_ocr.md + docs/analysis/NOTECHS_MODELOS_MANOBRAS_MATRIX_20260702.csv (baseline anterior),,A139-NOT-01; A139-S-01/02,2,Codigo e nome canonicos do snapshot 2026-07-15; usar diretamente na revisao do PTO; o changeset 2026-07-15 e parcial e nao substitui este registro.
AW139,A139-NOT-16,Arremetida por Abaixo dos Mínimos (Noturna),APR,PROCEDIMENTO_NORMAL,AW139,docs/vendor/pto/relacao_manobras_pto_rev10_ocr.md + docs/analysis/NOTECHS_MODELOS_MANOBRAS_MATRIX_20260702.csv (baseline anterior),,A139-NOT-01; A139-S-01/02,2,Codigo e nome canonicos do snapshot 2026-07-15; usar diretamente na revisao do PTO; o changeset 2026-07-15 e parcial e nao substitui este registro.
AW139,A139-NOT-17,Navegação para Alternado IFR,APR,PROCEDIMENTO_NORMAL,AW139,docs/vendor/pto/relacao_manobras_pto_rev10_ocr.md + docs/analysis/NOTECHS_MODELOS_MANOBRAS_MATRIX_20260702.csv (baseline anterior),,A139-S-01/02,1,Codigo e nome canonicos do snapshot 2026-07-15; usar diretamente na revisao do PTO; o changeset 2026-07-15 e parcial e nao substitui este registro.
AW139,A139-NOT-18,Aproximação no Alternado — ILS ou RNAV,APR,PROCEDIMENTO_NORMAL,AW139,docs/vendor/pto/relacao_manobras_pto_rev10_ocr.md + docs/analysis/NOTECHS_MODELOS_MANOBRAS_MATRIX_20260702.csv (baseline anterior),,A139-S-01/02,1,Codigo e nome canonicos do snapshot 2026-07-15; usar diretamente na revisao do PTO; o changeset 2026-07-15 e parcial e nao substitui este registro.
AW139,A139-NOT-19,Pouso no Alternado e Pós-Voo,APR,PROCEDIMENTO_NORMAL,AW139,docs/vendor/pto/relacao_manobras_pto_rev10_ocr.md + docs/analysis/NOTECHS_MODELOS_MANOBRAS_MATRIX_20260702.csv (baseline anterior),,A139-S-01/02,1,Codigo e nome canonicos do snapshot 2026-07-15; usar diretamente na revisao do PTO; o changeset 2026-07-15 e parcial e nao substitui este registro.
AW139,A139-NOT-26,Base e Final Noturna — Referências Externas Degradadas,Aproximação e Pouso (APR),EMERGENCIA,AW139,docs/vendor/pto/relacao_manobras_pto_rev10_ocr.md + docs/analysis/NOTECHS_MODELOS_MANOBRAS_MATRIX_20260702.csv (baseline anterior),,A139-NOT-01,1,Codigo e nome canonicos do snapshot 2026-07-15; usar diretamente na revisao do PTO; o changeset 2026-07-15 e parcial e nao substitui este registro.
AW139,A139-NOT-27,Pouso Noturno no Helideck — Referência de Iluminação,Aproximação e Pouso (APR),NAO_CONFIRMADO,AW139,docs/vendor/pto/relacao_manobras_pto_rev10_ocr.md + docs/analysis/NOTECHS_MODELOS_MANOBRAS_MATRIX_20260702.csv (baseline anterior),,A139-NOT-02,1,Codigo e nome canonicos do snapshot 2026-07-15; usar diretamente na revisao do PTO; o changeset 2026-07-15 e parcial e nao substitui este registro.
AW139,A139-NOT-28,Arremetida Noturna — Helideck,Aproximação e Pouso (APR),NAO_CONFIRMADO,AW139,docs/vendor/pto/relacao_manobras_pto_rev10_ocr.md + docs/analysis/NOTECHS_MODELOS_MANOBRAS_MATRIX_20260702.csv (baseline anterior),,A139-NOT-02,1,Codigo e nome canonicos do snapshot 2026-07-15; usar diretamente na revisao do PTO; o changeset 2026-07-15 e parcial e nao substitui este registro.
AW139,A139-NRM-01,Procedimentos normais,PROCEDIMENTOS,PROCEDIMENTO_NORMAL,AW139,docs/vendor/pto/relacao_manobras_pto_rev10_ocr.md + docs/analysis/NOTECHS_MODELOS_MANOBRAS_MATRIX_20260702.csv (baseline anterior) | docs/vendor/pto/relacao_manobras_pto_rev10_ocr.md:pages=109-111 (codigos de modelo antigos),,A139-I-01/12; A139-I-04/12; A139-I-06/12; A139-P-01/04-C3; A139-P-02/04-C1; A139-P-02/04-C2; A139-P-02/04-C3; A139-REQ-01,8,Codigo e nome canonicos do snapshot 2026-07-15; usar diretamente na revisao do PTO; o changeset 2026-07-15 e parcial e nao substitui este registro.
AW139,A139-NRM-02,Decolagens & pousos,PROCEDIMENTOS,PROCEDIMENTO_NORMAL,AW139,docs/vendor/pto/relacao_manobras_pto_rev10_ocr.md + docs/analysis/NOTECHS_MODELOS_MANOBRAS_MATRIX_20260702.csv (baseline anterior) | docs/vendor/pto/relacao_manobras_pto_rev10_ocr.md:pages=109-111 (codigos de modelo antigos),,A139-I-01/12; A139-I-02/12; A139-I-04/12; A139-I-06/12; A139-I-07/12; A139-I-10/12; A139-P-01/04-C1; A139-P-01/04-C2; A139-P-01/04-C3; A139-REQ-01,10,Codigo e nome canonicos do snapshot 2026-07-15; usar diretamente na revisao do PTO; o changeset 2026-07-15 e parcial e nao substitui este registro.
AW139,A139-NRM-03,Circuito de tráfego,PROCEDIMENTOS,PROCEDIMENTO_NORMAL,AW139,docs/vendor/pto/relacao_manobras_pto_rev10_ocr.md + docs/analysis/NOTECHS_MODELOS_MANOBRAS_MATRIX_20260702.csv (baseline anterior) | docs/vendor/pto/relacao_manobras_pto_rev10_ocr.md:pages=109-111 (codigos de modelo antigos),,A139-I-01/12; A139-I-02/12; A139-P-01/04-C3,3,Codigo e nome canonicos do snapshot 2026-07-15; usar diretamente na revisao do PTO; o changeset 2026-07-15 e parcial e nao substitui este registro.
AW139,A139-OFF-01,Performance CAT A para Helideck,PRE,BRIEFING,AW139,NAO_LOCALIZADO_NA_REVISAO_PTO_VERSIONADA | docs/vendor/pto/relacao_manobras_pto_rev10_ocr.md + docs/analysis/NOTECHS_MODELOS_MANOBRAS_MATRIX_20260702.csv (baseline anterior),,A139-NOT-02; A139-P-03/04-OFFSHOR,2,Codigo e nome canonicos do snapshot 2026-07-15; usar diretamente na revisao do PTO; o changeset 2026-07-15 e parcial e nao substitui este registro.
AW139,A139-OFF-01A,Navegação offshore,PROCEDIMENTOS,PROCEDIMENTO_NORMAL,AW139,docs/vendor/pto/relacao_manobras_pto_rev10_ocr.md + docs/analysis/NOTECHS_MODELOS_MANOBRAS_MATRIX_20260702.csv (baseline anterior) | docs/vendor/pto/relacao_manobras_pto_rev10_ocr.md:pages=109-111 (codigos de modelo antigos),,A139-I-02/12; A139-I-10/12; A139-NOT-02; A139-P-01/04-C1,4,Codigo e nome canonicos do snapshot 2026-07-15; usar diretamente na revisao do PTO; o changeset 2026-07-15 e parcial e nao substitui este registro.
AW139,A139-OFF-02,Planejamento de Missão Offshore,PRE,BRIEFING,AW139,NAO_LOCALIZADO_NA_REVISAO_PTO_VERSIONADA | docs/vendor/pto/relacao_manobras_pto_rev10_ocr.md + docs/analysis/NOTECHS_MODELOS_MANOBRAS_MATRIX_20260702.csv (baseline anterior),,A139-NOT-02; A139-P-03/04-OFFSHOR,2,Codigo e nome canonicos do snapshot 2026-07-15; usar diretamente na revisao do PTO; o changeset 2026-07-15 e parcial e nao substitui este registro.
AW139,A139-OFF-02A,Aproximação offshore,PROCEDIMENTOS,PROCEDIMENTO_NORMAL,AW139,docs/vendor/pto/relacao_manobras_pto_rev10_ocr.md + docs/analysis/NOTECHS_MODELOS_MANOBRAS_MATRIX_20260702.csv (baseline anterior) | docs/vendor/pto/relacao_manobras_pto_rev10_ocr.md:pages=109-111 (codigos de modelo antigos),,A139-I-10/12; A139-NOT-02; A139-P-01/04-C2,3,Codigo e nome canonicos do snapshot 2026-07-15; usar diretamente na revisao do PTO; o changeset 2026-07-15 e parcial e nao substitui este registro.
AW139,A139-OFF-03A,Ditching / flutuabilidade AW139,TREINAMENTO,PROCEDIMENTO_NORMAL,AW139,docs/vendor/pto/relacao_manobras_pto_rev10_ocr.md + docs/analysis/NOTECHS_MODELOS_MANOBRAS_MATRIX_20260702.csv (baseline anterior),,A139-I-10/12,1,Codigo e nome canonicos do snapshot 2026-07-15; usar diretamente na revisao do PTO; o changeset 2026-07-15 e parcial e nao substitui este registro.
AW139,A139-OFF-04,Briefing Helideck e TEM,PRE,BRIEFING,AW139,NAO_LOCALIZADO_NA_REVISAO_PTO_VERSIONADA | docs/vendor/pto/relacao_manobras_pto_rev10_ocr.md + docs/analysis/NOTECHS_MODELOS_MANOBRAS_MATRIX_20260702.csv (baseline anterior),,A139-NOT-02; A139-P-03/04-OFFSHOR,2,Codigo e nome canonicos do snapshot 2026-07-15; usar diretamente na revisao do PTO; o changeset 2026-07-15 e parcial e nao substitui este registro.
AW139,A139-OFF-05,"Inspeção, Acionamento e Checklists",SOL,PROCEDIMENTO_NORMAL,AW139,NAO_LOCALIZADO_NA_REVISAO_PTO_VERSIONADA,,A139-P-03/04-OFFSHOR,1,Codigo e nome canonicos do snapshot 2026-07-15; usar diretamente na revisao do PTO; o changeset 2026-07-15 e parcial e nao substitui este registro.
AW139,A139-OFF-06,Hover Check e Taxi Costeiro,SOL,PROCEDIMENTO_NORMAL,AW139,NAO_LOCALIZADO_NA_REVISAO_PTO_VERSIONADA,,A139-P-03/04-OFFSHOR,1,Codigo e nome canonicos do snapshot 2026-07-15; usar diretamente na revisao do PTO; o changeset 2026-07-15 e parcial e nao substitui este registro.
AW139,A139-OFF-07,Decolagem CAT A — Clear Area ou Vertical,SOL,PROCEDIMENTO_NORMAL,AW139,NAO_LOCALIZADO_NA_REVISAO_PTO_VERSIONADA | docs/vendor/pto/relacao_manobras_pto_rev10_ocr.md + docs/analysis/NOTECHS_MODELOS_MANOBRAS_MATRIX_20260702.csv (baseline anterior),,A139-NOT-02; A139-P-03/04-OFFSHOR,2,Codigo e nome canonicos do snapshot 2026-07-15; usar diretamente na revisao do PTO; o changeset 2026-07-15 e parcial e nao substitui este registro.
AW139,A139-OFF-09,Navegação Offshore e Combustível,VOO,PROCEDIMENTO_NORMAL,AW139,NAO_LOCALIZADO_NA_REVISAO_PTO_VERSIONADA | docs/vendor/pto/relacao_manobras_pto_rev10_ocr.md + docs/analysis/NOTECHS_MODELOS_MANOBRAS_MATRIX_20260702.csv (baseline anterior),,A139-NOT-02; A139-P-03/04-OFFSHOR,2,Codigo e nome canonicos do snapshot 2026-07-15; usar diretamente na revisao do PTO; o changeset 2026-07-15 e parcial e nao substitui este registro.
AW139,A139-OFF-11,Diagnóstico: HYD 1 FAIL,EME,EMERGENCIA,AW139,NAO_LOCALIZADO_NA_REVISAO_PTO_VERSIONADA,,A139-P-03/04-OFFSHOR,1,Codigo e nome canonicos do snapshot 2026-07-15; usar diretamente na revisao do PTO; o changeset 2026-07-15 e parcial e nao substitui este registro.
AW139,A139-OFF-12,Procedimentos Hidráulicos (Memória + QRH),EME,EMERGENCIA,AW139,NAO_LOCALIZADO_NA_REVISAO_PTO_VERSIONADA,,A139-P-03/04-OFFSHOR,1,Codigo e nome canonicos do snapshot 2026-07-15; usar diretamente na revisao do PTO; o changeset 2026-07-15 e parcial e nao substitui este registro.
AW139,A139-OFF-13,Decisão com Sistema Hidráulico Degradado,EME,EMERGENCIA,AW139,NAO_LOCALIZADO_NA_REVISAO_PTO_VERSIONADA,,A139-P-03/04-OFFSHOR,1,Codigo e nome canonicos do snapshot 2026-07-15; usar diretamente na revisao do PTO; o changeset 2026-07-15 e parcial e nao substitui este registro.
AW139,A139-OFF-14,Briefing de Aproximação ao Helideck,APR,BRIEFING,AW139,NAO_LOCALIZADO_NA_REVISAO_PTO_VERSIONADA | docs/vendor/pto/relacao_manobras_pto_rev10_ocr.md + docs/analysis/NOTECHS_MODELOS_MANOBRAS_MATRIX_20260702.csv (baseline anterior),,A139-NOT-02; A139-P-03/04-OFFSHOR,2,Codigo e nome canonicos do snapshot 2026-07-15; usar diretamente na revisao do PTO; o changeset 2026-07-15 e parcial e nao substitui este registro.
AW139,A139-OFF-15,Pouso Normal no Helideck,APR,PROCEDIMENTO_NORMAL,AW139,NAO_LOCALIZADO_NA_REVISAO_PTO_VERSIONADA | docs/vendor/pto/relacao_manobras_pto_rev10_ocr.md + docs/analysis/NOTECHS_MODELOS_MANOBRAS_MATRIX_20260702.csv (baseline anterior),,A139-NOT-02; A139-P-03/04-OFFSHOR,2,Codigo e nome canonicos do snapshot 2026-07-15; usar diretamente na revisao do PTO; o changeset 2026-07-15 e parcial e nao substitui este registro.
AW139,A139-OFF-16,Gestão de Potência OEI — Limites e Monitoramento,EME,EMERGENCIA,AW139,NAO_LOCALIZADO_NA_REVISAO_PTO_VERSIONADA | docs/vendor/pto/relacao_manobras_pto_rev10_ocr.md + docs/analysis/NOTECHS_MODELOS_MANOBRAS_MATRIX_20260702.csv (baseline anterior),,A139-NOT-02; A139-P-03/04-OFFSHOR,2,Codigo e nome canonicos do snapshot 2026-07-15; usar diretamente na revisao do PTO; o changeset 2026-07-15 e parcial e nao substitui este registro.
AW139,A139-OFF-17,OEI Antes do TDP — Decolagem Rejeitada,APR,EMERGENCIA,AW139,NAO_LOCALIZADO_NA_REVISAO_PTO_VERSIONADA | docs/vendor/pto/relacao_manobras_pto_rev10_ocr.md + docs/analysis/NOTECHS_MODELOS_MANOBRAS_MATRIX_20260702.csv (baseline anterior),,A139-NOT-02; A139-P-03/04-OFFSHOR,2,Codigo e nome canonicos do snapshot 2026-07-15; usar diretamente na revisao do PTO; o changeset 2026-07-15 e parcial e nao substitui este registro.
AW139,A139-OFF-18,OEI Após o TDP — Fly-Away Monomotor,APR,EMERGENCIA,AW139,NAO_LOCALIZADO_NA_REVISAO_PTO_VERSIONADA | docs/vendor/pto/relacao_manobras_pto_rev10_ocr.md + docs/analysis/NOTECHS_MODELOS_MANOBRAS_MATRIX_20260702.csv (baseline anterior),,A139-NOT-02; A139-P-03/04-OFFSHOR,2,Codigo e nome canonicos do snapshot 2026-07-15; usar diretamente na revisao do PTO; o changeset 2026-07-15 e parcial e nao substitui este registro.
AW139,A139-OFF-19,OEI Antes do LDP — Arremetida Monomotor,APR,EMERGENCIA,AW139,NAO_LOCALIZADO_NA_REVISAO_PTO_VERSIONADA,,A139-P-03/04-OFFSHOR,1,Codigo e nome canonicos do snapshot 2026-07-15; usar diretamente na revisao do PTO; o changeset 2026-07-15 e parcial e nao substitui este registro.
AW139,A139-OFF-20,OEI Após o LDP — Pouso Comprometido,APR,EMERGENCIA,AW139,NAO_LOCALIZADO_NA_REVISAO_PTO_VERSIONADA | docs/vendor/pto/relacao_manobras_pto_rev10_ocr.md + docs/analysis/NOTECHS_MODELOS_MANOBRAS_MATRIX_20260702.csv (baseline anterior),,A139-NOT-02; A139-P-03/04-OFFSHOR,2,Codigo e nome canonicos do snapshot 2026-07-15; usar diretamente na revisao do PTO; o changeset 2026-07-15 e parcial e nao substitui este registro.
AW139,A139-OFF-21,Estabilização Final e Controle de Rampa OEI,APR,EMERGENCIA,AW139,NAO_LOCALIZADO_NA_REVISAO_PTO_VERSIONADA,,A139-P-03/04-OFFSHOR,1,Codigo e nome canonicos do snapshot 2026-07-15; usar diretamente na revisao do PTO; o changeset 2026-07-15 e parcial e nao substitui este registro.
AW139,A139-POU-01,Pouso normal,POUSO,PROCEDIMENTO_NORMAL,AW139,docs/vendor/pto/relacao_manobras_pto_rev10_ocr.md + docs/analysis/NOTECHS_MODELOS_MANOBRAS_MATRIX_20260702.csv (baseline anterior),,A139-I-01/12,1,Codigo e nome canonicos do snapshot 2026-07-15; usar diretamente na revisao do PTO; o changeset 2026-07-15 e parcial e nao substitui este registro.
AW139,A139-POU-01A,Pouso monomotor IFR,POUSO,PROCEDIMENTO_NORMAL,AW139,docs/vendor/pto/relacao_manobras_pto_rev10_ocr.md + docs/analysis/NOTECHS_MODELOS_MANOBRAS_MATRIX_20260702.csv (baseline anterior),,A139-I-06/12; A139-S-02/02,2,Codigo e nome canonicos do snapshot 2026-07-15; usar diretamente na revisao do PTO; o changeset 2026-07-15 e parcial e nao substitui este registro.
AW139,A139-PRC-01,Normal checklist — preparação noturna,PROCEDIMENTO,PROCEDIMENTO_NORMAL,AW139,docs/vendor/pto/relacao_manobras_pto_rev10_ocr.md + docs/analysis/NOTECHS_MODELOS_MANOBRAS_MATRIX_20260702.csv (baseline anterior),,A139-I-01/12; A139-I-02/12; A139-I-05/12; A139-NOT-01; A139-REQ-01; A139-S-02/02,6,Codigo e nome canonicos do snapshot 2026-07-15; usar diretamente na revisao do PTO; o changeset 2026-07-15 e parcial e nao substitui este registro.
AW139,A139-PRC-01A,Localização guiada de procedimento no QRH sem execução de emergência,PROCEDIMENTO,EMERGENCIA,AW139,docs/vendor/pto/relacao_manobras_pto_rev10_ocr.md + docs/analysis/NOTECHS_MODELOS_MANOBRAS_MATRIX_20260702.csv (baseline anterior),,A139-I-01/12,1,Codigo e nome canonicos do snapshot 2026-07-15; usar diretamente na revisao do PTO; o changeset 2026-07-15 e parcial e nao substitui este registro.
AW139,A139-PRC-02,Aplicação do QRH para caution noturna,PROCEDIMENTO,EMERGENCIA,AW139,docs/vendor/pto/relacao_manobras_pto_rev10_ocr.md + docs/analysis/NOTECHS_MODELOS_MANOBRAS_MATRIX_20260702.csv (baseline anterior),,A139-I-03/12; A139-I-04/12,2,Codigo e nome canonicos do snapshot 2026-07-15; usar diretamente na revisao do PTO; o changeset 2026-07-15 e parcial e nao substitui este registro.
AW139,A139-PRC-03,QRH para engine failure / EEC FAIL em cruzeiro,PROCEDIMENTO,EMERGENCIA,AW139,docs/vendor/pto/relacao_manobras_pto_rev10_ocr.md + docs/analysis/NOTECHS_MODELOS_MANOBRAS_MATRIX_20260702.csv (baseline anterior),,A139-I-06/12,1,Codigo e nome canonicos do snapshot 2026-07-15; usar diretamente na revisao do PTO; o changeset 2026-07-15 e parcial e nao substitui este registro.
AW139,A139-PRC-04,QRH para CAT A/B e falha na decolagem/aproximação,PROCEDIMENTO,EMERGENCIA,AW139,docs/vendor/pto/relacao_manobras_pto_rev10_ocr.md + docs/analysis/NOTECHS_MODELOS_MANOBRAS_MATRIX_20260702.csv (baseline anterior),,A139-I-06/12,1,Codigo e nome canonicos do snapshot 2026-07-15; usar diretamente na revisao do PTO; o changeset 2026-07-15 e parcial e nao substitui este registro.
AW139,A139-PRC-05,Ações de memória e QRH para rotor/transmissão,PROCEDIMENTO,EMERGENCIA,AW139,docs/vendor/pto/relacao_manobras_pto_rev10_ocr.md + docs/analysis/NOTECHS_MODELOS_MANOBRAS_MATRIX_20260702.csv (baseline anterior),,A139-I-08/12,1,Codigo e nome canonicos do snapshot 2026-07-15; usar diretamente na revisao do PTO; o changeset 2026-07-15 e parcial e nao substitui este registro.
AW139,A139-PRC-06,Ações de memória para fogo/fumaça,PROCEDIMENTO,EMERGENCIA,AW139,docs/vendor/pto/relacao_manobras_pto_rev10_ocr.md + docs/analysis/NOTECHS_MODELOS_MANOBRAS_MATRIX_20260702.csv (baseline anterior),,A139-I-09/12,1,Codigo e nome canonicos do snapshot 2026-07-15; usar diretamente na revisao do PTO; o changeset 2026-07-15 e parcial e nao substitui este registro.
AW139,A139-PRC-24,Transição para Circuito Noturno,Procedimentos Normais,PROCEDIMENTO_NORMAL,AW139,docs/vendor/pto/relacao_manobras_pto_rev10_ocr.md + docs/analysis/NOTECHS_MODELOS_MANOBRAS_MATRIX_20260702.csv (baseline anterior),,A139-NOT-01; A139-NOT-02,2,Codigo e nome canonicos do snapshot 2026-07-15; usar diretamente na revisao do PTO; o changeset 2026-07-15 e parcial e nao substitui este registro.
AW139,A139-PRC-25,Perna do Vento (Downwind) Noturna,Procedimentos Normais,PROCEDIMENTO_NORMAL,AW139,docs/vendor/pto/relacao_manobras_pto_rev10_ocr.md + docs/analysis/NOTECHS_MODELOS_MANOBRAS_MATRIX_20260702.csv (baseline anterior),,A139-NOT-01,1,Codigo e nome canonicos do snapshot 2026-07-15; usar diretamente na revisao do PTO; o changeset 2026-07-15 e parcial e nao substitui este registro.
AW139,A139-PRC-29,Circuito Completo Noturno — Variação de Vento,Procedimentos Normais,PROCEDIMENTO_NORMAL,AW139,docs/vendor/pto/relacao_manobras_pto_rev10_ocr.md + docs/analysis/NOTECHS_MODELOS_MANOBRAS_MATRIX_20260702.csv (baseline anterior),,A139-NOT-01,1,Codigo e nome canonicos do snapshot 2026-07-15; usar diretamente na revisao do PTO; o changeset 2026-07-15 e parcial e nao substitui este registro.
AW139,A139-PRE-01,Performance Noturna CAT A/PC1,PRE,BRIEFING,AW139,docs/vendor/pto/relacao_manobras_pto_rev10_ocr.md + docs/analysis/NOTECHS_MODELOS_MANOBRAS_MATRIX_20260702.csv (baseline anterior),,A139-S-01/02,1,Codigo e nome canonicos do snapshot 2026-07-15; usar diretamente na revisao do PTO; o changeset 2026-07-15 e parcial e nao substitui este registro.
AW139,A139-PRE-02,Planejamento Noturno e Alternado IFR,PRE,BRIEFING,AW139,docs/vendor/pto/relacao_manobras_pto_rev10_ocr.md + docs/analysis/NOTECHS_MODELOS_MANOBRAS_MATRIX_20260702.csv (baseline anterior),,A139-S-01/02,1,Codigo e nome canonicos do snapshot 2026-07-15; usar diretamente na revisao do PTO; o changeset 2026-07-15 e parcial e nao substitui este registro.
AW139,A139-PRE-03,Configuração FMS — Rota Noturna e Alternado,PRE,BRIEFING,AW139,docs/vendor/pto/relacao_manobras_pto_rev10_ocr.md + docs/analysis/NOTECHS_MODELOS_MANOBRAS_MATRIX_20260702.csv (baseline anterior),,A139-S-01/02,1,Codigo e nome canonicos do snapshot 2026-07-15; usar diretamente na revisao do PTO; o changeset 2026-07-15 e parcial e nao substitui este registro.
AW139,A139-PRE-04,Briefing Noturno — Ilusões e Black Hole,PRE,BRIEFING,AW139,docs/vendor/pto/relacao_manobras_pto_rev10_ocr.md + docs/analysis/NOTECHS_MODELOS_MANOBRAS_MATRIX_20260702.csv (baseline anterior),,A139-NOT-01; A139-S-01/02,2,Codigo e nome canonicos do snapshot 2026-07-15; usar diretamente na revisao do PTO; o changeset 2026-07-15 e parcial e nao substitui este registro.
AW139,A139-SOL-05,Inspeção e Acionamento Noturnos,SOL,PROCEDIMENTO_NORMAL,AW139,docs/vendor/pto/relacao_manobras_pto_rev10_ocr.md + docs/analysis/NOTECHS_MODELOS_MANOBRAS_MATRIX_20260702.csv (baseline anterior),,A139-NOT-01; A139-S-01/02,2,Codigo e nome canonicos do snapshot 2026-07-15; usar diretamente na revisao do PTO; o changeset 2026-07-15 e parcial e nao substitui este registro.
AW139,A139-SOL-06,Monitoramento Elétrico no Acionamento,SOL,PROCEDIMENTO_NORMAL,AW139,docs/vendor/pto/relacao_manobras_pto_rev10_ocr.md + docs/analysis/NOTECHS_MODELOS_MANOBRAS_MATRIX_20260702.csv (baseline anterior),,A139-NOT-01; A139-S-01/02,2,Codigo e nome canonicos do snapshot 2026-07-15; usar diretamente na revisao do PTO; o changeset 2026-07-15 e parcial e nao substitui este registro.
AW139,A139-SOL-07,Decolagem IFR Noturna,SOL,PROCEDIMENTO_NORMAL,AW139,docs/vendor/pto/relacao_manobras_pto_rev10_ocr.md + docs/analysis/NOTECHS_MODELOS_MANOBRAS_MATRIX_20260702.csv (baseline anterior),,A139-NOT-01; A139-S-01/02,2,Codigo e nome canonicos do snapshot 2026-07-15; usar diretamente na revisao do PTO; o changeset 2026-07-15 e parcial e nao substitui este registro.
AW139,A139-SOL-23,Decolagem Noturna — Unidade Marítima (Helideck),Operações de Solo e Decolagem (SOL),NAO_CONFIRMADO,AW139,docs/vendor/pto/relacao_manobras_pto_rev10_ocr.md + docs/analysis/NOTECHS_MODELOS_MANOBRAS_MATRIX_20260702.csv (baseline anterior),,A139-NOT-02,1,Codigo e nome canonicos do snapshot 2026-07-15; usar diretamente na revisao do PTO; o changeset 2026-07-15 e parcial e nao substitui este registro.
AW139,A139-TRE-01,"Engajamento, monitoramento e desconexão normal dos modos básicos do AFCS",TREINAMENTO,PROCEDIMENTO_NORMAL,AW139,docs/vendor/pto/relacao_manobras_pto_rev10_ocr.md + docs/analysis/NOTECHS_MODELOS_MANOBRAS_MATRIX_20260702.csv (baseline anterior),,A139-I-01/12,1,Codigo e nome canonicos do snapshot 2026-07-15; usar diretamente na revisao do PTO; o changeset 2026-07-15 e parcial e nao substitui este registro.
AW139,A139-TRE-01A,Arremetida noturna com NVG/NVIS,TREINAMENTO,PROCEDIMENTO_NORMAL,AW139,docs/vendor/pto/relacao_manobras_pto_rev10_ocr.md + docs/analysis/NOTECHS_MODELOS_MANOBRAS_MATRIX_20260702.csv (baseline anterior),,A139-I-01/12; A139-I-02/12; A139-REQ-01,3,Codigo e nome canonicos do snapshot 2026-07-15; usar diretamente na revisao do PTO; o changeset 2026-07-15 e parcial e nao substitui este registro.
AW139,A139-TRE-01B,Cabine AW139 e power-up,TREINAMENTO,PROCEDIMENTO_NORMAL,AW139,docs/vendor/pto/relacao_manobras_pto_rev10_ocr.md + docs/analysis/NOTECHS_MODELOS_MANOBRAS_MATRIX_20260702.csv (baseline anterior),,A139-I-01/12,1,Codigo e nome canonicos do snapshot 2026-07-15; usar diretamente na revisao do PTO; o changeset 2026-07-15 e parcial e nao substitui este registro.
AW139,A139-TRE-01C,"Leitura, priorização e reconhecimento básico de CAS sem pane simulada",TREINAMENTO,EMERGENCIA,AW139,docs/vendor/pto/relacao_manobras_pto_rev10_ocr.md + docs/analysis/NOTECHS_MODELOS_MANOBRAS_MATRIX_20260702.csv (baseline anterior),,A139-I-01/12,1,Codigo e nome canonicos do snapshot 2026-07-15; usar diretamente na revisao do PTO; o changeset 2026-07-15 e parcial e nao substitui este registro.
AW139,A139-TRE-01D,Rejected takeoff / decolagem rejeitada CAT A,TREINAMENTO,PROCEDIMENTO_NORMAL,AW139,docs/vendor/pto/relacao_manobras_pto_rev10_ocr.md + docs/analysis/NOTECHS_MODELOS_MANOBRAS_MATRIX_20260702.csv (baseline anterior),,A139-I-06/12,1,Codigo e nome canonicos do snapshot 2026-07-15; usar diretamente na revisao do PTO; o changeset 2026-07-15 e parcial e nao substitui este registro.
AW139,A139-TRE-01E,Curvas e controle de atitude/velocidade,TREINAMENTO,PROCEDIMENTO_NORMAL,AW139,docs/vendor/pto/relacao_manobras_pto_rev10_ocr.md + docs/analysis/NOTECHS_MODELOS_MANOBRAS_MATRIX_20260702.csv (baseline anterior),,A139-I-02/12,1,Codigo e nome canonicos do snapshot 2026-07-15; usar diretamente na revisao do PTO; o changeset 2026-07-15 e parcial e nao substitui este registro.
AW139,A139-TRE-01F,Descida controlada visual,TREINAMENTO,PROCEDIMENTO_NORMAL,AW139,docs/vendor/pto/relacao_manobras_pto_rev10_ocr.md + docs/analysis/NOTECHS_MODELOS_MANOBRAS_MATRIX_20260702.csv (baseline anterior),,A139-I-02/12,1,Codigo e nome canonicos do snapshot 2026-07-15; usar diretamente na revisao do PTO; o changeset 2026-07-15 e parcial e nao substitui este registro.
AW139,A139-TRE-01G,Controle de energia/RPM em autorrotação,TREINAMENTO,PROCEDIMENTO_NORMAL,AW139,docs/vendor/pto/relacao_manobras_pto_rev10_ocr.md + docs/analysis/NOTECHS_MODELOS_MANOBRAS_MATRIX_20260702.csv (baseline anterior),,A139-I-08/12,1,Codigo e nome canonicos do snapshot 2026-07-15; usar diretamente na revisao do PTO; o changeset 2026-07-15 e parcial e nao substitui este registro.
AW139,A139-TRE-01H,Estacionamento e corte pós-voo noturno,TREINAMENTO,PROCEDIMENTO_NORMAL,AW139,docs/vendor/pto/relacao_manobras_pto_rev10_ocr.md + docs/analysis/NOTECHS_MODELOS_MANOBRAS_MATRIX_20260702.csv (baseline anterior),,A139-I-01/12; A139-I-02/12; A139-REQ-01; A139-S-02/02,4,Codigo e nome canonicos do snapshot 2026-07-15; usar diretamente na revisao do PTO; o changeset 2026-07-15 e parcial e nao substitui este registro.
AW139,A139-TRE-01I,Monitoramento básico de FMA/modos em condição normal,TREINAMENTO,PROCEDIMENTO_NORMAL,AW139,docs/vendor/pto/relacao_manobras_pto_rev10_ocr.md + docs/analysis/NOTECHS_MODELOS_MANOBRAS_MATRIX_20260702.csv (baseline anterior),,A139-I-01/12,1,Codigo e nome canonicos do snapshot 2026-07-15; usar diretamente na revisao do PTO; o changeset 2026-07-15 e parcial e nao substitui este registro.
AW139,A139-TRE-01J,Holding/espera visual ou vetoração básica,TREINAMENTO,PROCEDIMENTO_NORMAL,AW139,docs/vendor/pto/relacao_manobras_pto_rev10_ocr.md + docs/analysis/NOTECHS_MODELOS_MANOBRAS_MATRIX_20260702.csv (baseline anterior),,A139-I-02/12,1,Codigo e nome canonicos do snapshot 2026-07-15; usar diretamente na revisao do PTO; o changeset 2026-07-15 e parcial e nao substitui este registro.
AW139,A139-TRE-01K,Identificação de falha de motor,TREINAMENTO,EMERGENCIA,AW139,docs/vendor/pto/relacao_manobras_pto_rev10_ocr.md + docs/analysis/NOTECHS_MODELOS_MANOBRAS_MATRIX_20260702.csv (baseline anterior),,A139-I-06/12,1,Codigo e nome canonicos do snapshot 2026-07-15; usar diretamente na revisao do PTO; o changeset 2026-07-15 e parcial e nao substitui este registro.
AW139,A139-TRE-01L,Seleção de modos AFCS em condição noturna,TREINAMENTO,PROCEDIMENTO_NORMAL,AW139,docs/vendor/pto/relacao_manobras_pto_rev10_ocr.md + docs/analysis/NOTECHS_MODELOS_MANOBRAS_MATRIX_20260702.csv (baseline anterior),,A139-I-02/12; A139-I-04/12,2,Codigo e nome canonicos do snapshot 2026-07-15; usar diretamente na revisao do PTO; o changeset 2026-07-15 e parcial e nao substitui este registro.
AW139,A139-TRE-01M,Orientação e correção de rumo por instrumentos,TREINAMENTO,PROCEDIMENTO_NORMAL,AW139,docs/vendor/pto/relacao_manobras_pto_rev10_ocr.md + docs/analysis/NOTECHS_MODELOS_MANOBRAS_MATRIX_20260702.csv (baseline anterior),,A139-I-05/12,1,Codigo e nome canonicos do snapshot 2026-07-15; usar diretamente na revisao do PTO; o changeset 2026-07-15 e parcial e nao substitui este registro.
AW139,A139-TRE-01N,Controle de potência e parâmetros,TREINAMENTO,PROCEDIMENTO_NORMAL,AW139,docs/vendor/pto/relacao_manobras_pto_rev10_ocr.md + docs/analysis/NOTECHS_MODELOS_MANOBRAS_MATRIX_20260702.csv (baseline anterior),,A139-I-01/12; A139-REQ-01,2,Codigo e nome canonicos do snapshot 2026-07-15; usar diretamente na revisao do PTO; o changeset 2026-07-15 e parcial e nao substitui este registro.
AW139,A139-TRE-01O,Recuperação de autorrotação,TREINAMENTO,PROCEDIMENTO_NORMAL,AW139,docs/vendor/pto/relacao_manobras_pto_rev10_ocr.md + docs/analysis/NOTECHS_MODELOS_MANOBRAS_MATRIX_20260702.csv (baseline anterior),,A139-I-08/12,1,Codigo e nome canonicos do snapshot 2026-07-15; usar diretamente na revisao do PTO; o changeset 2026-07-15 e parcial e nao substitui este registro.
AW139,A139-TRE-01P,Aproximação RNP básica,TREINAMENTO,PROCEDIMENTO_NORMAL,AW139,docs/vendor/pto/relacao_manobras_pto_rev10_ocr.md + docs/analysis/NOTECHS_MODELOS_MANOBRAS_MATRIX_20260702.csv (baseline anterior),,A139-I-05/12,1,Codigo e nome canonicos do snapshot 2026-07-15; usar diretamente na revisao do PTO; o changeset 2026-07-15 e parcial e nao substitui este registro.
AW139,A139-TRE-01Q,Aproximação visual estabilizada e critérios de arremetida normal,TREINAMENTO,PROCEDIMENTO_NORMAL,AW139,docs/vendor/pto/relacao_manobras_pto_rev10_ocr.md + docs/analysis/NOTECHS_MODELOS_MANOBRAS_MATRIX_20260702.csv (baseline anterior),,A139-I-01/12,1,Codigo e nome canonicos do snapshot 2026-07-15; usar diretamente na revisao do PTO; o changeset 2026-07-15 e parcial e nao substitui este registro.
AW139,A139-TRE-01R,Subida e cruzeiro visual,TREINAMENTO,PROCEDIMENTO_NORMAL,AW139,docs/vendor/pto/relacao_manobras_pto_rev10_ocr.md + docs/analysis/NOTECHS_MODELOS_MANOBRAS_MATRIX_20260702.csv (baseline anterior),,A139-I-02/12,1,Codigo e nome canonicos do snapshot 2026-07-15; usar diretamente na revisao do PTO; o changeset 2026-07-15 e parcial e nao substitui este registro.
AW139,A139-TRE-01S,Taxi/deslocamento em solo e heliponto,TREINAMENTO,PROCEDIMENTO_NORMAL,AW139,docs/vendor/pto/relacao_manobras_pto_rev10_ocr.md + docs/analysis/NOTECHS_MODELOS_MANOBRAS_MATRIX_20260702.csv (baseline anterior),,A139-I-01/12; A139-I-02/12,2,Codigo e nome canonicos do snapshot 2026-07-15; usar diretamente na revisao do PTO; o changeset 2026-07-15 e parcial e nao substitui este registro.
AW139,A139-TRE-01T,Pouso/decolagem com vento cruzado leve,TREINAMENTO,PROCEDIMENTO_NORMAL,AW139,docs/vendor/pto/relacao_manobras_pto_rev10_ocr.md + docs/analysis/NOTECHS_MODELOS_MANOBRAS_MATRIX_20260702.csv (baseline anterior),,A139-I-02/12,1,Codigo e nome canonicos do snapshot 2026-07-15; usar diretamente na revisao do PTO; o changeset 2026-07-15 e parcial e nao substitui este registro.
AW139,A139-TRE-01U,Voo manual por instrumentos,TREINAMENTO,PROCEDIMENTO_NORMAL,AW139,docs/vendor/pto/relacao_manobras_pto_rev10_ocr.md + docs/analysis/NOTECHS_MODELOS_MANOBRAS_MATRIX_20260702.csv (baseline anterior),,A139-I-05/12,1,Codigo e nome canonicos do snapshot 2026-07-15; usar diretamente na revisao do PTO; o changeset 2026-07-15 e parcial e nao substitui este registro.
AW139,A139-TRE-02,Continued takeoff com falha de motor CAT A,TREINAMENTO,EMERGENCIA,AW139,docs/vendor/pto/relacao_manobras_pto_rev10_ocr.md + docs/analysis/NOTECHS_MODELOS_MANOBRAS_MATRIX_20260702.csv (baseline anterior),,A139-I-06/12,1,Codigo e nome canonicos do snapshot 2026-07-15; usar diretamente na revisao do PTO; o changeset 2026-07-15 e parcial e nao substitui este registro.
AW139,A139-TRE-02A,Monitoramento de FMA durante mudança de modo,TREINAMENTO,PROCEDIMENTO_NORMAL,AW139,docs/vendor/pto/relacao_manobras_pto_rev10_ocr.md + docs/analysis/NOTECHS_MODELOS_MANOBRAS_MATRIX_20260702.csv (baseline anterior),,A139-I-02/12; A139-I-04/12,2,Codigo e nome canonicos do snapshot 2026-07-15; usar diretamente na revisao do PTO; o changeset 2026-07-15 e parcial e nao substitui este registro.
AW139,A139-TRE-02B,Reentrada no circuito,TREINAMENTO,PROCEDIMENTO_NORMAL,AW139,docs/vendor/pto/relacao_manobras_pto_rev10_ocr.md + docs/analysis/NOTECHS_MODELOS_MANOBRAS_MATRIX_20260702.csv (baseline anterior),,A139-I-02/12,1,Codigo e nome canonicos do snapshot 2026-07-15; usar diretamente na revisao do PTO; o changeset 2026-07-15 e parcial e nao substitui este registro.
AW139,A139-TRE-02C,Varredura de instrumentos IFR,TREINAMENTO,PROCEDIMENTO_NORMAL,AW139,docs/vendor/pto/relacao_manobras_pto_rev10_ocr.md + docs/analysis/NOTECHS_MODELOS_MANOBRAS_MATRIX_20260702.csv (baseline anterior),,A139-I-05/12,1,Codigo e nome canonicos do snapshot 2026-07-15; usar diretamente na revisao do PTO; o changeset 2026-07-15 e parcial e nao substitui este registro.
AW139,A139-TRE-02D,Correção de perfil em aproximação visual estabilizada,TREINAMENTO,PROCEDIMENTO_NORMAL,AW139,docs/vendor/pto/relacao_manobras_pto_rev10_ocr.md + docs/analysis/NOTECHS_MODELOS_MANOBRAS_MATRIX_20260702.csv (baseline anterior),,A139-I-02/12,1,Codigo e nome canonicos do snapshot 2026-07-15; usar diretamente na revisao do PTO; o changeset 2026-07-15 e parcial e nao substitui este registro.
AW139,A139-VOO-01,Controle geral VFR,VOO_BASICO,PROCEDIMENTO_NORMAL,AW139,docs/vendor/pto/relacao_manobras_pto_rev10_ocr.md + docs/analysis/NOTECHS_MODELOS_MANOBRAS_MATRIX_20260702.csv (baseline anterior) | docs/vendor/pto/relacao_manobras_pto_rev10_ocr.md:pages=109-111 (codigos de modelo antigos),,A139-I-01/12; A139-I-02/12; A139-I-04/12; A139-P-01/04-C2; A139-REQ-01,5,Codigo e nome canonicos do snapshot 2026-07-15; usar diretamente na revisao do PTO; o changeset 2026-07-15 e parcial e nao substitui este registro.
AW139,A139-VOO-02,Controle geral IFR,VOO_BASICO,PROCEDIMENTO_NORMAL,AW139,docs/vendor/pto/relacao_manobras_pto_rev10_ocr.md + docs/analysis/NOTECHS_MODELOS_MANOBRAS_MATRIX_20260702.csv (baseline anterior) | docs/vendor/pto/relacao_manobras_pto_rev10_ocr.md:pages=109-111 (codigos de modelo antigos),,A139-I-04/12; A139-I-05/12; A139-P-02/04-C1; A139-P-02/04-C2; A139-P-02/04-C3; A139-REQ-01; A139-S-02/02,7,Codigo e nome canonicos do snapshot 2026-07-15; usar diretamente na revisao do PTO; o changeset 2026-07-15 e parcial e nao substitui este registro.
AW139,A139-VOO-03,Hover & taxi,VOO_BASICO,PROCEDIMENTO_NORMAL,AW139,docs/vendor/pto/relacao_manobras_pto_rev10_ocr.md + docs/analysis/NOTECHS_MODELOS_MANOBRAS_MATRIX_20260702.csv (baseline anterior) | docs/vendor/pto/relacao_manobras_pto_rev10_ocr.md:pages=109-111 (codigos de modelo antigos),,A139-I-01/12; A139-I-02/12; A139-I-04/12; A139-I-06/12; A139-NOT-01; A139-P-01/04-C1; A139-P-01/04-C2; A139-P-01/04-C3; A139-REQ-01,9,Codigo e nome canonicos do snapshot 2026-07-15; usar diretamente na revisao do PTO; o changeset 2026-07-15 e parcial e nao substitui este registro.
AW139,A139-VOO-04,Recuperação atitudes anormais,VOO_BASICO,PROCEDIMENTO_NORMAL,AW139,docs/vendor/pto/relacao_manobras_pto_rev10_ocr.md + docs/analysis/NOTECHS_MODELOS_MANOBRAS_MATRIX_20260702.csv (baseline anterior) | docs/vendor/pto/relacao_manobras_pto_rev10_ocr.md:pages=109-111 (codigos de modelo antigos),,A139-I-01/12; A139-I-05/12; A139-I-07/12; A139-P-02/04-C2; A139-P-02/04-C3; A139-S-02/02,6,Codigo e nome canonicos do snapshot 2026-07-15; usar diretamente na revisao do PTO; o changeset 2026-07-15 e parcial e nao substitui este registro.
AW139,A139-VOO-17,Autorotação,VOO_BASICO,PROCEDIMENTO_NORMAL,AW139,docs/vendor/pto/relacao_manobras_pto_rev10_ocr.md + docs/analysis/NOTECHS_MODELOS_MANOBRAS_MATRIX_20260702.csv (baseline anterior) | docs/vendor/pto/relacao_manobras_pto_rev10_ocr.md:pages=109-111 (codigos de modelo antigos),,A139-I-04/12; A139-I-07/12; A139-I-08/12; A139-I-09/12; A139-I-10/12; A139-P-01/04-C1; A139-P-01/04-C3,7,Codigo e nome canonicos do snapshot 2026-07-15; usar diretamente na revisao do PTO; o changeset 2026-07-15 e parcial e nao substitui este registro.
AW139,CAU-28D-58,28V DC failure,ELETRICO,EMERGENCIA,AW139,docs/vendor/pto/relacao_manobras_pto_rev10_ocr.md + docs/analysis/NOTECHS_MODELOS_MANOBRAS_MATRIX_20260702.csv (baseline anterior),,A139-I-03/12,1,Codigo e nome canonicos do snapshot 2026-07-15; usar diretamente na revisao do PTO; o changeset 2026-07-15 e parcial e nao substitui este registro.
AW139,CAU-2FP-74,Double fuel pump failure,POWERPLANT,EMERGENCIA,AW139,docs/vendor/pto/relacao_manobras_pto_rev10_ocr.md + docs/analysis/NOTECHS_MODELOS_MANOBRAS_MATRIX_20260702.csv (baseline anterior) | docs/vendor/pto/relacao_manobras_pto_rev10_ocr.md:pages=109-111 (codigos de modelo antigos),,A139-I-09/12; A139-I-10/12; A139-P-01/04-C2,3,Codigo e nome canonicos do snapshot 2026-07-15; usar diretamente na revisao do PTO; o changeset 2026-07-15 e parcial e nao substitui este registro.
AW139,CAU-ACB-57,AC bus failure,ELETRICO,EMERGENCIA,AW139,docs/vendor/pto/relacao_manobras_pto_rev10_ocr.md + docs/analysis/NOTECHS_MODELOS_MANOBRAS_MATRIX_20260702.csv (baseline anterior),,A139-I-03/12,1,Codigo e nome canonicos do snapshot 2026-07-15; usar diretamente na revisao do PTO; o changeset 2026-07-15 e parcial e nao substitui este registro.
AW139,CAU-ADC-48,ADC failure,AVIONICOS,EMERGENCIA,AW139,docs/vendor/pto/relacao_manobras_pto_rev10_ocr.md + docs/analysis/NOTECHS_MODELOS_MANOBRAS_MATRIX_20260702.csv (baseline anterior),,A139-I-03/12; A139-I-07/12,2,Codigo e nome canonicos do snapshot 2026-07-15; usar diretamente na revisao do PTO; o changeset 2026-07-15 e parcial e nao substitui este registro.
AW139,CAU-ADS-46,ADS failure,AVIONICOS,EMERGENCIA,AW139,docs/vendor/pto/relacao_manobras_pto_rev10_ocr.md + docs/analysis/NOTECHS_MODELOS_MANOBRAS_MATRIX_20260702.csv (baseline anterior) | docs/vendor/pto/relacao_manobras_pto_rev10_ocr.md:pages=109-111 (codigos de modelo antigos),,A139-I-03/12; A139-I-07/12; A139-P-02/04-C3,3,Codigo e nome canonicos do snapshot 2026-07-15; usar diretamente na revisao do PTO; o changeset 2026-07-15 e parcial e nao substitui este registro.
AW139,CAU-AFD-41,AFCS degraded,AFCS,EMERGENCIA,AW139,docs/vendor/pto/relacao_manobras_pto_rev10_ocr.md + docs/analysis/NOTECHS_MODELOS_MANOBRAS_MATRIX_20260702.csv (baseline anterior) | docs/vendor/pto/relacao_manobras_pto_rev10_ocr.md:pages=109-111 (codigos de modelo antigos),,A139-I-04/12; A139-P-02/04-C1,2,Codigo e nome canonicos do snapshot 2026-07-15; usar diretamente na revisao do PTO; o changeset 2026-07-15 e parcial e nao substitui este registro.
AW139,CAU-AHR-47,AHRS failure,AVIONICOS,EMERGENCIA,AW139,docs/vendor/pto/relacao_manobras_pto_rev10_ocr.md + docs/analysis/NOTECHS_MODELOS_MANOBRAS_MATRIX_20260702.csv (baseline anterior) | docs/vendor/pto/relacao_manobras_pto_rev10_ocr.md:pages=109-111 (codigos de modelo antigos),,A139-I-03/12; A139-I-05/12; A139-I-07/12; A139-P-02/04-C1; A139-P-02/04-C2; A139-S-02/02,6,Codigo e nome canonicos do snapshot 2026-07-15; usar diretamente na revisao do PTO; o changeset 2026-07-15 e parcial e nao substitui este registro.
AW139,CAU-APF-37,AP failure,AFCS,EMERGENCIA,AW139,docs/vendor/pto/relacao_manobras_pto_rev10_ocr.md + docs/analysis/NOTECHS_MODELOS_MANOBRAS_MATRIX_20260702.csv (baseline anterior) | docs/vendor/pto/relacao_manobras_pto_rev10_ocr.md:pages=109-111 (codigos de modelo antigos),,A139-I-04/12; A139-P-02/04-C1; A139-P-02/04-C3,3,Codigo e nome canonicos do snapshot 2026-07-15; usar diretamente na revisao do PTO; o changeset 2026-07-15 e parcial e nao substitui este registro.
AW139,CAU-APO-38,AP OFF,AFCS,EMERGENCIA,AW139,docs/vendor/pto/relacao_manobras_pto_rev10_ocr.md + docs/analysis/NOTECHS_MODELOS_MANOBRAS_MATRIX_20260702.csv (baseline anterior) | docs/vendor/pto/relacao_manobras_pto_rev10_ocr.md:pages=109-111 (codigos de modelo antigos),,A139-I-03/12; A139-I-04/12; A139-P-02/04-C2; A139-S-02/02,4,Codigo e nome canonicos do snapshot 2026-07-15; usar diretamente na revisao do PTO; o changeset 2026-07-15 e parcial e nao substitui este registro.
AW139,CAU-BOF-55,Battery offline,ELETRICO,EMERGENCIA,AW139,docs/vendor/pto/relacao_manobras_pto_rev10_ocr.md + docs/analysis/NOTECHS_MODELOS_MANOBRAS_MATRIX_20260702.csv (baseline anterior),,A139-I-03/12,1,Codigo e nome canonicos do snapshot 2026-07-15; usar diretamente na revisao do PTO; o changeset 2026-07-15 e parcial e nao substitui este registro.
AW139,CAU-CST-59,Compressor stall,POWERPLANT,EMERGENCIA,AW139,docs/vendor/pto/relacao_manobras_pto_rev10_ocr.md:pages=109-111 (codigos de modelo antigos),,A139-P-01/04-C1,1,Codigo e nome canonicos do snapshot 2026-07-15; usar diretamente na revisao do PTO; o changeset 2026-07-15 e parcial e nao substitui este registro.
AW139,CAU-DCB-56,DC bus failure,ELETRICO,EMERGENCIA,AW139,docs/vendor/pto/relacao_manobras_pto_rev10_ocr.md + docs/analysis/NOTECHS_MODELOS_MANOBRAS_MATRIX_20260702.csv (baseline anterior) | docs/vendor/pto/relacao_manobras_pto_rev10_ocr.md:pages=109-111 (codigos de modelo antigos),,A139-I-03/12; A139-P-02/04-C1,2,Codigo e nome canonicos do snapshot 2026-07-15; usar diretamente na revisao do PTO; o changeset 2026-07-15 e parcial e nao substitui este registro.
AW139,CAU-DCG-53,Single DC GEN failure,ELETRICO,EMERGENCIA,AW139,docs/vendor/pto/relacao_manobras_pto_rev10_ocr.md + docs/analysis/NOTECHS_MODELOS_MANOBRAS_MATRIX_20260702.csv (baseline anterior) | docs/vendor/pto/relacao_manobras_pto_rev10_ocr.md:pages=109-111 (codigos de modelo antigos),,A139-I-03/12; A139-P-01/04-C1; A139-P-01/04-C2,3,Codigo e nome canonicos do snapshot 2026-07-15; usar diretamente na revisao do PTO; o changeset 2026-07-15 e parcial e nao substitui este registro.
AW139,CAU-DUD-46,Display unit degraded,AVIONICOS,EMERGENCIA,AW139,docs/vendor/pto/relacao_manobras_pto_rev10_ocr.md + docs/analysis/NOTECHS_MODELOS_MANOBRAS_MATRIX_20260702.csv (baseline anterior) | docs/vendor/pto/relacao_manobras_pto_rev10_ocr.md:pages=109-111 (codigos de modelo antigos),,A139-I-03/12; A139-I-07/12; A139-P-02/04-C3,3,Codigo e nome canonicos do snapshot 2026-07-15; usar diretamente na revisao do PTO; o changeset 2026-07-15 e parcial e nao substitui este registro.
AW139,CAU-EFP-75,Engine fuel pump failure,POWERPLANT,EMERGENCIA,AW139,docs/vendor/pto/relacao_manobras_pto_rev10_ocr.md + docs/analysis/NOTECHS_MODELOS_MANOBRAS_MATRIX_20260702.csv (baseline anterior),,A139-I-09/12,1,Codigo e nome canonicos do snapshot 2026-07-15; usar diretamente na revisao do PTO; o changeset 2026-07-15 e parcial e nao substitui este registro.
AW139,CAU-EIC-45,EICAS failure,AVIONICOS,EMERGENCIA,AW139,docs/vendor/pto/relacao_manobras_pto_rev10_ocr.md + docs/analysis/NOTECHS_MODELOS_MANOBRAS_MATRIX_20260702.csv (baseline anterior),,A139-I-03/12; A139-I-07/12,2,Codigo e nome canonicos do snapshot 2026-07-15; usar diretamente na revisao do PTO; o changeset 2026-07-15 e parcial e nao substitui este registro.
AW139,CAU-FLO-73,Fuel low,POWERPLANT,EMERGENCIA,AW139,docs/vendor/pto/relacao_manobras_pto_rev10_ocr.md + docs/analysis/NOTECHS_MODELOS_MANOBRAS_MATRIX_20260702.csv (baseline anterior) | docs/vendor/pto/relacao_manobras_pto_rev10_ocr.md:pages=109-111 (codigos de modelo antigos),,A139-I-04/12; A139-I-07/12; A139-I-09/12; A139-I-10/12; A139-P-01/04-C2; A139-REQ-01,6,Codigo e nome canonicos do snapshot 2026-07-15; usar diretamente na revisao do PTO; o changeset 2026-07-15 e parcial e nao substitui este registro.
AW139,CAU-FMS-51,FMS failure,AVIONICOS,EMERGENCIA,AW139,docs/vendor/pto/relacao_manobras_pto_rev10_ocr.md + docs/analysis/NOTECHS_MODELOS_MANOBRAS_MATRIX_20260702.csv (baseline anterior) | docs/vendor/pto/relacao_manobras_pto_rev10_ocr.md:pages=109-111 (codigos de modelo antigos),,A139-I-03/12; A139-I-05/12; A139-P-02/04-C1; A139-P-02/04-C2; A139-S-02/02,5,Codigo e nome canonicos do snapshot 2026-07-15; usar diretamente na revisao do PTO; o changeset 2026-07-15 e parcial e nao substitui este registro.
AW139,CAU-GPS-52,GPS failure,AVIONICOS,EMERGENCIA,AW139,docs/vendor/pto/relacao_manobras_pto_rev10_ocr.md + docs/analysis/NOTECHS_MODELOS_MANOBRAS_MATRIX_20260702.csv (baseline anterior) | docs/vendor/pto/relacao_manobras_pto_rev10_ocr.md:pages=109-111 (codigos de modelo antigos),,A139-I-03/12; A139-I-05/12; A139-P-02/04-C1; A139-P-02/04-C3,4,Codigo e nome canonicos do snapshot 2026-07-15; usar diretamente na revisao do PTO; o changeset 2026-07-15 e parcial e nao substitui este registro.
AW139,CAU-HOT-65,Hot start,POWERPLANT,EMERGENCIA,AW139,docs/vendor/pto/relacao_manobras_pto_rev10_ocr.md + docs/analysis/NOTECHS_MODELOS_MANOBRAS_MATRIX_20260702.csv (baseline anterior) | docs/vendor/pto/relacao_manobras_pto_rev10_ocr.md:pages=109-111 (codigos de modelo antigos),,A139-I-07/12; A139-I-09/12; A139-I-10/12; A139-P-01/04-C1; A139-P-01/04-C2,5,Codigo e nome canonicos do snapshot 2026-07-15; usar diretamente na revisao do PTO; o changeset 2026-07-15 e parcial e nao substitui este registro.
AW139,CAU-HYP-77,Hydraulic pressure low,SISTEMAS_MECANICOS,EMERGENCIA,AW139,docs/vendor/pto/relacao_manobras_pto_rev10_ocr.md + docs/analysis/NOTECHS_MODELOS_MANOBRAS_MATRIX_20260702.csv (baseline anterior) | docs/vendor/pto/relacao_manobras_pto_rev10_ocr.md:pages=109-111 (codigos de modelo antigos),,A139-I-06/12; A139-I-08/12; A139-I-09/12; A139-P-02/04-C1; A139-P-02/04-C2,5,Codigo e nome canonicos do snapshot 2026-07-15; usar diretamente na revisao do PTO; o changeset 2026-07-15 e parcial e nao substitui este registro.
AW139,CAU-LIC-60,OEI limit timer,POWERPLANT,EMERGENCIA,AW139,docs/vendor/pto/relacao_manobras_pto_rev10_ocr.md + docs/analysis/NOTECHS_MODELOS_MANOBRAS_MATRIX_20260702.csv (baseline anterior) | docs/vendor/pto/relacao_manobras_pto_rev10_ocr.md:pages=109-111 (codigos de modelo antigos),,A139-I-10/12; A139-P-01/04-C2; A139-REQ-01; A139-S-02/02,4,Codigo e nome canonicos do snapshot 2026-07-15; usar diretamente na revisao do PTO; o changeset 2026-07-15 e parcial e nao substitui este registro.
AW139,CAU-MFD-45,MFD failure,AVIONICOS,EMERGENCIA,AW139,docs/vendor/pto/relacao_manobras_pto_rev10_ocr.md + docs/analysis/NOTECHS_MODELOS_MANOBRAS_MATRIX_20260702.csv (baseline anterior),,A139-I-03/12; A139-I-07/12,2,Codigo e nome canonicos do snapshot 2026-07-15; usar diretamente na revisao do PTO; o changeset 2026-07-15 e parcial e nao substitui este registro.
AW139,CAU-MGP-105,MGB chip detected,SISTEMAS_MECANICOS,EMERGENCIA,AW139,docs/vendor/pto/relacao_manobras_pto_rev10_ocr.md + docs/analysis/NOTECHS_MODELOS_MANOBRAS_MATRIX_20260702.csv (baseline anterior) | docs/vendor/pto/relacao_manobras_pto_rev10_ocr.md:pages=109-111 (codigos de modelo antigos),,A139-I-08/12; A139-P-01/04-C1; A139-P-01/04-C3,3,Codigo e nome canonicos do snapshot 2026-07-15; usar diretamente na revisao do PTO; o changeset 2026-07-15 e parcial e nao substitui este registro.
AW139,CAU-MIS-40,AP MISTRIM,AFCS,EMERGENCIA,AW139,docs/vendor/pto/relacao_manobras_pto_rev10_ocr.md + docs/analysis/NOTECHS_MODELOS_MANOBRAS_MATRIX_20260702.csv (baseline anterior),,A139-I-03/12; A139-I-04/12,2,Codigo e nome canonicos do snapshot 2026-07-15; usar diretamente na revisao do PTO; o changeset 2026-07-15 e parcial e nao substitui este registro.
AW139,CAU-O2P-82,O2 pressure low,SISTEMAS,EMERGENCIA,AW139,docs/vendor/pto/relacao_manobras_pto_rev10_ocr.md + docs/analysis/NOTECHS_MODELOS_MANOBRAS_MATRIX_20260702.csv (baseline anterior),,A139-I-09/12,1,Codigo e nome canonicos do snapshot 2026-07-15; usar diretamente na revisao do PTO; o changeset 2026-07-15 e parcial e nao substitui este registro.
AW139,CAU-OVS-64,Engine overspeed,POWERPLANT,EMERGENCIA,AW139,docs/vendor/pto/relacao_manobras_pto_rev10_ocr.md:pages=109-111 (codigos de modelo antigos),,A139-P-01/04-C1; A139-P-01/04-C3,2,Codigo e nome canonicos do snapshot 2026-07-15; usar diretamente na revisao do PTO; o changeset 2026-07-15 e parcial e nao substitui este registro.
AW139,CAU-PFD-45,PFD failure,AVIONICOS,EMERGENCIA,AW139,docs/vendor/pto/relacao_manobras_pto_rev10_ocr.md + docs/analysis/NOTECHS_MODELOS_MANOBRAS_MATRIX_20260702.csv (baseline anterior),,A139-I-03/12; A139-I-07/12,2,Codigo e nome canonicos do snapshot 2026-07-15; usar diretamente na revisao do PTO; o changeset 2026-07-15 e parcial e nao substitui este registro.
AW139,CAU-SAS-41,SAS degraded,AFCS,EMERGENCIA,AW139,docs/vendor/pto/relacao_manobras_pto_rev10_ocr.md + docs/analysis/NOTECHS_MODELOS_MANOBRAS_MATRIX_20260702.csv (baseline anterior) | docs/vendor/pto/relacao_manobras_pto_rev10_ocr.md:pages=109-111 (codigos de modelo antigos),,A139-I-03/12; A139-I-04/12; A139-P-02/04-C2,3,Codigo e nome canonicos do snapshot 2026-07-15; usar diretamente na revisao do PTO; o changeset 2026-07-15 e parcial e nao substitui este registro.
AW139,CAU-SRV-80,Servo bypass,SISTEMAS_MECANICOS,EMERGENCIA,AW139,docs/vendor/pto/relacao_manobras_pto_rev10_ocr.md + docs/analysis/NOTECHS_MODELOS_MANOBRAS_MATRIX_20260702.csv (baseline anterior) | docs/vendor/pto/relacao_manobras_pto_rev10_ocr.md:pages=109-111 (codigos de modelo antigos),,A139-I-06/12; A139-I-08/12; A139-I-09/12; A139-P-02/04-C1; A139-P-02/04-C3,5,Codigo e nome canonicos do snapshot 2026-07-15; usar diretamente na revisao do PTO; o changeset 2026-07-15 e parcial e nao substitui este registro.
UNIVERSAL,EXA-E01-01,Planejamento da sessão,EXAMINADOR-PRATICO,AVALIACAO,UNIVERSAL,NAO_LOCALIZADO_NA_REVISAO_PTO_VERSIONADA,,EXA-01/02,1,Codigo e nome canonicos do snapshot 2026-07-15; usar diretamente na revisao do PTO; o changeset 2026-07-15 e parcial e nao substitui este registro.
UNIVERSAL,EXA-E01-02,Briefing e critérios,EXAMINADOR-PRATICO,BRIEFING,UNIVERSAL,NAO_LOCALIZADO_NA_REVISAO_PTO_VERSIONADA,,EXA-01/02,1,Codigo e nome canonicos do snapshot 2026-07-15; usar diretamente na revisao do PTO; o changeset 2026-07-15 e parcial e nao substitui este registro.
UNIVERSAL,EXA-E01-03,Preparação do dispositivo,EXAMINADOR-PRATICO,AVALIACAO,UNIVERSAL,NAO_LOCALIZADO_NA_REVISAO_PTO_VERSIONADA,,EXA-01/02,1,Codigo e nome canonicos do snapshot 2026-07-15; usar diretamente na revisao do PTO; o changeset 2026-07-15 e parcial e nao substitui este registro.
UNIVERSAL,EXA-E01-04,Condução inicial,EXAMINADOR-PRATICO,AVALIACAO,UNIVERSAL,NAO_LOCALIZADO_NA_REVISAO_PTO_VERSIONADA,,EXA-01/02,1,Codigo e nome canonicos do snapshot 2026-07-15; usar diretamente na revisao do PTO; o changeset 2026-07-15 e parcial e nao substitui este registro.
UNIVERSAL,EXA-E01-05,Transferência de controles,EXAMINADOR-PRATICO,AVALIACAO,UNIVERSAL,NAO_LOCALIZADO_NA_REVISAO_PTO_VERSIONADA,,EXA-01/02,1,Codigo e nome canonicos do snapshot 2026-07-15; usar diretamente na revisao do PTO; o changeset 2026-07-15 e parcial e nao substitui este registro.
UNIVERSAL,EXA-E01-06,Observação sem coaching,EXAMINADOR-PRATICO,AVALIACAO,UNIVERSAL,NAO_LOCALIZADO_NA_REVISAO_PTO_VERSIONADA,,EXA-01/02,1,Codigo e nome canonicos do snapshot 2026-07-15; usar diretamente na revisao do PTO; o changeset 2026-07-15 e parcial e nao substitui este registro.
UNIVERSAL,EXA-E01-07,Procedimentos normais,EXAMINADOR-PRATICO,AVALIACAO,UNIVERSAL,NAO_LOCALIZADO_NA_REVISAO_PTO_VERSIONADA,,EXA-01/02,1,Codigo e nome canonicos do snapshot 2026-07-15; usar diretamente na revisao do PTO; o changeset 2026-07-15 e parcial e nao substitui este registro.
UNIVERSAL,EXA-E01-08,ECL aplicável,EXAMINADOR-PRATICO,AVALIACAO,UNIVERSAL,NAO_LOCALIZADO_NA_REVISAO_PTO_VERSIONADA,,EXA-01/02,1,Codigo e nome canonicos do snapshot 2026-07-15; usar diretamente na revisao do PTO; o changeset 2026-07-15 e parcial e nao substitui este registro.
UNIVERSAL,EXA-E01-09,Coordenação e comunicação,EXAMINADOR-PRATICO,AVALIACAO,UNIVERSAL,NAO_LOCALIZADO_NA_REVISAO_PTO_VERSIONADA,,EXA-01/02,1,Codigo e nome canonicos do snapshot 2026-07-15; usar diretamente na revisao do PTO; o changeset 2026-07-15 e parcial e nao substitui este registro.
UNIVERSAL,EXA-E01-10,Planejamento da anormalidade,EXAMINADOR-PRATICO,AVALIACAO,UNIVERSAL,NAO_LOCALIZADO_NA_REVISAO_PTO_VERSIONADA,,EXA-01/02,1,Codigo e nome canonicos do snapshot 2026-07-15; usar diretamente na revisao do PTO; o changeset 2026-07-15 e parcial e nao substitui este registro.
UNIVERSAL,EXA-E01-11,Inserção da condição,EXAMINADOR-PRATICO,AVALIACAO,UNIVERSAL,NAO_LOCALIZADO_NA_REVISAO_PTO_VERSIONADA,,EXA-01/02,1,Codigo e nome canonicos do snapshot 2026-07-15; usar diretamente na revisao do PTO; o changeset 2026-07-15 e parcial e nao substitui este registro.
UNIVERSAL,EXA-E01-12,Reconhecimento do desvio,EXAMINADOR-PRATICO,AVALIACAO,UNIVERSAL,NAO_LOCALIZADO_NA_REVISAO_PTO_VERSIONADA,,EXA-01/02,1,Codigo e nome canonicos do snapshot 2026-07-15; usar diretamente na revisao do PTO; o changeset 2026-07-15 e parcial e nao substitui este registro.
UNIVERSAL,EXA-E01-13,Sequência de procedimentos,EXAMINADOR-PRATICO,AVALIACAO,UNIVERSAL,NAO_LOCALIZADO_NA_REVISAO_PTO_VERSIONADA,,EXA-01/02,1,Codigo e nome canonicos do snapshot 2026-07-15; usar diretamente na revisao do PTO; o changeset 2026-07-15 e parcial e nao substitui este registro.
UNIVERSAL,EXA-E01-14,Gerenciamento dos sistemas,EXAMINADOR-PRATICO,AVALIACAO,UNIVERSAL,NAO_LOCALIZADO_NA_REVISAO_PTO_VERSIONADA,,EXA-01/02,1,Codigo e nome canonicos do snapshot 2026-07-15; usar diretamente na revisao do PTO; o changeset 2026-07-15 e parcial e nao substitui este registro.
UNIVERSAL,EXA-E01-15,Tomada de decisão,EXAMINADOR-PRATICO,AVALIACAO,UNIVERSAL,NAO_LOCALIZADO_NA_REVISAO_PTO_VERSIONADA,,EXA-01/02,1,Codigo e nome canonicos do snapshot 2026-07-15; usar diretamente na revisao do PTO; o changeset 2026-07-15 e parcial e nao substitui este registro.
UNIVERSAL,EXA-E01-16,Critérios de desempenho,EXAMINADOR-PRATICO,AVALIACAO,UNIVERSAL,NAO_LOCALIZADO_NA_REVISAO_PTO_VERSIONADA,,EXA-01/02,1,Codigo e nome canonicos do snapshot 2026-07-15; usar diretamente na revisao do PTO; o changeset 2026-07-15 e parcial e nao substitui este registro.
UNIVERSAL,EXA-E01-17,Debriefing objetivo,EXAMINADOR-PRATICO,BRIEFING,UNIVERSAL,NAO_LOCALIZADO_NA_REVISAO_PTO_VERSIONADA,,EXA-01/02,1,Codigo e nome canonicos do snapshot 2026-07-15; usar diretamente na revisao do PTO; o changeset 2026-07-15 e parcial e nao substitui este registro.
UNIVERSAL,EXA-E01-18,Registro interno,EXAMINADOR-PRATICO,AVALIACAO,UNIVERSAL,NAO_LOCALIZADO_NA_REVISAO_PTO_VERSIONADA,,EXA-01/02,1,Codigo e nome canonicos do snapshot 2026-07-15; usar diretamente na revisao do PTO; o changeset 2026-07-15 e parcial e nao substitui este registro.
UNIVERSAL,EXA-E02-01,Planejamento da emergência,EXAMINADOR-PRATICO,AVALIACAO,UNIVERSAL,NAO_LOCALIZADO_NA_REVISAO_PTO_VERSIONADA,,EXA-02/02,1,Codigo e nome canonicos do snapshot 2026-07-15; usar diretamente na revisao do PTO; o changeset 2026-07-15 e parcial e nao substitui este registro.
UNIVERSAL,EXA-E02-02,Preparação do IOS,EXAMINADOR-PRATICO,AVALIACAO,UNIVERSAL,NAO_LOCALIZADO_NA_REVISAO_PTO_VERSIONADA,,EXA-02/02,1,Codigo e nome canonicos do snapshot 2026-07-15; usar diretamente na revisao do PTO; o changeset 2026-07-15 e parcial e nao substitui este registro.
UNIVERSAL,EXA-E02-03,Briefing de segurança,EXAMINADOR-PRATICO,BRIEFING,UNIVERSAL,NAO_LOCALIZADO_NA_REVISAO_PTO_VERSIONADA,,EXA-02/02,1,Codigo e nome canonicos do snapshot 2026-07-15; usar diretamente na revisao do PTO; o changeset 2026-07-15 e parcial e nao substitui este registro.
UNIVERSAL,EXA-E02-04,Inserção da emergência,EXAMINADOR-PRATICO,AVALIACAO,UNIVERSAL,NAO_LOCALIZADO_NA_REVISAO_PTO_VERSIONADA,,EXA-02/02,1,Codigo e nome canonicos do snapshot 2026-07-15; usar diretamente na revisao do PTO; o changeset 2026-07-15 e parcial e nao substitui este registro.
UNIVERSAL,EXA-E02-05,Ações imediatas,EXAMINADOR-PRATICO,AVALIACAO,UNIVERSAL,NAO_LOCALIZADO_NA_REVISAO_PTO_VERSIONADA,,EXA-02/02,1,Codigo e nome canonicos do snapshot 2026-07-15; usar diretamente na revisao do PTO; o changeset 2026-07-15 e parcial e nao substitui este registro.
UNIVERSAL,EXA-E02-06,Aplicação da ECL,EXAMINADOR-PRATICO,AVALIACAO,UNIVERSAL,NAO_LOCALIZADO_NA_REVISAO_PTO_VERSIONADA,,EXA-02/02,1,Codigo e nome canonicos do snapshot 2026-07-15; usar diretamente na revisao do PTO; o changeset 2026-07-15 e parcial e nao substitui este registro.
UNIVERSAL,EXA-E02-07,Prioridades operacionais,EXAMINADOR-PRATICO,AVALIACAO,UNIVERSAL,NAO_LOCALIZADO_NA_REVISAO_PTO_VERSIONADA,,EXA-02/02,1,Codigo e nome canonicos do snapshot 2026-07-15; usar diretamente na revisao do PTO; o changeset 2026-07-15 e parcial e nao substitui este registro.
UNIVERSAL,EXA-E02-08,Necessidade de intervenção,EXAMINADOR-PRATICO,AVALIACAO,UNIVERSAL,NAO_LOCALIZADO_NA_REVISAO_PTO_VERSIONADA,,EXA-02/02,1,Codigo e nome canonicos do snapshot 2026-07-15; usar diretamente na revisao do PTO; o changeset 2026-07-15 e parcial e nao substitui este registro.
UNIVERSAL,EXA-E02-09,Assunção dos controles,EXAMINADOR-PRATICO,AVALIACAO,UNIVERSAL,NAO_LOCALIZADO_NA_REVISAO_PTO_VERSIONADA,,EXA-02/02,1,Codigo e nome canonicos do snapshot 2026-07-15; usar diretamente na revisao do PTO; o changeset 2026-07-15 e parcial e nao substitui este registro.
UNIVERSAL,EXA-E02-10,Planejamento integrado,EXAMINADOR-PRATICO,AVALIACAO,UNIVERSAL,NAO_LOCALIZADO_NA_REVISAO_PTO_VERSIONADA,,EXA-02/02,1,Codigo e nome canonicos do snapshot 2026-07-15; usar diretamente na revisao do PTO; o changeset 2026-07-15 e parcial e nao substitui este registro.
UNIVERSAL,EXA-E02-11,Seleção de eventos,EXAMINADOR-PRATICO,AVALIACAO,UNIVERSAL,NAO_LOCALIZADO_NA_REVISAO_PTO_VERSIONADA,,EXA-02/02,1,Codigo e nome canonicos do snapshot 2026-07-15; usar diretamente na revisao do PTO; o changeset 2026-07-15 e parcial e nao substitui este registro.
UNIVERSAL,EXA-E02-12,Condução organizada,EXAMINADOR-PRATICO,AVALIACAO,UNIVERSAL,NAO_LOCALIZADO_NA_REVISAO_PTO_VERSIONADA,,EXA-02/02,1,Codigo e nome canonicos do snapshot 2026-07-15; usar diretamente na revisao do PTO; o changeset 2026-07-15 e parcial e nao substitui este registro.
UNIVERSAL,EXA-E02-13,Avaliação sem coaching,EXAMINADOR-PRATICO,AVALIACAO,UNIVERSAL,NAO_LOCALIZADO_NA_REVISAO_PTO_VERSIONADA,,EXA-02/02,1,Codigo e nome canonicos do snapshot 2026-07-15; usar diretamente na revisao do PTO; o changeset 2026-07-15 e parcial e nao substitui este registro.
UNIVERSAL,EXA-E02-14,Aplicação dos padrões,EXAMINADOR-PRATICO,AVALIACAO,UNIVERSAL,NAO_LOCALIZADO_NA_REVISAO_PTO_VERSIONADA,,EXA-02/02,1,Codigo e nome canonicos do snapshot 2026-07-15; usar diretamente na revisao do PTO; o changeset 2026-07-15 e parcial e nao substitui este registro.
UNIVERSAL,EXA-E02-15,Resultado interno,EXAMINADOR-PRATICO,AVALIACAO,UNIVERSAL,NAO_LOCALIZADO_NA_REVISAO_PTO_VERSIONADA,,EXA-02/02,1,Codigo e nome canonicos do snapshot 2026-07-15; usar diretamente na revisao do PTO; o changeset 2026-07-15 e parcial e nao substitui este registro.
UNIVERSAL,EXA-E02-16,Fundamentação do resultado,EXAMINADOR-PRATICO,AVALIACAO,UNIVERSAL,NAO_LOCALIZADO_NA_REVISAO_PTO_VERSIONADA,,EXA-02/02,1,Codigo e nome canonicos do snapshot 2026-07-15; usar diretamente na revisao do PTO; o changeset 2026-07-15 e parcial e nao substitui este registro.
UNIVERSAL,EXA-E02-17,Debriefing final,EXAMINADOR-PRATICO,BRIEFING,UNIVERSAL,NAO_LOCALIZADO_NA_REVISAO_PTO_VERSIONADA,,EXA-02/02,1,Codigo e nome canonicos do snapshot 2026-07-15; usar diretamente na revisao do PTO; o changeset 2026-07-15 e parcial e nao substitui este registro.
UNIVERSAL,EXA-E02-18,Encerramento da ficha,EXAMINADOR-PRATICO,AVALIACAO,UNIVERSAL,NAO_LOCALIZADO_NA_REVISAO_PTO_VERSIONADA,,EXA-02/02,1,Codigo e nome canonicos do snapshot 2026-07-15; usar diretamente na revisao do PTO; o changeset 2026-07-15 e parcial e nao substitui este registro.
UNIVERSAL,INST-E01-01,Planejamento e objetivos,INSTRUTOR-PRATICO,NAO_CONFIRMADO,UNIVERSAL,NAO_LOCALIZADO_NA_REVISAO_PTO_VERSIONADA,,INST-E01,1,Codigo e nome canonicos do snapshot 2026-07-15; usar diretamente na revisao do PTO; o changeset 2026-07-15 e parcial e nao substitui este registro.
UNIVERSAL,INST-E01-02,Conhecimento do equipamento,INSTRUTOR-PRATICO,NAO_CONFIRMADO,UNIVERSAL,NAO_LOCALIZADO_NA_REVISAO_PTO_VERSIONADA,,INST-E01,1,Codigo e nome canonicos do snapshot 2026-07-15; usar diretamente na revisao do PTO; o changeset 2026-07-15 e parcial e nao substitui este registro.
UNIVERSAL,INST-E01-03,Briefing da instrução,INSTRUTOR-PRATICO,BRIEFING,UNIVERSAL,NAO_LOCALIZADO_NA_REVISAO_PTO_VERSIONADA,,INST-E01,1,Codigo e nome canonicos do snapshot 2026-07-15; usar diretamente na revisao do PTO; o changeset 2026-07-15 e parcial e nao substitui este registro.
UNIVERSAL,INST-E01-04,Assentos e comandos,INSTRUTOR-PRATICO,NAO_CONFIRMADO,UNIVERSAL,NAO_LOCALIZADO_NA_REVISAO_PTO_VERSIONADA,,INST-E01,1,Codigo e nome canonicos do snapshot 2026-07-15; usar diretamente na revisao do PTO; o changeset 2026-07-15 e parcial e nao substitui este registro.
UNIVERSAL,INST-E01-05,Técnica de instrução,INSTRUTOR-PRATICO,NAO_CONFIRMADO,UNIVERSAL,NAO_LOCALIZADO_NA_REVISAO_PTO_VERSIONADA,,INST-E01,1,Codigo e nome canonicos do snapshot 2026-07-15; usar diretamente na revisao do PTO; o changeset 2026-07-15 e parcial e nao substitui este registro.
UNIVERSAL,INST-E01-06,Procedimentos normais,INSTRUTOR-PRATICO,NAO_CONFIRMADO,UNIVERSAL,NAO_LOCALIZADO_NA_REVISAO_PTO_VERSIONADA,,INST-E01,1,Codigo e nome canonicos do snapshot 2026-07-15; usar diretamente na revisao do PTO; o changeset 2026-07-15 e parcial e nao substitui este registro.
UNIVERSAL,INST-E01-07,Condução normal,INSTRUTOR-PRATICO,NAO_CONFIRMADO,UNIVERSAL,NAO_LOCALIZADO_NA_REVISAO_PTO_VERSIONADA,,INST-E01,1,Codigo e nome canonicos do snapshot 2026-07-15; usar diretamente na revisao do PTO; o changeset 2026-07-15 e parcial e nao substitui este registro.
UNIVERSAL,INST-E01-08,Aproximação e pouso,INSTRUTOR-PRATICO,NAO_CONFIRMADO,UNIVERSAL,NAO_LOCALIZADO_NA_REVISAO_PTO_VERSIONADA,,INST-E01,1,Codigo e nome canonicos do snapshot 2026-07-15; usar diretamente na revisao do PTO; o changeset 2026-07-15 e parcial e nao substitui este registro.
UNIVERSAL,INST-E01-09,Debriefing do bloco normal,INSTRUTOR-PRATICO,BRIEFING,UNIVERSAL,NAO_LOCALIZADO_NA_REVISAO_PTO_VERSIONADA,,INST-E01,1,Codigo e nome canonicos do snapshot 2026-07-15; usar diretamente na revisao do PTO; o changeset 2026-07-15 e parcial e nao substitui este registro.
UNIVERSAL,INST-E01-10,Seleção da anormalidade,INSTRUTOR-PRATICO,NAO_CONFIRMADO,UNIVERSAL,NAO_LOCALIZADO_NA_REVISAO_PTO_VERSIONADA,,INST-E01,1,Codigo e nome canonicos do snapshot 2026-07-15; usar diretamente na revisao do PTO; o changeset 2026-07-15 e parcial e nao substitui este registro.
UNIVERSAL,INST-E01-11,Diagnóstico,INSTRUTOR-PRATICO,NAO_CONFIRMADO,UNIVERSAL,NAO_LOCALIZADO_NA_REVISAO_PTO_VERSIONADA,,INST-E01,1,Codigo e nome canonicos do snapshot 2026-07-15; usar diretamente na revisao do PTO; o changeset 2026-07-15 e parcial e nao substitui este registro.
UNIVERSAL,INST-E01-12,Ações imediatas,INSTRUTOR-PRATICO,NAO_CONFIRMADO,UNIVERSAL,NAO_LOCALIZADO_NA_REVISAO_PTO_VERSIONADA,,INST-E01,1,Codigo e nome canonicos do snapshot 2026-07-15; usar diretamente na revisao do PTO; o changeset 2026-07-15 e parcial e nao substitui este registro.
UNIVERSAL,INST-E01-13,ECL/QRH coordenada,INSTRUTOR-PRATICO,EMERGENCIA,UNIVERSAL,NAO_LOCALIZADO_NA_REVISAO_PTO_VERSIONADA,,INST-E01,1,Codigo e nome canonicos do snapshot 2026-07-15; usar diretamente na revisao do PTO; o changeset 2026-07-15 e parcial e nao substitui este registro.
UNIVERSAL,INST-E01-14,Degradação de automação,INSTRUTOR-PRATICO,EMERGENCIA,UNIVERSAL,NAO_LOCALIZADO_NA_REVISAO_PTO_VERSIONADA,,INST-E01,1,Codigo e nome canonicos do snapshot 2026-07-15; usar diretamente na revisao do PTO; o changeset 2026-07-15 e parcial e nao substitui este registro.
UNIVERSAL,INST-E01-15,Falha específica,INSTRUTOR-PRATICO,EMERGENCIA,UNIVERSAL,NAO_LOCALIZADO_NA_REVISAO_PTO_VERSIONADA,,INST-E01,1,Codigo e nome canonicos do snapshot 2026-07-15; usar diretamente na revisao do PTO; o changeset 2026-07-15 e parcial e nao substitui este registro.
UNIVERSAL,INST-E01-16,Identificação dos erros,INSTRUTOR-PRATICO,NAO_CONFIRMADO,UNIVERSAL,NAO_LOCALIZADO_NA_REVISAO_PTO_VERSIONADA,,INST-E01,1,Codigo e nome canonicos do snapshot 2026-07-15; usar diretamente na revisao do PTO; o changeset 2026-07-15 e parcial e nao substitui este registro.
UNIVERSAL,INST-E01-17,Intervenção oportuna,INSTRUTOR-PRATICO,NAO_CONFIRMADO,UNIVERSAL,NAO_LOCALIZADO_NA_REVISAO_PTO_VERSIONADA,,INST-E01,1,Codigo e nome canonicos do snapshot 2026-07-15; usar diretamente na revisao do PTO; o changeset 2026-07-15 e parcial e nao substitui este registro.
UNIVERSAL,INST-E01-18,Treinamento corretivo,INSTRUTOR-PRATICO,NAO_CONFIRMADO,UNIVERSAL,NAO_LOCALIZADO_NA_REVISAO_PTO_VERSIONADA,,INST-E01,1,Codigo e nome canonicos do snapshot 2026-07-15; usar diretamente na revisao do PTO; o changeset 2026-07-15 e parcial e nao substitui este registro.
UNIVERSAL,INST-E02-01,Briefing de risco,INSTRUTOR-PRATICO,BRIEFING,UNIVERSAL,NAO_LOCALIZADO_NA_REVISAO_PTO_VERSIONADA,,INST-E02,1,Codigo e nome canonicos do snapshot 2026-07-15; usar diretamente na revisao do PTO; o changeset 2026-07-15 e parcial e nao substitui este registro.
UNIVERSAL,INST-E02-02,Falha de motor,INSTRUTOR-PRATICO,EMERGENCIA,UNIVERSAL,NAO_LOCALIZADO_NA_REVISAO_PTO_VERSIONADA,,INST-E02,1,Codigo e nome canonicos do snapshot 2026-07-15; usar diretamente na revisao do PTO; o changeset 2026-07-15 e parcial e nao substitui este registro.
UNIVERSAL,INST-E02-03,Decolagem rejeitada/continuada,INSTRUTOR-PRATICO,NAO_CONFIRMADO,UNIVERSAL,NAO_LOCALIZADO_NA_REVISAO_PTO_VERSIONADA,,INST-E02,1,Codigo e nome canonicos do snapshot 2026-07-15; usar diretamente na revisao do PTO; o changeset 2026-07-15 e parcial e nao substitui este registro.
UNIVERSAL,INST-E02-04,Potência e limitações OEI,INSTRUTOR-PRATICO,EMERGENCIA,UNIVERSAL,NAO_LOCALIZADO_NA_REVISAO_PTO_VERSIONADA,,INST-E02,1,Codigo e nome canonicos do snapshot 2026-07-15; usar diretamente na revisao do PTO; o changeset 2026-07-15 e parcial e nao substitui este registro.
UNIVERSAL,INST-E02-05,Condução OEI,INSTRUTOR-PRATICO,EMERGENCIA,UNIVERSAL,NAO_LOCALIZADO_NA_REVISAO_PTO_VERSIONADA,,INST-E02,1,Codigo e nome canonicos do snapshot 2026-07-15; usar diretamente na revisao do PTO; o changeset 2026-07-15 e parcial e nao substitui este registro.
UNIVERSAL,INST-E02-06,Aproximação OEI,INSTRUTOR-PRATICO,EMERGENCIA,UNIVERSAL,NAO_LOCALIZADO_NA_REVISAO_PTO_VERSIONADA,,INST-E02,1,Codigo e nome canonicos do snapshot 2026-07-15; usar diretamente na revisao do PTO; o changeset 2026-07-15 e parcial e nao substitui este registro.
UNIVERSAL,INST-E02-07,Pouso de emergência,INSTRUTOR-PRATICO,EMERGENCIA,UNIVERSAL,NAO_LOCALIZADO_NA_REVISAO_PTO_VERSIONADA,,INST-E02,1,Codigo e nome canonicos do snapshot 2026-07-15; usar diretamente na revisao do PTO; o changeset 2026-07-15 e parcial e nao substitui este registro.
UNIVERSAL,INST-E02-08,Intervenção pelos assentos,INSTRUTOR-PRATICO,NAO_CONFIRMADO,UNIVERSAL,NAO_LOCALIZADO_NA_REVISAO_PTO_VERSIONADA,,INST-E02,1,Codigo e nome canonicos do snapshot 2026-07-15; usar diretamente na revisao do PTO; o changeset 2026-07-15 e parcial e nao substitui este registro.
UNIVERSAL,INST-E02-09,Consequências da intervenção,INSTRUTOR-PRATICO,NAO_CONFIRMADO,UNIVERSAL,NAO_LOCALIZADO_NA_REVISAO_PTO_VERSIONADA,,INST-E02,1,Codigo e nome canonicos do snapshot 2026-07-15; usar diretamente na revisao do PTO; o changeset 2026-07-15 e parcial e nao substitui este registro.
UNIVERSAL,INST-E02-10,Operação da estação,INSTRUTOR-PRATICO,NAO_CONFIRMADO,UNIVERSAL,NAO_LOCALIZADO_NA_REVISAO_PTO_VERSIONADA,,INST-E02,1,Codigo e nome canonicos do snapshot 2026-07-15; usar diretamente na revisao do PTO; o changeset 2026-07-15 e parcial e nao substitui este registro.
UNIVERSAL,INST-E02-11,Recuperação de cenário,INSTRUTOR-PRATICO,NAO_CONFIRMADO,UNIVERSAL,NAO_LOCALIZADO_NA_REVISAO_PTO_VERSIONADA,,INST-E02,1,Codigo e nome canonicos do snapshot 2026-07-15; usar diretamente na revisao do PTO; o changeset 2026-07-15 e parcial e nao substitui este registro.
UNIVERSAL,INST-E02-12,Sequenciamento de panes,INSTRUTOR-PRATICO,EMERGENCIA,UNIVERSAL,NAO_LOCALIZADO_NA_REVISAO_PTO_VERSIONADA,,INST-E02,1,Codigo e nome canonicos do snapshot 2026-07-15; usar diretamente na revisao do PTO; o changeset 2026-07-15 e parcial e nao substitui este registro.
UNIVERSAL,INST-E02-13,Condução no assento aplicável,INSTRUTOR-PRATICO,NAO_CONFIRMADO,UNIVERSAL,NAO_LOCALIZADO_NA_REVISAO_PTO_VERSIONADA,,INST-E02,1,Codigo e nome canonicos do snapshot 2026-07-15; usar diretamente na revisao do PTO; o changeset 2026-07-15 e parcial e nao substitui este registro.
UNIVERSAL,INST-E02-14,Monitoramento do aluno,INSTRUTOR-PRATICO,NAO_CONFIRMADO,UNIVERSAL,NAO_LOCALIZADO_NA_REVISAO_PTO_VERSIONADA,,INST-E02,1,Codigo e nome canonicos do snapshot 2026-07-15; usar diretamente na revisao do PTO; o changeset 2026-07-15 e parcial e nao substitui este registro.
UNIVERSAL,INST-E02-15,Progressão incompatível,INSTRUTOR-PRATICO,NAO_CONFIRMADO,UNIVERSAL,NAO_LOCALIZADO_NA_REVISAO_PTO_VERSIONADA,,INST-E02,1,Codigo e nome canonicos do snapshot 2026-07-15; usar diretamente na revisao do PTO; o changeset 2026-07-15 e parcial e nao substitui este registro.
UNIVERSAL,INST-E02-16,Ação corretiva,INSTRUTOR-PRATICO,NAO_CONFIRMADO,UNIVERSAL,NAO_LOCALIZADO_NA_REVISAO_PTO_VERSIONADA,,INST-E02,1,Codigo e nome canonicos do snapshot 2026-07-15; usar diretamente na revisao do PTO; o changeset 2026-07-15 e parcial e nao substitui este registro.
UNIVERSAL,INST-E02-17,Instrução integrada,INSTRUTOR-PRATICO,NAO_CONFIRMADO,UNIVERSAL,NAO_LOCALIZADO_NA_REVISAO_PTO_VERSIONADA,,INST-E02,1,Codigo e nome canonicos do snapshot 2026-07-15; usar diretamente na revisao do PTO; o changeset 2026-07-15 e parcial e nao substitui este registro.
UNIVERSAL,INST-E02-18,Avaliação final,INSTRUTOR-PRATICO,NAO_CONFIRMADO,UNIVERSAL,NAO_LOCALIZADO_NA_REVISAO_PTO_VERSIONADA,,INST-E02,1,Codigo e nome canonicos do snapshot 2026-07-15; usar diretamente na revisao do PTO; o changeset 2026-07-15 e parcial e nao substitui este registro.
SK76,S76-ACI-01,Procedimentos Normais VFR,ACIONAMENTO,PROCEDIMENTO_NORMAL,SK76,docs/vendor/pto/relacao_manobras_pto_rev10_ocr.md + docs/analysis/NOTECHS_MODELOS_MANOBRAS_MATRIX_20260702.csv (baseline anterior) | docs/vendor/pto/relacao_manobras_pto_rev10_ocr.md:pages=109-111 (codigos de modelo antigos),,S76-NOT-01; S76-NOT-02; S76-P-01/04-C1; S76-P-01/04-C2; S76-P-01/04-C3; S76-REQ-01; SK76-I-01/12; SK76-I-02/12; SK76-S-01/02,9,Codigo e nome canonicos do snapshot 2026-07-15; usar diretamente na revisao do PTO; o changeset 2026-07-15 e parcial e nao substitui este registro.
SK76,S76-ACI-02,Procedimentos Normais IFR,ACIONAMENTO,PROCEDIMENTO_NORMAL,SK76,docs/vendor/pto/relacao_manobras_pto_rev10_ocr.md + docs/analysis/NOTECHS_MODELOS_MANOBRAS_MATRIX_20260702.csv (baseline anterior) | docs/vendor/pto/relacao_manobras_pto_rev10_ocr.md:pages=109-111 (codigos de modelo antigos),,S76-P-02/04-C1; S76-P-02/04-C2; S76-P-02/04-C3; SK76-I-04/12; SK76-I-05/12; SK76-S-02/02,6,Codigo e nome canonicos do snapshot 2026-07-15; usar diretamente na revisao do PTO; o changeset 2026-07-15 e parcial e nao substitui este registro.
SK76,S76-AFC-01,Falha no flight director,AFCS,EMERGENCIA,SK76,docs/vendor/pto/relacao_manobras_pto_rev10_ocr.md + docs/analysis/NOTECHS_MODELOS_MANOBRAS_MATRIX_20260702.csv (baseline anterior),,SK76-I-03/12; SK76-I-04/12; SK76-I-07/12; SK76-I-10/12; SK76-I-11/12,5,Codigo e nome canonicos do snapshot 2026-07-15; usar diretamente na revisao do PTO; o changeset 2026-07-15 e parcial e nao substitui este registro.
SK76,S76-AFC-02,Falha no piloto automático,AFCS,EMERGENCIA,SK76,docs/vendor/pto/relacao_manobras_pto_rev10_ocr.md + docs/analysis/NOTECHS_MODELOS_MANOBRAS_MATRIX_20260702.csv (baseline anterior),,SK76-I-04/12; SK76-I-07/12; SK76-I-10/12; SK76-I-11/12; SK76-I-12/12,5,Codigo e nome canonicos do snapshot 2026-07-15; usar diretamente na revisao do PTO; o changeset 2026-07-15 e parcial e nao substitui este registro.
SK76,S76-AFC-03,Falha no indicador TS,AFCS,EMERGENCIA,SK76,docs/vendor/pto/relacao_manobras_pto_rev10_ocr.md + docs/analysis/NOTECHS_MODELOS_MANOBRAS_MATRIX_20260702.csv (baseline anterior),,SK76-I-03/12; SK76-I-04/12,2,Codigo e nome canonicos do snapshot 2026-07-15; usar diretamente na revisao do PTO; o changeset 2026-07-15 e parcial e nao substitui este registro.
SK76,S76-APR-11,Fogo de Origem Elétrica – VMC (Breakout),APROXIMACAO,EMERGENCIA,SK76,docs/vendor/pto/relacao_manobras_pto_rev10_ocr.md + docs/analysis/NOTECHS_MODELOS_MANOBRAS_MATRIX_20260702.csv (baseline anterior) | docs/vendor/pto/relacao_manobras_pto_rev10_ocr.md:pages=109-111 (codigos de modelo antigos),,S76-P-02/04-C1; SK76-I-09/12,2,Codigo e nome canonicos do snapshot 2026-07-15; usar diretamente na revisao do PTO; o changeset 2026-07-15 e parcial e nao substitui este registro.
SK76,S76-APR-46A,Indicação Insegura – Recolhimento do Trem,APROXIMACAO,PROCEDIMENTO_NORMAL,SK76,docs/vendor/pto/relacao_manobras_pto_rev10_ocr.md + docs/analysis/NOTECHS_MODELOS_MANOBRAS_MATRIX_20260702.csv (baseline anterior) | docs/vendor/pto/relacao_manobras_pto_rev10_ocr.md:pages=109-111 (codigos de modelo antigos),,S76-P-01/04-C2; SK76-I-07/12,2,Codigo e nome canonicos do snapshot 2026-07-15; usar diretamente na revisao do PTO; o changeset 2026-07-15 e parcial e nao substitui este registro.
SK76,S76-APR-47,Trem de Pouso – Extensão de Emergência,APROXIMACAO,EMERGENCIA,SK76,docs/vendor/pto/relacao_manobras_pto_rev10_ocr.md + docs/analysis/NOTECHS_MODELOS_MANOBRAS_MATRIX_20260702.csv (baseline anterior) | docs/vendor/pto/relacao_manobras_pto_rev10_ocr.md:pages=109-111 (codigos de modelo antigos),,S76-P-01/04-C2; SK76-I-07/12,2,Codigo e nome canonicos do snapshot 2026-07-15; usar diretamente na revisao do PTO; o changeset 2026-07-15 e parcial e nao substitui este registro.
SK76,S76-APR-54,Luz de Cautela Windshield Hot,APROXIMACAO,PROCEDIMENTO_NORMAL,SK76,docs/vendor/pto/relacao_manobras_pto_rev10_ocr.md:pages=109-111 (codigos de modelo antigos),,S76-P-02/04-C2,1,Codigo e nome canonicos do snapshot 2026-07-15; usar diretamente na revisao do PTO; o changeset 2026-07-15 e parcial e nao substitui este registro.
SK76,S76-APR-67,Emperramento do Amortecedor de Comando,APROXIMACAO,PROCEDIMENTO_NORMAL,SK76,docs/vendor/pto/relacao_manobras_pto_rev10_ocr.md:pages=109-111 (codigos de modelo antigos),,S76-P-01/04-C3,1,Codigo e nome canonicos do snapshot 2026-07-15; usar diretamente na revisao do PTO; o changeset 2026-07-15 e parcial e nao substitui este registro.
SK76,S76-APR-71,Ditching com Potência,APROXIMACAO,PROCEDIMENTO_NORMAL,SK76,docs/vendor/pto/relacao_manobras_pto_rev10_ocr.md + docs/analysis/NOTECHS_MODELOS_MANOBRAS_MATRIX_20260702.csv (baseline anterior) | docs/vendor/pto/relacao_manobras_pto_rev10_ocr.md:pages=109-111 (codigos de modelo antigos),,S76-NOT-02; S76-P-01/04-C2; SK76-I-10/12,3,Codigo e nome canonicos do snapshot 2026-07-15; usar diretamente na revisao do PTO; o changeset 2026-07-15 e parcial e nao substitui este registro.
SK76,S76-AVI-01,Falha no sistema de dados de voo,AVIONICOS,EMERGENCIA,SK76,docs/vendor/pto/relacao_manobras_pto_rev10_ocr.md + docs/analysis/NOTECHS_MODELOS_MANOBRAS_MATRIX_20260702.csv (baseline anterior),,SK76-I-03/12; SK76-I-04/12; SK76-I-07/12; SK76-I-10/12,4,Codigo e nome canonicos do snapshot 2026-07-15; usar diretamente na revisao do PTO; o changeset 2026-07-15 e parcial e nao substitui este registro.
SK76,S76-AVI-02,Mau funcionamento do EFIS,AVIONICOS,EMERGENCIA,SK76,docs/vendor/pto/relacao_manobras_pto_rev10_ocr.md + docs/analysis/NOTECHS_MODELOS_MANOBRAS_MATRIX_20260702.csv (baseline anterior),,SK76-I-03/12; SK76-I-04/12,2,Codigo e nome canonicos do snapshot 2026-07-15; usar diretamente na revisao do PTO; o changeset 2026-07-15 e parcial e nao substitui este registro.
SK76,S76-AVI-03,Falha no sistema mestre de rádio,AVIONICOS,EMERGENCIA,SK76,docs/vendor/pto/relacao_manobras_pto_rev10_ocr.md + docs/analysis/NOTECHS_MODELOS_MANOBRAS_MATRIX_20260702.csv (baseline anterior),,SK76-I-03/12; SK76-I-04/12,2,Codigo e nome canonicos do snapshot 2026-07-15; usar diretamente na revisao do PTO; o changeset 2026-07-15 e parcial e nao substitui este registro.
SK76,S76-AVI-04,Perda de referência de 26 VAC,AVIONICOS,EMERGENCIA,SK76,docs/vendor/pto/relacao_manobras_pto_rev10_ocr.md + docs/analysis/NOTECHS_MODELOS_MANOBRAS_MATRIX_20260702.csv (baseline anterior),,SK76-I-03/12; SK76-I-04/12,2,Codigo e nome canonicos do snapshot 2026-07-15; usar diretamente na revisao do PTO; o changeset 2026-07-15 e parcial e nao substitui este registro.
SK76,S76-AVI-05,Perda do indicador primário de atitude em IMC,AVIONICOS,EMERGENCIA,SK76,docs/vendor/pto/relacao_manobras_pto_rev10_ocr.md + docs/analysis/NOTECHS_MODELOS_MANOBRAS_MATRIX_20260702.csv (baseline anterior),,SK76-I-03/12; SK76-I-04/12; SK76-I-07/12; SK76-I-10/12,4,Codigo e nome canonicos do snapshot 2026-07-15; usar diretamente na revisao do PTO; o changeset 2026-07-15 e parcial e nao substitui este registro.
SK76,S76-CKL-01,Checklist e preparação noturna,PROCEDIMENTO,PROCEDIMENTO_NORMAL,SK76,docs/vendor/pto/relacao_manobras_pto_rev10_ocr.md + docs/analysis/NOTECHS_MODELOS_MANOBRAS_MATRIX_20260702.csv (baseline anterior),,S76-NOT-01; S76-NOT-02; S76-REQ-01; SK76-I-01/12; SK76-I-02/12; SK76-I-03/12; SK76-I-04/12; SK76-I-05/12; SK76-S-01/02; SK76-S-02/02,10,Codigo e nome canonicos do snapshot 2026-07-15; usar diretamente na revisao do PTO; o changeset 2026-07-15 e parcial e nao substitui este registro.
SK76,S76-CKL-02,Aplicação de checklist anormal,PROCEDIMENTO,PROCEDIMENTO_NORMAL,SK76,docs/vendor/pto/relacao_manobras_pto_rev10_ocr.md + docs/analysis/NOTECHS_MODELOS_MANOBRAS_MATRIX_20260702.csv (baseline anterior),,SK76-I-03/12; SK76-I-06/12,2,Codigo e nome canonicos do snapshot 2026-07-15; usar diretamente na revisao do PTO; o changeset 2026-07-15 e parcial e nao substitui este registro.
SK76,S76-CKL-03,Aplicação do ECL para falha de motor,PROCEDIMENTO,EMERGENCIA,SK76,docs/vendor/pto/relacao_manobras_pto_rev10_ocr.md + docs/analysis/NOTECHS_MODELOS_MANOBRAS_MATRIX_20260702.csv (baseline anterior),,S76-NOT-01; S76-NOT-02,2,Codigo e nome canonicos do snapshot 2026-07-15; usar diretamente na revisao do PTO; o changeset 2026-07-15 e parcial e nao substitui este registro.
SK76,S76-CKL-04,ECL para DECU e falha de motor na decolagem/aproximação,PROCEDIMENTO,EMERGENCIA,SK76,docs/vendor/pto/relacao_manobras_pto_rev10_ocr.md + docs/analysis/NOTECHS_MODELOS_MANOBRAS_MATRIX_20260702.csv (baseline anterior),,SK76-I-06/12,1,Codigo e nome canonicos do snapshot 2026-07-15; usar diretamente na revisao do PTO; o changeset 2026-07-15 e parcial e nao substitui este registro.
SK76,S76-CKL-05,Ações de memória e ECL para rotor/transmissão,PROCEDIMENTO,PROCEDIMENTO_NORMAL,SK76,docs/vendor/pto/relacao_manobras_pto_rev10_ocr.md + docs/analysis/NOTECHS_MODELOS_MANOBRAS_MATRIX_20260702.csv (baseline anterior),,SK76-I-08/12,1,Codigo e nome canonicos do snapshot 2026-07-15; usar diretamente na revisao do PTO; o changeset 2026-07-15 e parcial e nao substitui este registro.
SK76,S76-CKL-06,Ações de memória para fogo/fumaça,PROCEDIMENTO,EMERGENCIA,SK76,docs/vendor/pto/relacao_manobras_pto_rev10_ocr.md + docs/analysis/NOTECHS_MODELOS_MANOBRAS_MATRIX_20260702.csv (baseline anterior),,SK76-I-09/12; SK76-I-12/12,2,Codigo e nome canonicos do snapshot 2026-07-15; usar diretamente na revisao do PTO; o changeset 2026-07-15 e parcial e nao substitui este registro.
SK76,S76-CKL-07,Checklist e ECL específico para operação offshore,PROCEDIMENTO,PROCEDIMENTO_NORMAL,SK76,docs/vendor/pto/relacao_manobras_pto_rev10_ocr.md + docs/analysis/NOTECHS_MODELOS_MANOBRAS_MATRIX_20260702.csv (baseline anterior),,SK76-I-10/12,1,Codigo e nome canonicos do snapshot 2026-07-15; usar diretamente na revisao do PTO; o changeset 2026-07-15 e parcial e nao substitui este registro.
SK76,S76-CRZ-01,Estol de Compressor (Compressor Stall),CRUZEIRO,PROCEDIMENTO_NORMAL,SK76,docs/vendor/pto/relacao_manobras_pto_rev10_ocr.md + docs/analysis/NOTECHS_MODELOS_MANOBRAS_MATRIX_20260702.csv (baseline anterior) | docs/vendor/pto/relacao_manobras_pto_rev10_ocr.md:pages=109-111 (codigos de modelo antigos),,S76-P-01/04-C1; SK76-S-02/02,2,Codigo e nome canonicos do snapshot 2026-07-15; usar diretamente na revisao do PTO; o changeset 2026-07-15 e parcial e nao substitui este registro.
SK76,S76-CRZ-02,Vibração do Rotor Principal,CRUZEIRO,PROCEDIMENTO_NORMAL,SK76,docs/vendor/pto/relacao_manobras_pto_rev10_ocr.md + docs/analysis/NOTECHS_MODELOS_MANOBRAS_MATRIX_20260702.csv (baseline anterior) | docs/vendor/pto/relacao_manobras_pto_rev10_ocr.md:pages=109-111 (codigos de modelo antigos),,S76-P-01/04-C1; SK76-I-08/12,2,Codigo e nome canonicos do snapshot 2026-07-15; usar diretamente na revisao do PTO; o changeset 2026-07-15 e parcial e nao substitui este registro.
SK76,S76-CRZ-03,Recuperação Atitudes Anormais,CRUZEIRO,PROCEDIMENTO_NORMAL,SK76,docs/vendor/pto/relacao_manobras_pto_rev10_ocr.md + docs/analysis/NOTECHS_MODELOS_MANOBRAS_MATRIX_20260702.csv (baseline anterior) | docs/vendor/pto/relacao_manobras_pto_rev10_ocr.md:pages=109-111 (codigos de modelo antigos),,S76-P-02/04-C3; SK76-I-04/12; SK76-I-05/12; SK76-I-06/12,4,Codigo e nome canonicos do snapshot 2026-07-15; usar diretamente na revisao do PTO; o changeset 2026-07-15 e parcial e nao substitui este registro.
SK76,S76-CRZ-07,Fogo no Compartimento do Motor em Voo,CRUZEIRO,EMERGENCIA,SK76,docs/vendor/pto/relacao_manobras_pto_rev10_ocr.md + docs/analysis/NOTECHS_MODELOS_MANOBRAS_MATRIX_20260702.csv (baseline anterior) | docs/vendor/pto/relacao_manobras_pto_rev10_ocr.md:pages=109-111 (codigos de modelo antigos),,S76-P-01/04-C2; SK76-I-09/12,2,Codigo e nome canonicos do snapshot 2026-07-15; usar diretamente na revisao do PTO; o changeset 2026-07-15 e parcial e nao substitui este registro.
SK76,S76-CRZ-10,Fumaça no Compartimento de Bagagem,CRUZEIRO,EMERGENCIA,SK76,docs/vendor/pto/relacao_manobras_pto_rev10_ocr.md:pages=109-111 (codigos de modelo antigos),,S76-P-01/04-C3,1,Codigo e nome canonicos do snapshot 2026-07-15; usar diretamente na revisao do PTO; o changeset 2026-07-15 e parcial e nao substitui este registro.
SK76,S76-CRZ-10A,Fogo / Fumaça na Cabine em Voo,CRUZEIRO,EMERGENCIA,SK76,docs/vendor/pto/relacao_manobras_pto_rev10_ocr.md + docs/analysis/NOTECHS_MODELOS_MANOBRAS_MATRIX_20260702.csv (baseline anterior) | docs/vendor/pto/relacao_manobras_pto_rev10_ocr.md:pages=109-111 (codigos de modelo antigos),,S76-P-02/04-C3; SK76-I-09/12,2,Codigo e nome canonicos do snapshot 2026-07-15; usar diretamente na revisao do PTO; o changeset 2026-07-15 e parcial e nao substitui este registro.
SK76,S76-CRZ-10B,Eliminação de Fumaça e Vapores,CRUZEIRO,EMERGENCIA,SK76,docs/vendor/pto/relacao_manobras_pto_rev10_ocr.md:pages=109-111 (codigos de modelo antigos),,S76-P-01/04-C3,1,Codigo e nome canonicos do snapshot 2026-07-15; usar diretamente na revisao do PTO; o changeset 2026-07-15 e parcial e nao substitui este registro.
SK76,S76-CRZ-12,Fogo de Origem Elétrica – IMC,CRUZEIRO,EMERGENCIA,SK76,docs/vendor/pto/relacao_manobras_pto_rev10_ocr.md + docs/analysis/NOTECHS_MODELOS_MANOBRAS_MATRIX_20260702.csv (baseline anterior) | docs/vendor/pto/relacao_manobras_pto_rev10_ocr.md:pages=109-111 (codigos de modelo antigos),,S76-P-02/04-C2; SK76-I-09/12,2,Codigo e nome canonicos do snapshot 2026-07-15; usar diretamente na revisao do PTO; o changeset 2026-07-15 e parcial e nao substitui este registro.
SK76,S76-CRZ-17,Falha de Motor em Cruzeiro,CRUZEIRO,EMERGENCIA,SK76,docs/vendor/pto/relacao_manobras_pto_rev10_ocr.md:pages=109-111 (codigos de modelo antigos),,S76-P-02/04-C1; S76-P-02/04-C2; S76-P-02/04-C3,3,Codigo e nome canonicos do snapshot 2026-07-15; usar diretamente na revisao do PTO; o changeset 2026-07-15 e parcial e nao substitui este registro.
SK76,S76-CRZ-18,Religamento de Motor em Voo,CRUZEIRO,PROCEDIMENTO_NORMAL,SK76,docs/vendor/pto/relacao_manobras_pto_rev10_ocr.md:pages=109-111 (codigos de modelo antigos),,S76-P-01/04-C3,1,Codigo e nome canonicos do snapshot 2026-07-15; usar diretamente na revisao do PTO; o changeset 2026-07-15 e parcial e nao substitui este registro.
SK76,S76-CRZ-18A,Desligamento de Motor em Voo,CRUZEIRO,PROCEDIMENTO_NORMAL,SK76,docs/vendor/pto/relacao_manobras_pto_rev10_ocr.md:pages=109-111 (codigos de modelo antigos),,S76-P-01/04-C3,1,Codigo e nome canonicos do snapshot 2026-07-15; usar diretamente na revisao do PTO; o changeset 2026-07-15 e parcial e nao substitui este registro.
SK76,S76-CRZ-20,Oscilação do Motor,CRUZEIRO,PROCEDIMENTO_NORMAL,SK76,docs/vendor/pto/relacao_manobras_pto_rev10_ocr.md:pages=109-111 (codigos de modelo antigos),,S76-P-02/04-C2,1,Codigo e nome canonicos do snapshot 2026-07-15; usar diretamente na revisao do PTO; o changeset 2026-07-15 e parcial e nao substitui este registro.
SK76,S76-CRZ-20A,Crossfeed Total após Falha de Motor,CRUZEIRO,EMERGENCIA,SK76,docs/vendor/pto/relacao_manobras_pto_rev10_ocr.md + docs/analysis/NOTECHS_MODELOS_MANOBRAS_MATRIX_20260702.csv (baseline anterior) | docs/vendor/pto/relacao_manobras_pto_rev10_ocr.md:pages=109-111 (codigos de modelo antigos),,S76-NOT-02; S76-P-01/04-C2; S76-REQ-01; SK76-I-06/12,4,Codigo e nome canonicos do snapshot 2026-07-15; usar diretamente na revisao do PTO; o changeset 2026-07-15 e parcial e nao substitui este registro.
SK76,S76-CRZ-21,DECU – Falha Degradada,CRUZEIRO,EMERGENCIA,SK76,docs/vendor/pto/relacao_manobras_pto_rev10_ocr.md + docs/analysis/NOTECHS_MODELOS_MANOBRAS_MATRIX_20260702.csv (baseline anterior) | docs/vendor/pto/relacao_manobras_pto_rev10_ocr.md:pages=109-111 (codigos de modelo antigos),,S76-P-02/04-C2; SK76-I-06/12,2,Codigo e nome canonicos do snapshot 2026-07-15; usar diretamente na revisao do PTO; o changeset 2026-07-15 e parcial e nao substitui este registro.
SK76,S76-CRZ-21A,DECU – Falha Menor,CRUZEIRO,EMERGENCIA,SK76,docs/vendor/pto/relacao_manobras_pto_rev10_ocr.md:pages=109-111 (codigos de modelo antigos),,S76-P-02/04-C1,1,Codigo e nome canonicos do snapshot 2026-07-15; usar diretamente na revisao do PTO; o changeset 2026-07-15 e parcial e nao substitui este registro.
SK76,S76-CRZ-22,DECU – Falha Maior – Um Motor,CRUZEIRO,EMERGENCIA,SK76,docs/vendor/pto/relacao_manobras_pto_rev10_ocr.md + docs/analysis/NOTECHS_MODELOS_MANOBRAS_MATRIX_20260702.csv (baseline anterior) | docs/vendor/pto/relacao_manobras_pto_rev10_ocr.md:pages=109-111 (codigos de modelo antigos),,S76-P-02/04-C1; SK76-I-06/12,2,Codigo e nome canonicos do snapshot 2026-07-15; usar diretamente na revisao do PTO; o changeset 2026-07-15 e parcial e nao substitui este registro.
SK76,S76-CRZ-24,DECU – Falha Maior – Ambos os Motores,CRUZEIRO,EMERGENCIA,SK76,docs/vendor/pto/relacao_manobras_pto_rev10_ocr.md + docs/analysis/NOTECHS_MODELOS_MANOBRAS_MATRIX_20260702.csv (baseline anterior) | docs/vendor/pto/relacao_manobras_pto_rev10_ocr.md:pages=109-111 (codigos de modelo antigos),,S76-P-02/04-C3; SK76-I-06/12,2,Codigo e nome canonicos do snapshot 2026-07-15; usar diretamente na revisao do PTO; o changeset 2026-07-15 e parcial e nao substitui este registro.
SK76,S76-CRZ-25,Pressão de Óleo do Motor – Luz de Aviso,CRUZEIRO,PROCEDIMENTO_NORMAL,SK76,docs/vendor/pto/relacao_manobras_pto_rev10_ocr.md:pages=109-111 (codigos de modelo antigos),,S76-P-02/04-C1,1,Codigo e nome canonicos do snapshot 2026-07-15; usar diretamente na revisao do PTO; o changeset 2026-07-15 e parcial e nao substitui este registro.
SK76,S76-CRZ-25A,Temperatura de Óleo do Motor acima do Limite,CRUZEIRO,PROCEDIMENTO_NORMAL,SK76,docs/vendor/pto/relacao_manobras_pto_rev10_ocr.md:pages=109-111 (codigos de modelo antigos),,S76-P-01/04-C3,1,Codigo e nome canonicos do snapshot 2026-07-15; usar diretamente na revisao do PTO; o changeset 2026-07-15 e parcial e nao substitui este registro.
SK76,S76-CRZ-26,Detector de Chip do Motor,CRUZEIRO,EMERGENCIA,SK76,docs/vendor/pto/relacao_manobras_pto_rev10_ocr.md:pages=109-111 (codigos de modelo antigos),,S76-P-02/04-C2,1,Codigo e nome canonicos do snapshot 2026-07-15; usar diretamente na revisao do PTO; o changeset 2026-07-15 e parcial e nao substitui este registro.
SK76,S76-CRZ-30,Mau Func. do Indicador de N1 ou Torque,CRUZEIRO,PROCEDIMENTO_NORMAL,SK76,docs/vendor/pto/relacao_manobras_pto_rev10_ocr.md:pages=109-111 (codigos de modelo antigos),,S76-P-02/04-C1,1,Codigo e nome canonicos do snapshot 2026-07-15; usar diretamente na revisao do PTO; o changeset 2026-07-15 e parcial e nao substitui este registro.
SK76,S76-CRZ-30A,Luz Out of Fly,CRUZEIRO,PROCEDIMENTO_NORMAL,SK76,docs/vendor/pto/relacao_manobras_pto_rev10_ocr.md:pages=109-111 (codigos de modelo antigos),,S76-P-01/04-C3,1,Codigo e nome canonicos do snapshot 2026-07-15; usar diretamente na revisao do PTO; o changeset 2026-07-15 e parcial e nao substitui este registro.
SK76,S76-CRZ-31,Luz de Aviso de Pressão de Combustível,CRUZEIRO,PROCEDIMENTO_NORMAL,SK76,docs/vendor/pto/relacao_manobras_pto_rev10_ocr.md + docs/analysis/NOTECHS_MODELOS_MANOBRAS_MATRIX_20260702.csv (baseline anterior) | docs/vendor/pto/relacao_manobras_pto_rev10_ocr.md:pages=109-111 (codigos de modelo antigos),,S76-P-01/04-C2; SK76-I-03/12,2,Codigo e nome canonicos do snapshot 2026-07-15; usar diretamente na revisao do PTO; o changeset 2026-07-15 e parcial e nao substitui este registro.
SK76,S76-CRZ-31A,Mau Funcionamento do Indicador de T5,CRUZEIRO,PROCEDIMENTO_NORMAL,SK76,docs/vendor/pto/relacao_manobras_pto_rev10_ocr.md:pages=109-111 (codigos de modelo antigos),,S76-P-02/04-C2,1,Codigo e nome canonicos do snapshot 2026-07-15; usar diretamente na revisao do PTO; o changeset 2026-07-15 e parcial e nao substitui este registro.
SK76,S76-CRZ-32,Luz de Cautela do Filtro de Combustível,CRUZEIRO,PROCEDIMENTO_NORMAL,SK76,docs/vendor/pto/relacao_manobras_pto_rev10_ocr.md + docs/analysis/NOTECHS_MODELOS_MANOBRAS_MATRIX_20260702.csv (baseline anterior) | docs/vendor/pto/relacao_manobras_pto_rev10_ocr.md:pages=109-111 (codigos de modelo antigos),,S76-P-01/04-C1; SK76-S-02/02,2,Codigo e nome canonicos do snapshot 2026-07-15; usar diretamente na revisao do PTO; o changeset 2026-07-15 e parcial e nao substitui este registro.
SK76,S76-CRZ-32A,Fluxo de Combustível fora do Normal,CRUZEIRO,PROCEDIMENTO_NORMAL,SK76,docs/vendor/pto/relacao_manobras_pto_rev10_ocr.md + docs/analysis/NOTECHS_MODELOS_MANOBRAS_MATRIX_20260702.csv (baseline anterior) | docs/vendor/pto/relacao_manobras_pto_rev10_ocr.md:pages=109-111 (codigos de modelo antigos),,S76-P-01/04-C1; SK76-S-02/02,2,Codigo e nome canonicos do snapshot 2026-07-15; usar diretamente na revisao do PTO; o changeset 2026-07-15 e parcial e nao substitui este registro.
SK76,S76-CRZ-32B,Luz de Cautela Fuel Low,CRUZEIRO,EMERGENCIA,SK76,docs/vendor/pto/relacao_manobras_pto_rev10_ocr.md:pages=109-111 (codigos de modelo antigos),,S76-P-01/04-C2,1,Codigo e nome canonicos do snapshot 2026-07-15; usar diretamente na revisao do PTO; o changeset 2026-07-15 e parcial e nao substitui este registro.
SK76,S76-CRZ-33,Pressão de Óleo da MGB Baixa,CRUZEIRO,PROCEDIMENTO_NORMAL,SK76,docs/vendor/pto/relacao_manobras_pto_rev10_ocr.md + docs/analysis/NOTECHS_MODELOS_MANOBRAS_MATRIX_20260702.csv (baseline anterior) | docs/vendor/pto/relacao_manobras_pto_rev10_ocr.md:pages=109-111 (codigos de modelo antigos),,S76-P-01/04-C2; SK76-I-08/12,2,Codigo e nome canonicos do snapshot 2026-07-15; usar diretamente na revisao do PTO; o changeset 2026-07-15 e parcial e nao substitui este registro.
SK76,S76-CRZ-33A,Pressão de Óleo da MGB 40–45 PSI,CRUZEIRO,PROCEDIMENTO_NORMAL,SK76,docs/vendor/pto/relacao_manobras_pto_rev10_ocr.md + docs/analysis/NOTECHS_MODELOS_MANOBRAS_MATRIX_20260702.csv (baseline anterior) | docs/vendor/pto/relacao_manobras_pto_rev10_ocr.md:pages=109-111 (codigos de modelo antigos),,S76-P-01/04-C1; SK76-S-02/02,2,Codigo e nome canonicos do snapshot 2026-07-15; usar diretamente na revisao do PTO; o changeset 2026-07-15 e parcial e nao substitui este registro.
SK76,S76-CRZ-35,Temperatura de Óleo da MGB Alta,CRUZEIRO,PROCEDIMENTO_NORMAL,SK76,docs/vendor/pto/relacao_manobras_pto_rev10_ocr.md + docs/analysis/NOTECHS_MODELOS_MANOBRAS_MATRIX_20260702.csv (baseline anterior) | docs/vendor/pto/relacao_manobras_pto_rev10_ocr.md:pages=109-111 (codigos de modelo antigos),,S76-P-01/04-C3; SK76-I-08/12,2,Codigo e nome canonicos do snapshot 2026-07-15; usar diretamente na revisao do PTO; o changeset 2026-07-15 e parcial e nao substitui este registro.
SK76,S76-CRZ-36,Luz de Cautela de Chip da MGB,CRUZEIRO,EMERGENCIA,SK76,docs/vendor/pto/relacao_manobras_pto_rev10_ocr.md:pages=109-111 (codigos de modelo antigos),,S76-P-01/04-C2,1,Codigo e nome canonicos do snapshot 2026-07-15; usar diretamente na revisao do PTO; o changeset 2026-07-15 e parcial e nao substitui este registro.
SK76,S76-CRZ-37,Luz de Cautela de Chip / Temperatura da IGB/TGB,CRUZEIRO,EMERGENCIA,SK76,docs/vendor/pto/relacao_manobras_pto_rev10_ocr.md:pages=109-111 (codigos de modelo antigos),,S76-P-01/04-C3,1,Codigo e nome canonicos do snapshot 2026-07-15; usar diretamente na revisao do PTO; o changeset 2026-07-15 e parcial e nao substitui este registro.
SK76,S76-CRZ-39,Falha do Sistema de Controle do Rotor de Cauda,CRUZEIRO,EMERGENCIA,SK76,docs/vendor/pto/relacao_manobras_pto_rev10_ocr.md:pages=109-111 (codigos de modelo antigos),,S76-P-01/04-C3,1,Codigo e nome canonicos do snapshot 2026-07-15; usar diretamente na revisao do PTO; o changeset 2026-07-15 e parcial e nao substitui este registro.
SK76,S76-CRZ-39A,Falha do Eixo do Rotor de Cauda em Voo,CRUZEIRO,EMERGENCIA,SK76,docs/vendor/pto/relacao_manobras_pto_rev10_ocr.md + docs/analysis/NOTECHS_MODELOS_MANOBRAS_MATRIX_20260702.csv (baseline anterior) | docs/vendor/pto/relacao_manobras_pto_rev10_ocr.md:pages=109-111 (codigos de modelo antigos),,S76-P-01/04-C2; SK76-I-08/12,2,Codigo e nome canonicos do snapshot 2026-07-15; usar diretamente na revisao do PTO; o changeset 2026-07-15 e parcial e nao substitui este registro.
SK76,S76-CRZ-41,Dano no Rotor de Cauda,CRUZEIRO,PROCEDIMENTO_NORMAL,SK76,docs/vendor/pto/relacao_manobras_pto_rev10_ocr.md + docs/analysis/NOTECHS_MODELOS_MANOBRAS_MATRIX_20260702.csv (baseline anterior) | docs/vendor/pto/relacao_manobras_pto_rev10_ocr.md:pages=109-111 (codigos de modelo antigos),,S76-P-01/04-C3; SK76-I-08/12,2,Codigo e nome canonicos do snapshot 2026-07-15; usar diretamente na revisao do PTO; o changeset 2026-07-15 e parcial e nao substitui este registro.
SK76,S76-CRZ-42,Luz do Sistema Servo Simples,CRUZEIRO,PROCEDIMENTO_NORMAL,SK76,docs/vendor/pto/relacao_manobras_pto_rev10_ocr.md:pages=109-111 (codigos de modelo antigos),,S76-P-01/04-C1,1,Codigo e nome canonicos do snapshot 2026-07-15; usar diretamente na revisao do PTO; o changeset 2026-07-15 e parcial e nao substitui este registro.
SK76,S76-CRZ-43,Luzes de Cautela dos Sistemas Servo 1 e 2,CRUZEIRO,PROCEDIMENTO_NORMAL,SK76,docs/vendor/pto/relacao_manobras_pto_rev10_ocr.md:pages=109-111 (codigos de modelo antigos),,S76-P-01/04-C2,1,Codigo e nome canonicos do snapshot 2026-07-15; usar diretamente na revisao do PTO; o changeset 2026-07-15 e parcial e nao substitui este registro.
SK76,S76-CRZ-48,Luz de Cautela de Rolamento do Gerador CA,CRUZEIRO,PROCEDIMENTO_NORMAL,SK76,docs/vendor/pto/relacao_manobras_pto_rev10_ocr.md:pages=109-111 (codigos de modelo antigos),,S76-P-02/04-C3,1,Codigo e nome canonicos do snapshot 2026-07-15; usar diretamente na revisao do PTO; o changeset 2026-07-15 e parcial e nao substitui este registro.
SK76,S76-CRZ-50,Luzes de Cautela dos Geradores CC 1 e 2,CRUZEIRO,PROCEDIMENTO_NORMAL,SK76,docs/vendor/pto/relacao_manobras_pto_rev10_ocr.md:pages=109-111 (codigos de modelo antigos),,S76-P-02/04-C2,1,Codigo e nome canonicos do snapshot 2026-07-15; usar diretamente na revisao do PTO; o changeset 2026-07-15 e parcial e nao substitui este registro.
SK76,S76-CRZ-50A,Luz de Cautela de Gerador CC Simples,CRUZEIRO,PROCEDIMENTO_NORMAL,SK76,docs/vendor/pto/relacao_manobras_pto_rev10_ocr.md:pages=109-111 (codigos de modelo antigos),,S76-P-02/04-C1,1,Codigo e nome canonicos do snapshot 2026-07-15; usar diretamente na revisao do PTO; o changeset 2026-07-15 e parcial e nao substitui este registro.
SK76,S76-CRZ-53,Luz de Cautela Bus Tie Open,CRUZEIRO,PROCEDIMENTO_NORMAL,SK76,docs/vendor/pto/relacao_manobras_pto_rev10_ocr.md:pages=109-111 (codigos de modelo antigos),,S76-P-02/04-C2,1,Codigo e nome canonicos do snapshot 2026-07-15; usar diretamente na revisao do PTO; o changeset 2026-07-15 e parcial e nao substitui este registro.
SK76,S76-CRZ-54A,Luz de Cautela Ess Bus Volts Low,CRUZEIRO,EMERGENCIA,SK76,docs/vendor/pto/relacao_manobras_pto_rev10_ocr.md:pages=109-111 (codigos de modelo antigos),,S76-P-02/04-C3,1,Codigo e nome canonicos do snapshot 2026-07-15; usar diretamente na revisao do PTO; o changeset 2026-07-15 e parcial e nao substitui este registro.
SK76,S76-CRZ-55,Luz de Cautela Engine Anti-Ice,CRUZEIRO,PROCEDIMENTO_NORMAL,SK76,docs/vendor/pto/relacao_manobras_pto_rev10_ocr.md:pages=109-111 (codigos de modelo antigos),,S76-P-02/04-C3,1,Codigo e nome canonicos do snapshot 2026-07-15; usar diretamente na revisao do PTO; o changeset 2026-07-15 e parcial e nao substitui este registro.
SK76,S76-CRZ-57,Falha do Piloto Automático – Dual / Simples,CRUZEIRO,EMERGENCIA,SK76,docs/vendor/pto/relacao_manobras_pto_rev10_ocr.md:pages=109-111 (codigos de modelo antigos),,S76-P-02/04-C1,1,Codigo e nome canonicos do snapshot 2026-07-15; usar diretamente na revisao do PTO; o changeset 2026-07-15 e parcial e nao substitui este registro.
SK76,S76-CRZ-58,Falha do Trim (Trim Fail Caution),CRUZEIRO,EMERGENCIA,SK76,docs/vendor/pto/relacao_manobras_pto_rev10_ocr.md:pages=109-111 (codigos de modelo antigos),,S76-P-02/04-C1,1,Codigo e nome canonicos do snapshot 2026-07-15; usar diretamente na revisao do PTO; o changeset 2026-07-15 e parcial e nao substitui este registro.
SK76,S76-CRZ-59,Cautela de Coletivo / Decouple,CRUZEIRO,PROCEDIMENTO_NORMAL,SK76,docs/vendor/pto/relacao_manobras_pto_rev10_ocr.md:pages=109-111 (codigos de modelo antigos),,S76-P-02/04-C2,1,Codigo e nome canonicos do snapshot 2026-07-15; usar diretamente na revisao do PTO; o changeset 2026-07-15 e parcial e nao substitui este registro.
SK76,S76-CRZ-59A,Mau Funcionamento de Hardover / Oscilatório,CRUZEIRO,PROCEDIMENTO_NORMAL,SK76,docs/vendor/pto/relacao_manobras_pto_rev10_ocr.md:pages=109-111 (codigos de modelo antigos),,S76-P-02/04-C3,1,Codigo e nome canonicos do snapshot 2026-07-15; usar diretamente na revisao do PTO; o changeset 2026-07-15 e parcial e nao substitui este registro.
SK76,S76-CRZ-60,Falha do Diretor de Voo / FD Coupler,CRUZEIRO,EMERGENCIA,SK76,docs/vendor/pto/relacao_manobras_pto_rev10_ocr.md:pages=109-111 (codigos de modelo antigos),,S76-P-02/04-C1,1,Codigo e nome canonicos do snapshot 2026-07-15; usar diretamente na revisao do PTO; o changeset 2026-07-15 e parcial e nao substitui este registro.
SK76,S76-CRZ-61,Falha do ADC – Computador de Dados de Voo,CRUZEIRO,EMERGENCIA,SK76,docs/vendor/pto/relacao_manobras_pto_rev10_ocr.md:pages=109-111 (codigos de modelo antigos),,S76-P-02/04-C2,1,Codigo e nome canonicos do snapshot 2026-07-15; usar diretamente na revisao do PTO; o changeset 2026-07-15 e parcial e nao substitui este registro.
SK76,S76-CRZ-61A,Falha do Freio Magnético – Cíclico / Coletivo,CRUZEIRO,EMERGENCIA,SK76,docs/vendor/pto/relacao_manobras_pto_rev10_ocr.md:pages=109-111 (codigos de modelo antigos),,S76-P-02/04-C3,1,Codigo e nome canonicos do snapshot 2026-07-15; usar diretamente na revisao do PTO; o changeset 2026-07-15 e parcial e nao substitui este registro.
SK76,S76-CRZ-62,Falha do Display IIDS,CRUZEIRO,EMERGENCIA,SK76,docs/vendor/pto/relacao_manobras_pto_rev10_ocr.md:pages=109-111 (codigos de modelo antigos),,S76-P-02/04-C3,1,Codigo e nome canonicos do snapshot 2026-07-15; usar diretamente na revisao do PTO; o changeset 2026-07-15 e parcial e nao substitui este registro.
SK76,S76-CRZ-62A,Falha do Gerador de Símbolo / ADC,CRUZEIRO,EMERGENCIA,SK76,docs/vendor/pto/relacao_manobras_pto_rev10_ocr.md:pages=109-111 (codigos de modelo antigos),,S76-P-02/04-C3,1,Codigo e nome canonicos do snapshot 2026-07-15; usar diretamente na revisao do PTO; o changeset 2026-07-15 e parcial e nao substitui este registro.
SK76,S76-CRZ-63,Falha do Ventilador CRT / Discrepância,CRUZEIRO,EMERGENCIA,SK76,docs/vendor/pto/relacao_manobras_pto_rev10_ocr.md:pages=109-111 (codigos de modelo antigos),,S76-P-02/04-C3,1,Codigo e nome canonicos do snapshot 2026-07-15; usar diretamente na revisao do PTO; o changeset 2026-07-15 e parcial e nao substitui este registro.
SK76,S76-CRZ-63A,Falha da Tela CRT / Falha Total do EFIS,CRUZEIRO,EMERGENCIA,SK76,docs/vendor/pto/relacao_manobras_pto_rev10_ocr.md:pages=109-111 (codigos de modelo antigos),,S76-P-02/04-C2,1,Codigo e nome canonicos do snapshot 2026-07-15; usar diretamente na revisao do PTO; o changeset 2026-07-15 e parcial e nao substitui este registro.
SK76,S76-CRZ-65,Falha do AHRS,CRUZEIRO,EMERGENCIA,SK76,docs/vendor/pto/relacao_manobras_pto_rev10_ocr.md:pages=109-111 (codigos de modelo antigos),,S76-P-02/04-C1,1,Codigo e nome canonicos do snapshot 2026-07-15; usar diretamente na revisao do PTO; o changeset 2026-07-15 e parcial e nao substitui este registro.
SK76,S76-CRZ-69,Emperramento do Comando de Passo Coletivo,CRUZEIRO,PROCEDIMENTO_NORMAL,SK76,docs/vendor/pto/relacao_manobras_pto_rev10_ocr.md:pages=109-111 (codigos de modelo antigos),,S76-P-01/04-C2,1,Codigo e nome canonicos do snapshot 2026-07-15; usar diretamente na revisao do PTO; o changeset 2026-07-15 e parcial e nao substitui este registro.
SK76,S76-DEC-01,Decolagem Classe 2 – Helideck (TDP),DECOLAGEM,PROCEDIMENTO_NORMAL,SK76,docs/vendor/pto/relacao_manobras_pto_rev10_ocr.md + docs/analysis/NOTECHS_MODELOS_MANOBRAS_MATRIX_20260702.csv (baseline anterior) | docs/vendor/pto/relacao_manobras_pto_rev10_ocr.md:pages=109-111 (codigos de modelo antigos),,S76-NOT-02; S76-P-01/04-C1; S76-P-01/04-C2; S76-P-01/04-C3; S76-REQ-01; SK76-I-10/12,6,Codigo e nome canonicos do snapshot 2026-07-15; usar diretamente na revisao do PTO; o changeset 2026-07-15 e parcial e nao substitui este registro.
SK76,S76-DEC-02,Uso do Diretor de Voo e Automação,DECOLAGEM,PROCEDIMENTO_NORMAL,SK76,docs/vendor/pto/relacao_manobras_pto_rev10_ocr.md + docs/analysis/NOTECHS_MODELOS_MANOBRAS_MATRIX_20260702.csv (baseline anterior) | docs/vendor/pto/relacao_manobras_pto_rev10_ocr.md:pages=109-111 (codigos de modelo antigos),,S76-P-02/04-C1; S76-P-02/04-C2; S76-P-02/04-C3; SK76-I-04/12; SK76-I-05/12,5,Codigo e nome canonicos do snapshot 2026-07-15; usar diretamente na revisao do PTO; o changeset 2026-07-15 e parcial e nao substitui este registro.
SK76,S76-DEC-03,Controle Geral IFR,DECOLAGEM,PROCEDIMENTO_NORMAL,SK76,docs/vendor/pto/relacao_manobras_pto_rev10_ocr.md + docs/analysis/NOTECHS_MODELOS_MANOBRAS_MATRIX_20260702.csv (baseline anterior) | docs/vendor/pto/relacao_manobras_pto_rev10_ocr.md:pages=109-111 (codigos de modelo antigos),,S76-P-02/04-C1; S76-P-02/04-C2; S76-P-02/04-C3; SK76-I-04/12; SK76-I-05/12; SK76-I-06/12,6,Codigo e nome canonicos do snapshot 2026-07-15; usar diretamente na revisao do PTO; o changeset 2026-07-15 e parcial e nao substitui este registro.
SK76,S76-DEC-14,Falha de Motor – Decolagem Abortada,DECOLAGEM,EMERGENCIA,SK76,docs/vendor/pto/relacao_manobras_pto_rev10_ocr.md:pages=109-111 (codigos de modelo antigos),,S76-P-01/04-C1,1,Codigo e nome canonicos do snapshot 2026-07-15; usar diretamente na revisao do PTO; o changeset 2026-07-15 e parcial e nao substitui este registro.
SK76,S76-DEC-15,Falha de Motor – Decolagem Continuada,DECOLAGEM,EMERGENCIA,SK76,docs/vendor/pto/relacao_manobras_pto_rev10_ocr.md:pages=109-111 (codigos de modelo antigos),,S76-P-01/04-C1,1,Codigo e nome canonicos do snapshot 2026-07-15; usar diretamente na revisao do PTO; o changeset 2026-07-15 e parcial e nao substitui este registro.
SK76,S76-DSC-01,Holding Pattern,DESCIDA,PROCEDIMENTO_NORMAL,SK76,docs/vendor/pto/relacao_manobras_pto_rev10_ocr.md + docs/analysis/NOTECHS_MODELOS_MANOBRAS_MATRIX_20260702.csv (baseline anterior) | docs/vendor/pto/relacao_manobras_pto_rev10_ocr.md:pages=109-111 (codigos de modelo antigos),,S76-P-02/04-C1; S76-P-02/04-C2; SK76-I-05/12,3,Codigo e nome canonicos do snapshot 2026-07-15; usar diretamente na revisao do PTO; o changeset 2026-07-15 e parcial e nao substitui este registro.
SK76,S76-ELE-01,Falha de alimentação no barramento essencial DC,ELETRICO,EMERGENCIA,SK76,docs/vendor/pto/relacao_manobras_pto_rev10_ocr.md + docs/analysis/NOTECHS_MODELOS_MANOBRAS_MATRIX_20260702.csv (baseline anterior),,SK76-I-07/12,1,Codigo e nome canonicos do snapshot 2026-07-15; usar diretamente na revisao do PTO; o changeset 2026-07-15 e parcial e nao substitui este registro.
SK76,S76-ELE-02,Falha de alimentação – feeder / bateria no nariz,ELETRICO,EMERGENCIA,SK76,docs/vendor/pto/relacao_manobras_pto_rev10_ocr.md + docs/analysis/NOTECHS_MODELOS_MANOBRAS_MATRIX_20260702.csv (baseline anterior),,S76-NOT-01; SK76-I-03/12; SK76-I-07/12,3,Codigo e nome canonicos do snapshot 2026-07-15; usar diretamente na revisao do PTO; o changeset 2026-07-15 e parcial e nao substitui este registro.
SK76,S76-ELE-03,Falha no gerador AC,ELETRICO,EMERGENCIA,SK76,docs/vendor/pto/relacao_manobras_pto_rev10_ocr.md + docs/analysis/NOTECHS_MODELOS_MANOBRAS_MATRIX_20260702.csv (baseline anterior),,SK76-I-07/12,1,Codigo e nome canonicos do snapshot 2026-07-15; usar diretamente na revisao do PTO; o changeset 2026-07-15 e parcial e nao substitui este registro.
SK76,S76-ELE-04,Falha em um gerador DC,ELETRICO,EMERGENCIA,SK76,docs/vendor/pto/relacao_manobras_pto_rev10_ocr.md + docs/analysis/NOTECHS_MODELOS_MANOBRAS_MATRIX_20260702.csv (baseline anterior),,S76-NOT-01; S76-NOT-02; SK76-I-03/12; SK76-I-04/12; SK76-I-07/12; SK76-I-11/12,6,Codigo e nome canonicos do snapshot 2026-07-15; usar diretamente na revisao do PTO; o changeset 2026-07-15 e parcial e nao substitui este registro.
SK76,S76-ELE-05,Falha em ambos os geradores DC,ELETRICO,EMERGENCIA,SK76,docs/vendor/pto/relacao_manobras_pto_rev10_ocr.md + docs/analysis/NOTECHS_MODELOS_MANOBRAS_MATRIX_20260702.csv (baseline anterior),,SK76-I-07/12; SK76-I-09/12; SK76-I-12/12,3,Codigo e nome canonicos do snapshot 2026-07-15; usar diretamente na revisao do PTO; o changeset 2026-07-15 e parcial e nao substitui este registro.
SK76,S76-ELE-06,Falha no inversor,ELETRICO,EMERGENCIA,SK76,docs/vendor/pto/relacao_manobras_pto_rev10_ocr.md + docs/analysis/NOTECHS_MODELOS_MANOBRAS_MATRIX_20260702.csv (baseline anterior),,SK76-I-03/12; SK76-I-04/12; SK76-I-07/12,3,Codigo e nome canonicos do snapshot 2026-07-15; usar diretamente na revisao do PTO; o changeset 2026-07-15 e parcial e nao substitui este registro.
SK76,S76-ELE-07,Sobretemperatura de gerador DC,ELETRICO,EMERGENCIA,SK76,docs/vendor/pto/relacao_manobras_pto_rev10_ocr.md + docs/analysis/NOTECHS_MODELOS_MANOBRAS_MATRIX_20260702.csv (baseline anterior),,SK76-I-07/12,1,Codigo e nome canonicos do snapshot 2026-07-15; usar diretamente na revisao do PTO; o changeset 2026-07-15 e parcial e nao substitui este registro.
SK76,S76-EME-01,Perfil OEI noturno,EMERGENCIA,EMERGENCIA,SK76,docs/vendor/pto/relacao_manobras_pto_rev10_ocr.md + docs/analysis/NOTECHS_MODELOS_MANOBRAS_MATRIX_20260702.csv (baseline anterior),,S76-NOT-01; S76-NOT-02; SK76-S-01/02,3,Codigo e nome canonicos do snapshot 2026-07-15; usar diretamente na revisao do PTO; o changeset 2026-07-15 e parcial e nao substitui este registro.
SK76,S76-HOV-01,Controle Geral VFR – Hover & Táxi,HOVER,PROCEDIMENTO_NORMAL,SK76,docs/vendor/pto/relacao_manobras_pto_rev10_ocr.md + docs/analysis/NOTECHS_MODELOS_MANOBRAS_MATRIX_20260702.csv (baseline anterior) | docs/vendor/pto/relacao_manobras_pto_rev10_ocr.md:pages=109-111 (codigos de modelo antigos),,S76-NOT-01; S76-NOT-02; S76-P-01/04-C1; S76-P-01/04-C2; S76-P-01/04-C3; S76-REQ-01; SK76-I-01/12; SK76-I-02/12; SK76-S-01/02,9,Codigo e nome canonicos do snapshot 2026-07-15; usar diretamente na revisao do PTO; o changeset 2026-07-15 e parcial e nao substitui este registro.
SK76,S76-HOV-38,Falha do Rotor de Cauda no Hover,HOVER,EMERGENCIA,SK76,docs/vendor/pto/relacao_manobras_pto_rev10_ocr.md + docs/analysis/NOTECHS_MODELOS_MANOBRAS_MATRIX_20260702.csv (baseline anterior) | docs/vendor/pto/relacao_manobras_pto_rev10_ocr.md:pages=109-111 (codigos de modelo antigos),,S76-P-01/04-C1; SK76-I-08/12,2,Codigo e nome canonicos do snapshot 2026-07-15; usar diretamente na revisao do PTO; o changeset 2026-07-15 e parcial e nao substitui este registro.
SK76,S76-LFT-01,Cálculo de Performance,PRE,BRIEFING,SK76,NAO_LOCALIZADO_NA_REVISAO_PTO_VERSIONADA,,SK76-P-CHECK,1,Codigo e nome canonicos do snapshot 2026-07-15; usar diretamente na revisao do PTO; o changeset 2026-07-15 e parcial e nao substitui este registro.
SK76,S76-LFT-02,Análise de Clima e NOTAM,PRE,BRIEFING,SK76,NAO_LOCALIZADO_NA_REVISAO_PTO_VERSIONADA,,SK76-P-CHECK,1,Codigo e nome canonicos do snapshot 2026-07-15; usar diretamente na revisao do PTO; o changeset 2026-07-15 e parcial e nao substitui este registro.
SK76,S76-LFT-03,Configuração de Aviônica (FMS),PRE,BRIEFING,SK76,NAO_LOCALIZADO_NA_REVISAO_PTO_VERSIONADA,,SK76-P-CHECK,1,Codigo e nome canonicos do snapshot 2026-07-15; usar diretamente na revisao do PTO; o changeset 2026-07-15 e parcial e nao substitui este registro.
SK76,S76-LFT-04,Briefing de Partida,PRE,BRIEFING,SK76,NAO_LOCALIZADO_NA_REVISAO_PTO_VERSIONADA | docs/vendor/pto/relacao_manobras_pto_rev10_ocr.md + docs/analysis/NOTECHS_MODELOS_MANOBRAS_MATRIX_20260702.csv (baseline anterior),,SK76-P-CHECK; SK76-S-02/02,2,Codigo e nome canonicos do snapshot 2026-07-15; usar diretamente na revisao do PTO; o changeset 2026-07-15 e parcial e nao substitui este registro.
SK76,S76-LFT-05,Disciplina de Checklist,SOL,PROCEDIMENTO_NORMAL,SK76,NAO_LOCALIZADO_NA_REVISAO_PTO_VERSIONADA,,SK76-P-CHECK,1,Codigo e nome canonicos do snapshot 2026-07-15; usar diretamente na revisao do PTO; o changeset 2026-07-15 e parcial e nao substitui este registro.
SK76,S76-LFT-06,Monitoramento de Sistemas,SOL,PROCEDIMENTO_NORMAL,SK76,NAO_LOCALIZADO_NA_REVISAO_PTO_VERSIONADA,,SK76-P-CHECK,1,Codigo e nome canonicos do snapshot 2026-07-15; usar diretamente na revisao do PTO; o changeset 2026-07-15 e parcial e nao substitui este registro.
SK76,S76-LFT-07,Hover Check,SOL,PROCEDIMENTO_NORMAL,SK76,NAO_LOCALIZADO_NA_REVISAO_PTO_VERSIONADA,,SK76-P-CHECK,1,Codigo e nome canonicos do snapshot 2026-07-15; usar diretamente na revisao do PTO; o changeset 2026-07-15 e parcial e nao substitui este registro.
SK76,S76-LFT-08,Perfil de Decolagem,SOL,PROCEDIMENTO_NORMAL,SK76,NAO_LOCALIZADO_NA_REVISAO_PTO_VERSIONADA,,SK76-P-CHECK,1,Codigo e nome canonicos do snapshot 2026-07-15; usar diretamente na revisao do PTO; o changeset 2026-07-15 e parcial e nao substitui este registro.
SK76,S76-LFT-09,Gerenciamento do AFCS,VOO,PROCEDIMENTO_NORMAL,SK76,NAO_LOCALIZADO_NA_REVISAO_PTO_VERSIONADA,,SK76-P-CHECK,1,Codigo e nome canonicos do snapshot 2026-07-15; usar diretamente na revisao do PTO; o changeset 2026-07-15 e parcial e nao substitui este registro.
SK76,S76-LFT-10,Flight Path Monitoring,VOO,PROCEDIMENTO_NORMAL,SK76,NAO_LOCALIZADO_NA_REVISAO_PTO_VERSIONADA,,SK76-P-CHECK,1,Codigo e nome canonicos do snapshot 2026-07-15; usar diretamente na revisao do PTO; o changeset 2026-07-15 e parcial e nao substitui este registro.
SK76,S76-LFT-11,Navegação e FMS em Rota,VOO,PROCEDIMENTO_NORMAL,SK76,NAO_LOCALIZADO_NA_REVISAO_PTO_VERSIONADA,,SK76-P-CHECK,1,Codigo e nome canonicos do snapshot 2026-07-15; usar diretamente na revisao do PTO; o changeset 2026-07-15 e parcial e nao substitui este registro.
SK76,S76-LFT-12,Consciência Situacional,VOO,PROCEDIMENTO_NORMAL,SK76,docs/vendor/pto/relacao_manobras_pto_rev10_ocr.md + docs/analysis/NOTECHS_MODELOS_MANOBRAS_MATRIX_20260702.csv (baseline anterior),,SK76-S-02/02,1,Codigo e nome canonicos do snapshot 2026-07-15; usar diretamente na revisao do PTO; o changeset 2026-07-15 e parcial e nao substitui este registro.
SK76,S76-LFT-13,Identificação e Diagnóstico,EME,EMERGENCIA,SK76,NAO_LOCALIZADO_NA_REVISAO_PTO_VERSIONADA,,SK76-P-CHECK,1,Codigo e nome canonicos do snapshot 2026-07-15; usar diretamente na revisao do PTO; o changeset 2026-07-15 e parcial e nao substitui este registro.
SK76,S76-LFT-14,Ações de Memória,EME,EMERGENCIA,SK76,NAO_LOCALIZADO_NA_REVISAO_PTO_VERSIONADA,,SK76-P-CHECK,1,Codigo e nome canonicos do snapshot 2026-07-15; usar diretamente na revisao do PTO; o changeset 2026-07-15 e parcial e nao substitui este registro.
SK76,S76-LFT-15,Aplicação do QRH,EME,EMERGENCIA,SK76,NAO_LOCALIZADO_NA_REVISAO_PTO_VERSIONADA,,SK76-P-CHECK,1,Codigo e nome canonicos do snapshot 2026-07-15; usar diretamente na revisao do PTO; o changeset 2026-07-15 e parcial e nao substitui este registro.
SK76,S76-LFT-16,Tomada de Decisão,EME,EMERGENCIA,SK76,NAO_LOCALIZADO_NA_REVISAO_PTO_VERSIONADA,,SK76-P-CHECK,1,Codigo e nome canonicos do snapshot 2026-07-15; usar diretamente na revisao do PTO; o changeset 2026-07-15 e parcial e nao substitui este registro.
SK76,S76-LFT-17,Gestão de Potência OEI,EME,EMERGENCIA,SK76,NAO_LOCALIZADO_NA_REVISAO_PTO_VERSIONADA,,SK76-P-CHECK,1,Codigo e nome canonicos do snapshot 2026-07-15; usar diretamente na revisao do PTO; o changeset 2026-07-15 e parcial e nao substitui este registro.
SK76,S76-LFT-18,Briefing de Aproximação,APR,BRIEFING,SK76,docs/vendor/pto/relacao_manobras_pto_rev10_ocr.md + docs/analysis/NOTECHS_MODELOS_MANOBRAS_MATRIX_20260702.csv (baseline anterior),,SK76-S-02/02,1,Codigo e nome canonicos do snapshot 2026-07-15; usar diretamente na revisao do PTO; o changeset 2026-07-15 e parcial e nao substitui este registro.
SK76,S76-LFT-21,Comunicação e Coordenação,CRM,CRM,SK76,docs/vendor/pto/relacao_manobras_pto_rev10_ocr.md + docs/analysis/NOTECHS_MODELOS_MANOBRAS_MATRIX_20260702.csv (baseline anterior),,SK76-S-02/02,1,Codigo e nome canonicos do snapshot 2026-07-15; usar diretamente na revisao do PTO; o changeset 2026-07-15 e parcial e nao substitui este registro.
SK76,S76-LFT-22,Autocrítica e Análise,CRM,CRM,SK76,NAO_LOCALIZADO_NA_REVISAO_PTO_VERSIONADA,,SK76-P-CHECK,1,Codigo e nome canonicos do snapshot 2026-07-15; usar diretamente na revisao do PTO; o changeset 2026-07-15 e parcial e nao substitui este registro.
SK76,S76-LFT-33,Black Hole Effect — Correção e Recuperação (SK76),Gestão de Falhas e Emergências (EME),EMERGENCIA,SK76,docs/vendor/pto/relacao_manobras_pto_rev10_ocr.md + docs/analysis/NOTECHS_MODELOS_MANOBRAS_MATRIX_20260702.csv (baseline anterior),,S76-NOT-01; S76-NOT-02; SK76-S-01/02,3,Codigo e nome canonicos do snapshot 2026-07-15; usar diretamente na revisao do PTO; o changeset 2026-07-15 e parcial e nao substitui este registro.
SK76,S76-NOT-23,Briefing Noturno — Ilusões Visuais e Black Hole (SK76),Preparação e Planejamento (PRE),BRIEFING,SK76,docs/vendor/pto/relacao_manobras_pto_rev10_ocr.md + docs/analysis/NOTECHS_MODELOS_MANOBRAS_MATRIX_20260702.csv (baseline anterior),,SK76-S-01/02,1,Codigo e nome canonicos do snapshot 2026-07-15; usar diretamente na revisao do PTO; o changeset 2026-07-15 e parcial e nao substitui este registro.
SK76,S76-NOT-28,Base e Final Noturna — Referências Externas Degradadas (SK76),Aproximação e Pouso (APR),EMERGENCIA,SK76,docs/vendor/pto/relacao_manobras_pto_rev10_ocr.md + docs/analysis/NOTECHS_MODELOS_MANOBRAS_MATRIX_20260702.csv (baseline anterior),,SK76-S-01/02,1,Codigo e nome canonicos do snapshot 2026-07-15; usar diretamente na revisao do PTO; o changeset 2026-07-15 e parcial e nao substitui este registro.
SK76,S76-NOT-31,Circuito Completo Noturno — Variação de Vento (SK76),Procedimentos Normais,PROCEDIMENTO_NORMAL,SK76,docs/vendor/pto/relacao_manobras_pto_rev10_ocr.md + docs/analysis/NOTECHS_MODELOS_MANOBRAS_MATRIX_20260702.csv (baseline anterior),,SK76-S-01/02,1,Codigo e nome canonicos do snapshot 2026-07-15; usar diretamente na revisao do PTO; o changeset 2026-07-15 e parcial e nao substitui este registro.
SK76,S76-NTR-01,Voo Noturno NDL (Circuito Padrão),NOTURNO,PROCEDIMENTO_NORMAL,SK76,docs/vendor/pto/relacao_manobras_pto_rev10_ocr.md + docs/analysis/NOTECHS_MODELOS_MANOBRAS_MATRIX_20260702.csv (baseline anterior),,S76-NOT-01; SK76-S-01/02,2,Codigo e nome canonicos do snapshot 2026-07-15; usar diretamente na revisao do PTO; o changeset 2026-07-15 e parcial e nao substitui este registro.
SK76,S76-OFF-34,Pouso sem Iluminação de Helideck — Falha de Iluminação (SK76),Gestão de Falhas e Emergências (EME),EMERGENCIA,SK76,docs/vendor/pto/relacao_manobras_pto_rev10_ocr.md + docs/analysis/NOTECHS_MODELOS_MANOBRAS_MATRIX_20260702.csv (baseline anterior),,S76-NOT-02,1,Codigo e nome canonicos do snapshot 2026-07-15; usar diretamente na revisao do PTO; o changeset 2026-07-15 e parcial e nao substitui este registro.
SK76,S76-PAR-01,Partida Quente (Hot Start),PARTIDA,PROCEDIMENTO_NORMAL,SK76,docs/vendor/pto/relacao_manobras_pto_rev10_ocr.md:pages=109-111 (codigos de modelo antigos),,S76-P-01/04-C1,1,Codigo e nome canonicos do snapshot 2026-07-15; usar diretamente na revisao do PTO; o changeset 2026-07-15 e parcial e nao substitui este registro.
SK76,S76-PAR-02,Falha na Partida (Engine Start Failure),PARTIDA,EMERGENCIA,SK76,docs/vendor/pto/relacao_manobras_pto_rev10_ocr.md:pages=109-111 (codigos de modelo antigos),,S76-P-01/04-C1,1,Codigo e nome canonicos do snapshot 2026-07-15; usar diretamente na revisao do PTO; o changeset 2026-07-15 e parcial e nao substitui este registro.
SK76,S76-PAR-03,Partida Estagnada (Hung Start),PARTIDA,PROCEDIMENTO_NORMAL,SK76,docs/vendor/pto/relacao_manobras_pto_rev10_ocr.md:pages=109-111 (codigos de modelo antigos),,S76-P-01/04-C2,1,Codigo e nome canonicos do snapshot 2026-07-15; usar diretamente na revisao do PTO; o changeset 2026-07-15 e parcial e nao substitui este registro.
SK76,S76-POU-01,Aproximação offshore a Unidade Marítima,POUSO,PROCEDIMENTO_NORMAL,SK76,docs/vendor/pto/relacao_manobras_pto_rev10_ocr.md + docs/analysis/NOTECHS_MODELOS_MANOBRAS_MATRIX_20260702.csv (baseline anterior),,S76-NOT-02; SK76-I-10/12,2,Codigo e nome canonicos do snapshot 2026-07-15; usar diretamente na revisao do PTO; o changeset 2026-07-15 e parcial e nao substitui este registro.
SK76,S76-POU-01A,Arremetida offshore,POUSO,PROCEDIMENTO_NORMAL,SK76,docs/vendor/pto/relacao_manobras_pto_rev10_ocr.md + docs/analysis/NOTECHS_MODELOS_MANOBRAS_MATRIX_20260702.csv (baseline anterior),,S76-NOT-02; SK76-I-10/12,2,Codigo e nome canonicos do snapshot 2026-07-15; usar diretamente na revisao do PTO; o changeset 2026-07-15 e parcial e nao substitui este registro.
SK76,S76-POU-01B,Pouso Classe 2 – Helideck (Committal Point),POUSO,PROCEDIMENTO_NORMAL,SK76,docs/vendor/pto/relacao_manobras_pto_rev10_ocr.md + docs/analysis/NOTECHS_MODELOS_MANOBRAS_MATRIX_20260702.csv (baseline anterior),,S76-NOT-02; SK76-I-10/12,2,Codigo e nome canonicos do snapshot 2026-07-15; usar diretamente na revisao do PTO; o changeset 2026-07-15 e parcial e nao substitui este registro.
SK76,S76-POU-02A,Aproximação ILS,POUSO,PROCEDIMENTO_NORMAL,SK76,NAO_LOCALIZADO_NA_REVISAO_PTO_VERSIONADA | docs/vendor/pto/relacao_manobras_pto_rev10_ocr.md + docs/analysis/NOTECHS_MODELOS_MANOBRAS_MATRIX_20260702.csv (baseline anterior) | docs/vendor/pto/relacao_manobras_pto_rev10_ocr.md:pages=109-111 (codigos de modelo antigos),,S76-P-02/04-C1; S76-P-02/04-C3; S76-REQ-01; SK76-I-05/12; SK76-P-CHECK; SK76-S-01/02; SK76-S-02/02,7,Codigo e nome canonicos do snapshot 2026-07-15; usar diretamente na revisao do PTO; o changeset 2026-07-15 e parcial e nao substitui este registro.
SK76,S76-POU-03,Arremetida (Missed Approach),POUSO,PROCEDIMENTO_NORMAL,SK76,docs/vendor/pto/relacao_manobras_pto_rev10_ocr.md:pages=109-111 (codigos de modelo antigos),,S76-P-02/04-C1; S76-P-02/04-C3,2,Codigo e nome canonicos do snapshot 2026-07-15; usar diretamente na revisao do PTO; o changeset 2026-07-15 e parcial e nao substitui este registro.
SK76,S76-POU-04,Aproximação RNAV (GPS),POUSO,PROCEDIMENTO_NORMAL,SK76,docs/vendor/pto/relacao_manobras_pto_rev10_ocr.md + docs/analysis/NOTECHS_MODELOS_MANOBRAS_MATRIX_20260702.csv (baseline anterior) | docs/vendor/pto/relacao_manobras_pto_rev10_ocr.md:pages=109-111 (codigos de modelo antigos),,S76-P-02/04-C2; S76-REQ-01; SK76-I-05/12; SK76-S-02/02,4,Codigo e nome canonicos do snapshot 2026-07-15; usar diretamente na revisao do PTO; o changeset 2026-07-15 e parcial e nao substitui este registro.
SK76,S76-POU-05,Aproximação VOR/NDB,POUSO,PROCEDIMENTO_NORMAL,SK76,docs/vendor/pto/relacao_manobras_pto_rev10_ocr.md + docs/analysis/NOTECHS_MODELOS_MANOBRAS_MATRIX_20260702.csv (baseline anterior),,SK76-I-05/12; SK76-S-02/02,2,Codigo e nome canonicos do snapshot 2026-07-15; usar diretamente na revisao do PTO; o changeset 2026-07-15 e parcial e nao substitui este registro.
SK76,S76-POU-70,Autorotação,POUSO,PROCEDIMENTO_NORMAL,SK76,docs/vendor/pto/relacao_manobras_pto_rev10_ocr.md + docs/analysis/NOTECHS_MODELOS_MANOBRAS_MATRIX_20260702.csv (baseline anterior) | docs/vendor/pto/relacao_manobras_pto_rev10_ocr.md:pages=109-111 (codigos de modelo antigos),,S76-NOT-01; S76-P-01/04-C2; S76-REQ-01; SK76-I-08/12,4,Codigo e nome canonicos do snapshot 2026-07-15; usar diretamente na revisao do PTO; o changeset 2026-07-15 e parcial e nao substitui este registro.
SK76,S76-PRC-01,Aproximação de não precisão IFR (VOR/NDB),PROCEDIMENTOS,PROCEDIMENTO_NORMAL,SK76,docs/vendor/pto/relacao_manobras_pto_rev10_ocr.md + docs/analysis/NOTECHS_MODELOS_MANOBRAS_MATRIX_20260702.csv (baseline anterior),,SK76-I-05/12; SK76-I-11/12; SK76-I-12/12,3,Codigo e nome canonicos do snapshot 2026-07-15; usar diretamente na revisao do PTO; o changeset 2026-07-15 e parcial e nao substitui este registro.
SK76,S76-PRC-02,Aproximação IFR com um motor inoperante (OEI),PROCEDIMENTOS,EMERGENCIA,SK76,docs/vendor/pto/relacao_manobras_pto_rev10_ocr.md + docs/analysis/NOTECHS_MODELOS_MANOBRAS_MATRIX_20260702.csv (baseline anterior),,SK76-I-06/12; SK76-I-09/12; SK76-I-10/12; SK76-I-11/12; SK76-I-12/12,5,Codigo e nome canonicos do snapshot 2026-07-15; usar diretamente na revisao do PTO; o changeset 2026-07-15 e parcial e nao substitui este registro.
SK76,S76-PRC-03,Aproximação de precisão IFR (ILS/RNP),PROCEDIMENTOS,PROCEDIMENTO_NORMAL,SK76,docs/vendor/pto/relacao_manobras_pto_rev10_ocr.md + docs/analysis/NOTECHS_MODELOS_MANOBRAS_MATRIX_20260702.csv (baseline anterior),,SK76-I-05/12; SK76-I-11/12; SK76-I-12/12,3,Codigo e nome canonicos do snapshot 2026-07-15; usar diretamente na revisao do PTO; o changeset 2026-07-15 e parcial e nao substitui este registro.
SK76,S76-PRC-04,Decolagem por instrumentos (SID),PROCEDIMENTOS,PROCEDIMENTO_NORMAL,SK76,docs/vendor/pto/relacao_manobras_pto_rev10_ocr.md + docs/analysis/NOTECHS_MODELOS_MANOBRAS_MATRIX_20260702.csv (baseline anterior),,SK76-I-05/12; SK76-I-11/12,2,Codigo e nome canonicos do snapshot 2026-07-15; usar diretamente na revisao do PTO; o changeset 2026-07-15 e parcial e nao substitui este registro.
SK76,S76-PRC-05,"Programação do GPS, HSI e EFIS",PROCEDIMENTOS,PROCEDIMENTO_NORMAL,SK76,docs/vendor/pto/relacao_manobras_pto_rev10_ocr.md + docs/analysis/NOTECHS_MODELOS_MANOBRAS_MATRIX_20260702.csv (baseline anterior),,SK76-I-04/12; SK76-I-05/12; SK76-I-11/12,3,Codigo e nome canonicos do snapshot 2026-07-15; usar diretamente na revisao do PTO; o changeset 2026-07-15 e parcial e nao substitui este registro.
SK76,S76-PWP-06,Falha dupla de motor durante o cruzeiro,POWERPLANT,EMERGENCIA,SK76,docs/vendor/pto/relacao_manobras_pto_rev10_ocr.md + docs/analysis/NOTECHS_MODELOS_MANOBRAS_MATRIX_20260702.csv (baseline anterior),,SK76-I-09/12; SK76-I-12/12,2,Codigo e nome canonicos do snapshot 2026-07-15; usar diretamente na revisao do PTO; o changeset 2026-07-15 e parcial e nao substitui este registro.
SK76,S76-PWP-07,Falha dupla de motor durante decolagem e subida inicial,POWERPLANT,EMERGENCIA,SK76,docs/vendor/pto/relacao_manobras_pto_rev10_ocr.md + docs/analysis/NOTECHS_MODELOS_MANOBRAS_MATRIX_20260702.csv (baseline anterior),,SK76-I-09/12; SK76-I-12/12,2,Codigo e nome canonicos do snapshot 2026-07-15; usar diretamente na revisao do PTO; o changeset 2026-07-15 e parcial e nao substitui este registro.
SK76,S76-PWP-08,Falha dupla de motor em pairado ou decolagem até 10 pés,POWERPLANT,EMERGENCIA,SK76,docs/vendor/pto/relacao_manobras_pto_rev10_ocr.md + docs/analysis/NOTECHS_MODELOS_MANOBRAS_MATRIX_20260702.csv (baseline anterior),,SK76-I-09/12; SK76-I-12/12,2,Codigo e nome canonicos do snapshot 2026-07-15; usar diretamente na revisao do PTO; o changeset 2026-07-15 e parcial e nao substitui este registro.
SK76,S76-PWP-09,Vazão de combustível fora da faixa normal,POWERPLANT,EMERGENCIA,SK76,docs/vendor/pto/relacao_manobras_pto_rev10_ocr.md + docs/analysis/NOTECHS_MODELOS_MANOBRAS_MATRIX_20260702.csv (baseline anterior),,S76-NOT-01; SK76-I-03/12,2,Codigo e nome canonicos do snapshot 2026-07-15; usar diretamente na revisao do PTO; o changeset 2026-07-15 e parcial e nao substitui este registro.
SK76,S76-PWP-10,Fumaça no compartimento de bagagem,POWERPLANT,EMERGENCIA,SK76,docs/vendor/pto/relacao_manobras_pto_rev10_ocr.md + docs/analysis/NOTECHS_MODELOS_MANOBRAS_MATRIX_20260702.csv (baseline anterior),,SK76-I-09/12,1,Codigo e nome canonicos do snapshot 2026-07-15; usar diretamente na revisao do PTO; o changeset 2026-07-15 e parcial e nao substitui este registro.
SK76,S76-PWP-11,Incêndio na cabine ou cockpit,POWERPLANT,EMERGENCIA,SK76,docs/vendor/pto/relacao_manobras_pto_rev10_ocr.md + docs/analysis/NOTECHS_MODELOS_MANOBRAS_MATRIX_20260702.csv (baseline anterior),,SK76-I-09/12,1,Codigo e nome canonicos do snapshot 2026-07-15; usar diretamente na revisao do PTO; o changeset 2026-07-15 e parcial e nao substitui este registro.
SK76,S76-PWP-12,Incêndio no compartimento do motor,POWERPLANT,EMERGENCIA,SK76,docs/vendor/pto/relacao_manobras_pto_rev10_ocr.md + docs/analysis/NOTECHS_MODELOS_MANOBRAS_MATRIX_20260702.csv (baseline anterior),,SK76-I-09/12; SK76-I-11/12,2,Codigo e nome canonicos do snapshot 2026-07-15; usar diretamente na revisao do PTO; o changeset 2026-07-15 e parcial e nao substitui este registro.
SK76,S76-PWP-13,Falha de motor na aproximação – Categoria A,POWERPLANT,EMERGENCIA,SK76,docs/vendor/pto/relacao_manobras_pto_rev10_ocr.md + docs/analysis/NOTECHS_MODELOS_MANOBRAS_MATRIX_20260702.csv (baseline anterior),,SK76-I-06/12; SK76-I-10/12; SK76-I-12/12,3,Codigo e nome canonicos do snapshot 2026-07-15; usar diretamente na revisao do PTO; o changeset 2026-07-15 e parcial e nao substitui este registro.
SK76,S76-PWP-14,Falha de motor na decolagem – Categoria A,POWERPLANT,EMERGENCIA,SK76,docs/vendor/pto/relacao_manobras_pto_rev10_ocr.md + docs/analysis/NOTECHS_MODELOS_MANOBRAS_MATRIX_20260702.csv (baseline anterior),,SK76-I-06/12; SK76-I-12/12,2,Codigo e nome canonicos do snapshot 2026-07-15; usar diretamente na revisao do PTO; o changeset 2026-07-15 e parcial e nao substitui este registro.
SK76,S76-PWP-15,Falha de motor na decolagem – Categoria B,POWERPLANT,EMERGENCIA,SK76,docs/vendor/pto/relacao_manobras_pto_rev10_ocr.md + docs/analysis/NOTECHS_MODELOS_MANOBRAS_MATRIX_20260702.csv (baseline anterior),,SK76-I-06/12; SK76-I-12/12,2,Codigo e nome canonicos do snapshot 2026-07-15; usar diretamente na revisao do PTO; o changeset 2026-07-15 e parcial e nao substitui este registro.
SK76,S76-PWP-16,Falha de motor durante o cruzeiro,POWERPLANT,EMERGENCIA,SK76,docs/vendor/pto/relacao_manobras_pto_rev10_ocr.md + docs/analysis/NOTECHS_MODELOS_MANOBRAS_MATRIX_20260702.csv (baseline anterior),,S76-NOT-01; S76-NOT-02; S76-REQ-01; SK76-I-06/12; SK76-I-10/12; SK76-I-11/12; SK76-I-12/12; SK76-S-01/02,8,Codigo e nome canonicos do snapshot 2026-07-15; usar diretamente na revisao do PTO; o changeset 2026-07-15 e parcial e nao substitui este registro.
SK76,S76-PWP-17,Falha de motor em pairado 5 a 10 pés,POWERPLANT,EMERGENCIA,SK76,docs/vendor/pto/relacao_manobras_pto_rev10_ocr.md + docs/analysis/NOTECHS_MODELOS_MANOBRAS_MATRIX_20260702.csv (baseline anterior),,SK76-I-06/12; SK76-I-11/12,2,Codigo e nome canonicos do snapshot 2026-07-15; usar diretamente na revisao do PTO; o changeset 2026-07-15 e parcial e nao substitui este registro.
SK76,S76-PWP-18,Falha nos indicadores N1 ou Torque,POWERPLANT,EMERGENCIA,SK76,docs/vendor/pto/relacao_manobras_pto_rev10_ocr.md + docs/analysis/NOTECHS_MODELOS_MANOBRAS_MATRIX_20260702.csv (baseline anterior),,SK76-I-03/12; SK76-I-04/12; SK76-I-06/12; SK76-I-07/12,4,Codigo e nome canonicos do snapshot 2026-07-15; usar diretamente na revisao do PTO; o changeset 2026-07-15 e parcial e nao substitui este registro.
SK76,S76-PWP-19,Falha no sistema de óleo do motor,POWERPLANT,EMERGENCIA,SK76,docs/vendor/pto/relacao_manobras_pto_rev10_ocr.md + docs/analysis/NOTECHS_MODELOS_MANOBRAS_MATRIX_20260702.csv (baseline anterior),,SK76-I-03/12,1,Codigo e nome canonicos do snapshot 2026-07-15; usar diretamente na revisao do PTO; o changeset 2026-07-15 e parcial e nao substitui este registro.
SK76,S76-SIS-01,Amortecedor dos comandos travado,SISTEMAS_MECANICOS,EMERGENCIA,SK76,docs/vendor/pto/relacao_manobras_pto_rev10_ocr.md + docs/analysis/NOTECHS_MODELOS_MANOBRAS_MATRIX_20260702.csv (baseline anterior),,SK76-I-07/12; SK76-I-08/12,2,Codigo e nome canonicos do snapshot 2026-07-15; usar diretamente na revisao do PTO; o changeset 2026-07-15 e parcial e nao substitui este registro.
SK76,S76-SIS-02,Chip ou alta temperatura no gearbox intermediário ou traseiro,SISTEMAS_MECANICOS,EMERGENCIA,SK76,docs/vendor/pto/relacao_manobras_pto_rev10_ocr.md + docs/analysis/NOTECHS_MODELOS_MANOBRAS_MATRIX_20260702.csv (baseline anterior),,SK76-I-08/12,1,Codigo e nome canonicos do snapshot 2026-07-15; usar diretamente na revisao do PTO; o changeset 2026-07-15 e parcial e nao substitui este registro.
SK76,S76-SIS-03,Falha no sistema de controle do rotor de cauda,SISTEMAS_MECANICOS,EMERGENCIA,SK76,docs/vendor/pto/relacao_manobras_pto_rev10_ocr.md + docs/analysis/NOTECHS_MODELOS_MANOBRAS_MATRIX_20260702.csv (baseline anterior),,SK76-I-08/12,1,Codigo e nome canonicos do snapshot 2026-07-15; usar diretamente na revisao do PTO; o changeset 2026-07-15 e parcial e nao substitui este registro.
SK76,S76-SIS-04,Falha da bomba ou perda de pressão no sistema hidráulico principal,SISTEMAS,EMERGENCIA,SK76,docs/vendor/pto/relacao_manobras_pto_rev10_ocr.md + docs/analysis/NOTECHS_MODELOS_MANOBRAS_MATRIX_20260702.csv (baseline anterior),,SK76-I-03/12; SK76-I-07/12; SK76-I-11/12,3,Codigo e nome canonicos do snapshot 2026-07-15; usar diretamente na revisao do PTO; o changeset 2026-07-15 e parcial e nao substitui este registro.
SK76,S76-SIS-05,Falhas no sistema de óleo da MGB,SISTEMAS_MECANICOS,EMERGENCIA,SK76,docs/vendor/pto/relacao_manobras_pto_rev10_ocr.md + docs/analysis/NOTECHS_MODELOS_MANOBRAS_MATRIX_20260702.csv (baseline anterior),,SK76-I-08/12,1,Codigo e nome canonicos do snapshot 2026-07-15; usar diretamente na revisao do PTO; o changeset 2026-07-15 e parcial e nao substitui este registro.
SK76,S76-SIS-06,Falhas no sistema da MGB,SISTEMAS_MECANICOS,EMERGENCIA,SK76,docs/vendor/pto/relacao_manobras_pto_rev10_ocr.md + docs/analysis/NOTECHS_MODELOS_MANOBRAS_MATRIX_20260702.csv (baseline anterior),,SK76-I-08/12; SK76-I-11/12; SK76-I-12/12,3,Codigo e nome canonicos do snapshot 2026-07-15; usar diretamente na revisao do PTO; o changeset 2026-07-15 e parcial e nao substitui este registro.
SK76,S76-SIS-07,Atuador travado ou válvula de corte defeituosa,SISTEMAS_MECANICOS,EMERGENCIA,SK76,docs/vendor/pto/relacao_manobras_pto_rev10_ocr.md + docs/analysis/NOTECHS_MODELOS_MANOBRAS_MATRIX_20260702.csv (baseline anterior),,SK76-I-07/12,1,Codigo e nome canonicos do snapshot 2026-07-15; usar diretamente na revisao do PTO; o changeset 2026-07-15 e parcial e nao substitui este registro.
SK76,S76-SIS-08,Perda de pressão no servo do rotor de cauda,SISTEMAS_MECANICOS,EMERGENCIA,SK76,docs/vendor/pto/relacao_manobras_pto_rev10_ocr.md + docs/analysis/NOTECHS_MODELOS_MANOBRAS_MATRIX_20260702.csv (baseline anterior),,SK76-I-07/12,1,Codigo e nome canonicos do snapshot 2026-07-15; usar diretamente na revisao do PTO; o changeset 2026-07-15 e parcial e nao substitui este registro.
SK76,S76-SIS-09,Falha do sistema de transmissão do rotor de cauda em voo à frente,SISTEMAS_MECANICOS,EMERGENCIA,SK76,docs/vendor/pto/relacao_manobras_pto_rev10_ocr.md + docs/analysis/NOTECHS_MODELOS_MANOBRAS_MATRIX_20260702.csv (baseline anterior),,SK76-I-08/12,1,Codigo e nome canonicos do snapshot 2026-07-15; usar diretamente na revisao do PTO; o changeset 2026-07-15 e parcial e nao substitui este registro.
SK76,S76-SOL-01,Decolagem noturna,Operações de Solo e Decolagem (SOL),NAO_CONFIRMADO,SK76,docs/vendor/pto/relacao_manobras_pto_rev10_ocr.md + docs/analysis/NOTECHS_MODELOS_MANOBRAS_MATRIX_20260702.csv (baseline anterior),,S76-REQ-01,1,Codigo e nome canonicos do snapshot 2026-07-15; usar diretamente na revisao do PTO; o changeset 2026-07-15 e parcial e nao substitui este registro.
SK76,S76-SOL-08,Fogo no Compartimento do Motor no Solo,SOLO,EMERGENCIA,SK76,docs/vendor/pto/relacao_manobras_pto_rev10_ocr.md + docs/analysis/NOTECHS_MODELOS_MANOBRAS_MATRIX_20260702.csv (baseline anterior) | docs/vendor/pto/relacao_manobras_pto_rev10_ocr.md:pages=109-111 (codigos de modelo antigos),,S76-P-01/04-C1; SK76-I-09/12,2,Codigo e nome canonicos do snapshot 2026-07-15; usar diretamente na revisao do PTO; o changeset 2026-07-15 e parcial e nao substitui este registro.
SK76,S76-SOL-09,Fogo Interno no Motor após Desligamento,SOLO,EMERGENCIA,SK76,docs/vendor/pto/relacao_manobras_pto_rev10_ocr.md + docs/analysis/NOTECHS_MODELOS_MANOBRAS_MATRIX_20260702.csv (baseline anterior) | docs/vendor/pto/relacao_manobras_pto_rev10_ocr.md:pages=109-111 (codigos de modelo antigos),,S76-P-01/04-C1; SK76-I-09/12,2,Codigo e nome canonicos do snapshot 2026-07-15; usar diretamente na revisao do PTO; o changeset 2026-07-15 e parcial e nao substitui este registro.
SK76,S76-SOL-29,Falha no Fly Gate – Antes da Partida,SOLO,EMERGENCIA,SK76,docs/vendor/pto/relacao_manobras_pto_rev10_ocr.md:pages=109-111 (codigos de modelo antigos),,S76-P-01/04-C3,1,Codigo e nome canonicos do snapshot 2026-07-15; usar diretamente na revisao do PTO; o changeset 2026-07-15 e parcial e nao substitui este registro.
SK76,S76-SOL-73,Painel de Avisos e Cautelas (Análise),SOLO,PROCEDIMENTO_NORMAL,SK76,docs/vendor/pto/relacao_manobras_pto_rev10_ocr.md:pages=109-111 (codigos de modelo antigos),,S76-P-01/04-C3,1,Codigo e nome canonicos do snapshot 2026-07-15; usar diretamente na revisao do PTO; o changeset 2026-07-15 e parcial e nao substitui este registro.
SK76,S76-SUB-01,Disparo de NR (NR Overspeed),SUBIDA,EMERGENCIA,SK76,docs/vendor/pto/relacao_manobras_pto_rev10_ocr.md + docs/analysis/NOTECHS_MODELOS_MANOBRAS_MATRIX_20260702.csv (baseline anterior) | docs/vendor/pto/relacao_manobras_pto_rev10_ocr.md:pages=109-111 (codigos de modelo antigos),,S76-P-01/04-C1; SK76-I-08/12; SK76-S-02/02,3,Codigo e nome canonicos do snapshot 2026-07-15; usar diretamente na revisao do PTO; o changeset 2026-07-15 e parcial e nao substitui este registro.
SK76,S76-SUB-02,Queda de NR (NR Low),SUBIDA,PROCEDIMENTO_NORMAL,SK76,docs/vendor/pto/relacao_manobras_pto_rev10_ocr.md + docs/analysis/NOTECHS_MODELOS_MANOBRAS_MATRIX_20260702.csv (baseline anterior) | docs/vendor/pto/relacao_manobras_pto_rev10_ocr.md:pages=109-111 (codigos de modelo antigos),,S76-P-01/04-C1; SK76-I-08/12; SK76-S-02/02,3,Codigo e nome canonicos do snapshot 2026-07-15; usar diretamente na revisao do PTO; o changeset 2026-07-15 e parcial e nao substitui este registro.
SK76,S76-SUB-03,SID & STAR,SUBIDA,PROCEDIMENTO_NORMAL,SK76,docs/vendor/pto/relacao_manobras_pto_rev10_ocr.md + docs/analysis/NOTECHS_MODELOS_MANOBRAS_MATRIX_20260702.csv (baseline anterior) | docs/vendor/pto/relacao_manobras_pto_rev10_ocr.md:pages=109-111 (codigos de modelo antigos),,S76-P-02/04-C1; S76-P-02/04-C2; S76-P-02/04-C3; SK76-I-05/12,4,Codigo e nome canonicos do snapshot 2026-07-15; usar diretamente na revisao do PTO; o changeset 2026-07-15 e parcial e nao substitui este registro.
SK76,S76-SUB-27,Falha da Proteção contra Overspeed,SUBIDA,EMERGENCIA,SK76,docs/vendor/pto/relacao_manobras_pto_rev10_ocr.md:pages=109-111 (codigos de modelo antigos),,S76-P-01/04-C2,1,Codigo e nome canonicos do snapshot 2026-07-15; usar diretamente na revisao do PTO; o changeset 2026-07-15 e parcial e nao substitui este registro.
SK76,S76-SUB-28,Luz do Filtro de Barreira,SUBIDA,PROCEDIMENTO_NORMAL,SK76,docs/vendor/pto/relacao_manobras_pto_rev10_ocr.md:pages=109-111 (codigos de modelo antigos),,S76-P-01/04-C3,1,Codigo e nome canonicos do snapshot 2026-07-15; usar diretamente na revisao do PTO; o changeset 2026-07-15 e parcial e nao substitui este registro.
SK76,S76-SUB-30,Luz Power Assurance,SUBIDA,PROCEDIMENTO_NORMAL,SK76,docs/vendor/pto/relacao_manobras_pto_rev10_ocr.md:pages=109-111 (codigos de modelo antigos),,S76-P-01/04-C3,1,Codigo e nome canonicos do snapshot 2026-07-15; usar diretamente na revisao do PTO; o changeset 2026-07-15 e parcial e nao substitui este registro.
SK76,S76-TRE-01,Aproximação normal visual noturna,TREINAMENTO,PROCEDIMENTO_NORMAL,SK76,docs/vendor/pto/relacao_manobras_pto_rev10_ocr.md + docs/analysis/NOTECHS_MODELOS_MANOBRAS_MATRIX_20260702.csv (baseline anterior),,S76-NOT-01; S76-REQ-01; SK76-I-01/12; SK76-I-02/12; SK76-S-01/02,5,Codigo e nome canonicos do snapshot 2026-07-15; usar diretamente na revisao do PTO; o changeset 2026-07-15 e parcial e nao substitui este registro.
SK76,S76-TRE-01A,Arremetida noturna,TREINAMENTO,PROCEDIMENTO_NORMAL,SK76,docs/vendor/pto/relacao_manobras_pto_rev10_ocr.md + docs/analysis/NOTECHS_MODELOS_MANOBRAS_MATRIX_20260702.csv (baseline anterior),,S76-NOT-01; S76-REQ-01; SK76-I-01/12; SK76-I-02/12; SK76-S-01/02; SK76-S-02/02,6,Codigo e nome canonicos do snapshot 2026-07-15; usar diretamente na revisao do PTO; o changeset 2026-07-15 e parcial e nao substitui este registro.
SK76,S76-TRE-01B,"Cabine, comandos e instrumentos básicos",TREINAMENTO,PROCEDIMENTO_NORMAL,SK76,docs/vendor/pto/relacao_manobras_pto_rev10_ocr.md + docs/analysis/NOTECHS_MODELOS_MANOBRAS_MATRIX_20260702.csv (baseline anterior),,SK76-I-01/12,1,Codigo e nome canonicos do snapshot 2026-07-15; usar diretamente na revisao do PTO; o changeset 2026-07-15 e parcial e nao substitui este registro.
SK76,S76-TRE-01C,Circuito de tráfego visual,TREINAMENTO,PROCEDIMENTO_NORMAL,SK76,docs/vendor/pto/relacao_manobras_pto_rev10_ocr.md + docs/analysis/NOTECHS_MODELOS_MANOBRAS_MATRIX_20260702.csv (baseline anterior),,SK76-I-01/12; SK76-I-02/12,2,Codigo e nome canonicos do snapshot 2026-07-15; usar diretamente na revisao do PTO; o changeset 2026-07-15 e parcial e nao substitui este registro.
SK76,S76-TRE-01D,Curvas e controle de atitude,TREINAMENTO,PROCEDIMENTO_NORMAL,SK76,docs/vendor/pto/relacao_manobras_pto_rev10_ocr.md + docs/analysis/NOTECHS_MODELOS_MANOBRAS_MATRIX_20260702.csv (baseline anterior),,S76-REQ-01; SK76-I-01/12; SK76-I-02/12,3,Codigo e nome canonicos do snapshot 2026-07-15; usar diretamente na revisao do PTO; o changeset 2026-07-15 e parcial e nao substitui este registro.
SK76,S76-TRE-01E,Controle de velocidade em voo nivelado,TREINAMENTO,PROCEDIMENTO_NORMAL,SK76,docs/vendor/pto/relacao_manobras_pto_rev10_ocr.md + docs/analysis/NOTECHS_MODELOS_MANOBRAS_MATRIX_20260702.csv (baseline anterior),,SK76-I-02/12,1,Codigo e nome canonicos do snapshot 2026-07-15; usar diretamente na revisao do PTO; o changeset 2026-07-15 e parcial e nao substitui este registro.
SK76,S76-TRE-01F,Decolagem normal noturna,TREINAMENTO,PROCEDIMENTO_NORMAL,SK76,docs/vendor/pto/relacao_manobras_pto_rev10_ocr.md + docs/analysis/NOTECHS_MODELOS_MANOBRAS_MATRIX_20260702.csv (baseline anterior),,S76-NOT-01; S76-REQ-01; SK76-I-01/12; SK76-I-02/12; SK76-S-01/02,5,Codigo e nome canonicos do snapshot 2026-07-15; usar diretamente na revisao do PTO; o changeset 2026-07-15 e parcial e nao substitui este registro.
SK76,S76-TRE-01G,Descida controlada visual,TREINAMENTO,PROCEDIMENTO_NORMAL,SK76,docs/vendor/pto/relacao_manobras_pto_rev10_ocr.md + docs/analysis/NOTECHS_MODELOS_MANOBRAS_MATRIX_20260702.csv (baseline anterior),,SK76-I-02/12,1,Codigo e nome canonicos do snapshot 2026-07-15; usar diretamente na revisao do PTO; o changeset 2026-07-15 e parcial e nao substitui este registro.
SK76,S76-TRE-01H,Controle de energia/RPM em autorrotação,TREINAMENTO,PROCEDIMENTO_NORMAL,SK76,docs/vendor/pto/relacao_manobras_pto_rev10_ocr.md + docs/analysis/NOTECHS_MODELOS_MANOBRAS_MATRIX_20260702.csv (baseline anterior),,SK76-I-08/12,1,Codigo e nome canonicos do snapshot 2026-07-15; usar diretamente na revisao do PTO; o changeset 2026-07-15 e parcial e nao substitui este registro.
SK76,S76-TRE-01I,Encerramento pós-voo noturno,TREINAMENTO,PROCEDIMENTO_NORMAL,SK76,docs/vendor/pto/relacao_manobras_pto_rev10_ocr.md + docs/analysis/NOTECHS_MODELOS_MANOBRAS_MATRIX_20260702.csv (baseline anterior),,S76-NOT-01; S76-REQ-01; SK76-I-01/12; SK76-I-02/12; SK76-S-01/02; SK76-S-02/02,6,Codigo e nome canonicos do snapshot 2026-07-15; usar diretamente na revisao do PTO; o changeset 2026-07-15 e parcial e nao substitui este registro.
SK76,S76-TRE-01J,Flutuabilidade e evacuação aquática,TREINAMENTO,PROCEDIMENTO_NORMAL,SK76,docs/vendor/pto/relacao_manobras_pto_rev10_ocr.md + docs/analysis/NOTECHS_MODELOS_MANOBRAS_MATRIX_20260702.csv (baseline anterior),,S76-NOT-02; SK76-I-10/12,2,Codigo e nome canonicos do snapshot 2026-07-15; usar diretamente na revisao do PTO; o changeset 2026-07-15 e parcial e nao substitui este registro.
SK76,S76-TRE-01K,Arremetida por aproximação instável em VMC,TREINAMENTO,PROCEDIMENTO_NORMAL,SK76,docs/vendor/pto/relacao_manobras_pto_rev10_ocr.md + docs/analysis/NOTECHS_MODELOS_MANOBRAS_MATRIX_20260702.csv (baseline anterior),,SK76-I-02/12,1,Codigo e nome canonicos do snapshot 2026-07-15; usar diretamente na revisao do PTO; o changeset 2026-07-15 e parcial e nao substitui este registro.
SK76,S76-TRE-01L,Transição hover–decolagem e decolagem–subida,TREINAMENTO,PROCEDIMENTO_NORMAL,SK76,docs/vendor/pto/relacao_manobras_pto_rev10_ocr.md + docs/analysis/NOTECHS_MODELOS_MANOBRAS_MATRIX_20260702.csv (baseline anterior),,SK76-I-01/12,1,Codigo e nome canonicos do snapshot 2026-07-15; usar diretamente na revisao do PTO; o changeset 2026-07-15 e parcial e nao substitui este registro.
SK76,S76-TRE-01N,Cheque de instrumentos e parâmetros após partida,TREINAMENTO,PROCEDIMENTO_NORMAL,SK76,docs/vendor/pto/relacao_manobras_pto_rev10_ocr.md + docs/analysis/NOTECHS_MODELOS_MANOBRAS_MATRIX_20260702.csv (baseline anterior),,SK76-I-01/12,1,Codigo e nome canonicos do snapshot 2026-07-15; usar diretamente na revisao do PTO; o changeset 2026-07-15 e parcial e nao substitui este registro.
SK76,S76-TRE-01O,Controle de pedal e anti-torque em hover,TREINAMENTO,PROCEDIMENTO_NORMAL,SK76,docs/vendor/pto/relacao_manobras_pto_rev10_ocr.md + docs/analysis/NOTECHS_MODELOS_MANOBRAS_MATRIX_20260702.csv (baseline anterior),,SK76-I-01/12,1,Codigo e nome canonicos do snapshot 2026-07-15; usar diretamente na revisao do PTO; o changeset 2026-07-15 e parcial e nao substitui este registro.
SK76,S76-TRE-01P,Pouso normal noturno,TREINAMENTO,PROCEDIMENTO_NORMAL,SK76,docs/vendor/pto/relacao_manobras_pto_rev10_ocr.md + docs/analysis/NOTECHS_MODELOS_MANOBRAS_MATRIX_20260702.csv (baseline anterior),,S76-NOT-01; S76-REQ-01; SK76-I-01/12; SK76-I-02/12; SK76-S-01/02; SK76-S-02/02,6,Codigo e nome canonicos do snapshot 2026-07-15; usar diretamente na revisao do PTO; o changeset 2026-07-15 e parcial e nao substitui este registro.
SK76,S76-TRE-01Q,Partida normal,TREINAMENTO,PROCEDIMENTO_NORMAL,SK76,docs/vendor/pto/relacao_manobras_pto_rev10_ocr.md + docs/analysis/NOTECHS_MODELOS_MANOBRAS_MATRIX_20260702.csv (baseline anterior),,SK76-I-01/12,1,Codigo e nome canonicos do snapshot 2026-07-15; usar diretamente na revisao do PTO; o changeset 2026-07-15 e parcial e nao substitui este registro.
SK76,S76-TRE-01R,Controle de potência e torque,TREINAMENTO,PROCEDIMENTO_NORMAL,SK76,docs/vendor/pto/relacao_manobras_pto_rev10_ocr.md + docs/analysis/NOTECHS_MODELOS_MANOBRAS_MATRIX_20260702.csv (baseline anterior),,S76-NOT-02; S76-REQ-01; SK76-I-01/12; SK76-S-01/02,4,Codigo e nome canonicos do snapshot 2026-07-15; usar diretamente na revisao do PTO; o changeset 2026-07-15 e parcial e nao substitui este registro.
SK76,S76-TRE-01S,Reentrada no circuito de tráfego,TREINAMENTO,PROCEDIMENTO_NORMAL,SK76,docs/vendor/pto/relacao_manobras_pto_rev10_ocr.md + docs/analysis/NOTECHS_MODELOS_MANOBRAS_MATRIX_20260702.csv (baseline anterior),,SK76-I-02/12,1,Codigo e nome canonicos do snapshot 2026-07-15; usar diretamente na revisao do PTO; o changeset 2026-07-15 e parcial e nao substitui este registro.
SK76,S76-TRE-01T,Varredura instrumental primária e secundária em IFR básico,TREINAMENTO,PROCEDIMENTO_NORMAL,SK76,docs/vendor/pto/relacao_manobras_pto_rev10_ocr.md + docs/analysis/NOTECHS_MODELOS_MANOBRAS_MATRIX_20260702.csv (baseline anterior),,SK76-I-04/12; SK76-I-05/12,2,Codigo e nome canonicos do snapshot 2026-07-15; usar diretamente na revisao do PTO; o changeset 2026-07-15 e parcial e nao substitui este registro.
SK76,S76-TRE-01U,Aproximação estabilizada visual com correção de rampa e velocidade,TREINAMENTO,PROCEDIMENTO_NORMAL,SK76,docs/vendor/pto/relacao_manobras_pto_rev10_ocr.md + docs/analysis/NOTECHS_MODELOS_MANOBRAS_MATRIX_20260702.csv (baseline anterior),,SK76-I-02/12,1,Codigo e nome canonicos do snapshot 2026-07-15; usar diretamente na revisao do PTO; o changeset 2026-07-15 e parcial e nao substitui este registro.
SK76,S76-TRE-01V,Subida controlada noturna,TREINAMENTO,PROCEDIMENTO_NORMAL,SK76,docs/vendor/pto/relacao_manobras_pto_rev10_ocr.md + docs/analysis/NOTECHS_MODELOS_MANOBRAS_MATRIX_20260702.csv (baseline anterior),,S76-NOT-01; S76-REQ-01; SK76-I-01/12; SK76-I-02/12; SK76-S-01/02,5,Codigo e nome canonicos do snapshot 2026-07-15; usar diretamente na revisao do PTO; o changeset 2026-07-15 e parcial e nao substitui este registro.
SK76,S76-TRE-01W,Taxi e deslocamento em solo/heliponto,TREINAMENTO,PROCEDIMENTO_NORMAL,SK76,docs/vendor/pto/relacao_manobras_pto_rev10_ocr.md + docs/analysis/NOTECHS_MODELOS_MANOBRAS_MATRIX_20260702.csv (baseline anterior),,SK76-I-01/12; SK76-I-02/12,2,Codigo e nome canonicos do snapshot 2026-07-15; usar diretamente na revisao do PTO; o changeset 2026-07-15 e parcial e nao substitui este registro.
SK76,S76-TRE-01X,Pouso/decolagem com vento cruzado leve,TREINAMENTO,PROCEDIMENTO_NORMAL,SK76,docs/vendor/pto/relacao_manobras_pto_rev10_ocr.md + docs/analysis/NOTECHS_MODELOS_MANOBRAS_MATRIX_20260702.csv (baseline anterior),,SK76-I-02/12,1,Codigo e nome canonicos do snapshot 2026-07-15; usar diretamente na revisao do PTO; o changeset 2026-07-15 e parcial e nao substitui este registro.
SK76,S76-TRE-01Y,Voo manual por instrumentos em condição normal,TREINAMENTO,PROCEDIMENTO_NORMAL,SK76,docs/vendor/pto/relacao_manobras_pto_rev10_ocr.md + docs/analysis/NOTECHS_MODELOS_MANOBRAS_MATRIX_20260702.csv (baseline anterior),,SK76-I-05/12,1,Codigo e nome canonicos do snapshot 2026-07-15; usar diretamente na revisao do PTO; o changeset 2026-07-15 e parcial e nao substitui este registro.
SK76,S76-TRE-02,Aproximação e pouso após anormalidade simples,TREINAMENTO,PROCEDIMENTO_NORMAL,SK76,docs/vendor/pto/relacao_manobras_pto_rev10_ocr.md + docs/analysis/NOTECHS_MODELOS_MANOBRAS_MATRIX_20260702.csv (baseline anterior),,SK76-I-03/12,1,Codigo e nome canonicos do snapshot 2026-07-15; usar diretamente na revisao do PTO; o changeset 2026-07-15 e parcial e nao substitui este registro.
SK76,S76-TRE-02A,Recuperação de autorrotação,TREINAMENTO,PROCEDIMENTO_NORMAL,SK76,docs/vendor/pto/relacao_manobras_pto_rev10_ocr.md + docs/analysis/NOTECHS_MODELOS_MANOBRAS_MATRIX_20260702.csv (baseline anterior),,SK76-I-08/12,1,Codigo e nome canonicos do snapshot 2026-07-15; usar diretamente na revisao do PTO; o changeset 2026-07-15 e parcial e nao substitui este registro.
SK76,S76-VOO-01,Aproximação alternada – Categoria A,VOO_BASICO,PROCEDIMENTO_NORMAL,SK76,docs/vendor/pto/relacao_manobras_pto_rev10_ocr.md + docs/analysis/NOTECHS_MODELOS_MANOBRAS_MATRIX_20260702.csv (baseline anterior),,SK76-I-06/12; SK76-I-09/12; SK76-I-10/12; SK76-I-11/12,4,Codigo e nome canonicos do snapshot 2026-07-15; usar diretamente na revisao do PTO; o changeset 2026-07-15 e parcial e nao substitui este registro.
SK76,S76-VOO-02,Aproximação perdida IFR,VOO_BASICO,PROCEDIMENTO_NORMAL,SK76,docs/vendor/pto/relacao_manobras_pto_rev10_ocr.md + docs/analysis/NOTECHS_MODELOS_MANOBRAS_MATRIX_20260702.csv (baseline anterior),,SK76-I-05/12; SK76-I-12/12,2,Codigo e nome canonicos do snapshot 2026-07-15; usar diretamente na revisao do PTO; o changeset 2026-07-15 e parcial e nao substitui este registro.
SK76,S76-VOO-03,Arremetida IFR,VOO_BASICO,PROCEDIMENTO_NORMAL,SK76,docs/vendor/pto/relacao_manobras_pto_rev10_ocr.md + docs/analysis/NOTECHS_MODELOS_MANOBRAS_MATRIX_20260702.csv (baseline anterior),,SK76-I-05/12; SK76-I-11/12,2,Codigo e nome canonicos do snapshot 2026-07-15; usar diretamente na revisao do PTO; o changeset 2026-07-15 e parcial e nao substitui este registro.
SK76,S76-VOO-04,Autorrotação para a água,VOO_BASICO,PROCEDIMENTO_NORMAL,SK76,docs/vendor/pto/relacao_manobras_pto_rev10_ocr.md + docs/analysis/NOTECHS_MODELOS_MANOBRAS_MATRIX_20260702.csv (baseline anterior),,S76-NOT-02; SK76-I-10/12; SK76-I-11/12; SK76-I-12/12,4,Codigo e nome canonicos do snapshot 2026-07-15; usar diretamente na revisao do PTO; o changeset 2026-07-15 e parcial e nao substitui este registro.
SK76,S76-VOO-05,Pouso abortado,VOO_BASICO,PROCEDIMENTO_NORMAL,SK76,docs/vendor/pto/relacao_manobras_pto_rev10_ocr.md + docs/analysis/NOTECHS_MODELOS_MANOBRAS_MATRIX_20260702.csv (baseline anterior),,SK76-I-06/12; SK76-I-09/12; SK76-I-10/12; SK76-I-11/12; SK76-I-12/12,5,Codigo e nome canonicos do snapshot 2026-07-15; usar diretamente na revisao do PTO; o changeset 2026-07-15 e parcial e nao substitui este registro.
SK76,S76-VOO-06,Pouso monomotor – Categoria A ou B,VOO_BASICO,PROCEDIMENTO_NORMAL,SK76,docs/vendor/pto/relacao_manobras_pto_rev10_ocr.md + docs/analysis/NOTECHS_MODELOS_MANOBRAS_MATRIX_20260702.csv (baseline anterior),,SK76-I-06/12; SK76-I-09/12; SK76-I-10/12; SK76-I-11/12; SK76-I-12/12,5,Codigo e nome canonicos do snapshot 2026-07-15; usar diretamente na revisao do PTO; o changeset 2026-07-15 e parcial e nao substitui este registro.
AW139,WAR-AUX-14,Aux battery overheat,ELETRICO,EMERGENCIA,AW139,docs/vendor/pto/relacao_manobras_pto_rev10_ocr.md:pages=109-111 (codigos de modelo antigos),,A139-P-01/04-C3,1,Codigo e nome canonicos do snapshot 2026-07-15; usar diretamente na revisao do PTO; o changeset 2026-07-15 e parcial e nao substitui este registro.
AW139,WAR-BAG-23,Baggage fire,SISTEMAS,EMERGENCIA,AW139,docs/vendor/pto/relacao_manobras_pto_rev10_ocr.md + docs/analysis/NOTECHS_MODELOS_MANOBRAS_MATRIX_20260702.csv (baseline anterior) | docs/vendor/pto/relacao_manobras_pto_rev10_ocr.md:pages=109-111 (codigos de modelo antigos),,A139-I-09/12; A139-P-02/04-C1,2,Codigo e nome canonicos do snapshot 2026-07-15; usar diretamente na revisao do PTO; o changeset 2026-07-15 e parcial e nao substitui este registro.
AW139,WAR-BAT-14,Main battery overheat,ELETRICO,EMERGENCIA,AW139,docs/vendor/pto/relacao_manobras_pto_rev10_ocr.md:pages=109-111 (codigos de modelo antigos),,A139-P-01/04-C3,1,Codigo e nome canonicos do snapshot 2026-07-15; usar diretamente na revisao do PTO; o changeset 2026-07-15 e parcial e nao substitui este registro.
AW139,WAR-CAB-23,Cabin/cockpit smoke,SISTEMAS,EMERGENCIA,AW139,docs/vendor/pto/relacao_manobras_pto_rev10_ocr.md + docs/analysis/NOTECHS_MODELOS_MANOBRAS_MATRIX_20260702.csv (baseline anterior) | docs/vendor/pto/relacao_manobras_pto_rev10_ocr.md:pages=109-111 (codigos de modelo antigos),,A139-I-09/12; A139-P-01/04-C1; A139-P-02/04-C2; A139-P-02/04-C3,4,Codigo e nome canonicos do snapshot 2026-07-15; usar diretamente na revisao do PTO; o changeset 2026-07-15 e parcial e nao substitui este registro.
AW139,WAR-EEC-18,EEC failure,POWERPLANT,EMERGENCIA,AW139,docs/vendor/pto/relacao_manobras_pto_rev10_ocr.md + docs/analysis/NOTECHS_MODELOS_MANOBRAS_MATRIX_20260702.csv (baseline anterior) | docs/vendor/pto/relacao_manobras_pto_rev10_ocr.md:pages=109-111 (codigos de modelo antigos),,A139-I-06/12; A139-P-01/04-C2; A139-P-01/04-C3,3,Codigo e nome canonicos do snapshot 2026-07-15; usar diretamente na revisao do PTO; o changeset 2026-07-15 e parcial e nao substitui este registro.
AW139,WAR-FIR-21,Engine fire,SISTEMAS,EMERGENCIA,AW139,docs/vendor/pto/relacao_manobras_pto_rev10_ocr.md + docs/analysis/NOTECHS_MODELOS_MANOBRAS_MATRIX_20260702.csv (baseline anterior) | docs/vendor/pto/relacao_manobras_pto_rev10_ocr.md:pages=109-111 (codigos de modelo antigos),,A139-I-09/12; A139-P-01/04-C1; A139-P-01/04-C2; A139-P-01/04-C3,4,Codigo e nome canonicos do snapshot 2026-07-15; usar diretamente na revisao do PTO; o changeset 2026-07-15 e parcial e nao substitui este registro.
AW139,WAR-GEN-11,Dual DC GEN failure,ELETRICO,EMERGENCIA,AW139,docs/vendor/pto/relacao_manobras_pto_rev10_ocr.md + docs/analysis/NOTECHS_MODELOS_MANOBRAS_MATRIX_20260702.csv (baseline anterior) | docs/vendor/pto/relacao_manobras_pto_rev10_ocr.md:pages=109-111 (codigos de modelo antigos),,A139-I-10/12; A139-P-01/04-C1,2,Codigo e nome canonicos do snapshot 2026-07-15; usar diretamente na revisao do PTO; o changeset 2026-07-15 e parcial e nao substitui este registro.
AW139,WAR-GER-27,Landing gear emergency,SISTEMAS_MECANICOS,EMERGENCIA,AW139,docs/vendor/pto/relacao_manobras_pto_rev10_ocr.md + docs/analysis/NOTECHS_MODELOS_MANOBRAS_MATRIX_20260702.csv (baseline anterior) | docs/vendor/pto/relacao_manobras_pto_rev10_ocr.md:pages=109-111 (codigos de modelo antigos),,A139-I-06/12; A139-I-08/12; A139-I-09/12; A139-P-02/04-C2; A139-REQ-01; A139-S-02/02,6,Codigo e nome canonicos do snapshot 2026-07-15; usar diretamente na revisao do PTO; o changeset 2026-07-15 e parcial e nao substitui este registro.
AW139,WAR-HIG-29,Rotor RPM high,SISTEMAS_MECANICOS,EMERGENCIA,AW139,docs/vendor/pto/relacao_manobras_pto_rev10_ocr.md + docs/analysis/NOTECHS_MODELOS_MANOBRAS_MATRIX_20260702.csv (baseline anterior) | docs/vendor/pto/relacao_manobras_pto_rev10_ocr.md:pages=109-111 (codigos de modelo antigos),,A139-I-06/12; A139-I-07/12; A139-I-08/12; A139-I-09/12; A139-I-10/12; A139-P-01/04-C1; A139-P-01/04-C2; A139-P-01/04-C3; A139-P-02/04-C3,9,Codigo e nome canonicos do snapshot 2026-07-15; usar diretamente na revisao do PTO; o changeset 2026-07-15 e parcial e nao substitui este registro.
AW139,WAR-IDL-16,Engine stuck IDLE,POWERPLANT,EMERGENCIA,AW139,docs/vendor/pto/relacao_manobras_pto_rev10_ocr.md + docs/analysis/NOTECHS_MODELOS_MANOBRAS_MATRIX_20260702.csv (baseline anterior) | docs/vendor/pto/relacao_manobras_pto_rev10_ocr.md:pages=109-111 (codigos de modelo antigos),,A139-I-06/12; A139-P-01/04-C1; A139-P-01/04-C2,3,Codigo e nome canonicos do snapshot 2026-07-15; usar diretamente na revisao do PTO; o changeset 2026-07-15 e parcial e nao substitui este registro.
AW139,WAR-LOW-29,Rotor RPM low,SISTEMAS_MECANICOS,EMERGENCIA,AW139,docs/vendor/pto/relacao_manobras_pto_rev10_ocr.md + docs/analysis/NOTECHS_MODELOS_MANOBRAS_MATRIX_20260702.csv (baseline anterior) | docs/vendor/pto/relacao_manobras_pto_rev10_ocr.md:pages=109-111 (codigos de modelo antigos),,A139-I-06/12; A139-I-07/12; A139-I-08/12; A139-I-09/12; A139-I-10/12; A139-P-01/04-C1; A139-P-01/04-C2; A139-P-01/04-C3; A139-P-02/04-C3,9,Codigo e nome canonicos do snapshot 2026-07-15; usar diretamente na revisao do PTO; o changeset 2026-07-15 e parcial e nao substitui este registro.
AW139,WAR-MGB-30,MGB oil pressure,SISTEMAS_MECANICOS,EMERGENCIA,AW139,docs/vendor/pto/relacao_manobras_pto_rev10_ocr.md + docs/analysis/NOTECHS_MODELOS_MANOBRAS_MATRIX_20260702.csv (baseline anterior) | docs/vendor/pto/relacao_manobras_pto_rev10_ocr.md:pages=109-111 (codigos de modelo antigos),,A139-I-08/12; A139-P-01/04-C1; A139-P-01/04-C2,3,Codigo e nome canonicos do snapshot 2026-07-15; usar diretamente na revisao do PTO; o changeset 2026-07-15 e parcial e nao substitui este registro.
AW139,WAR-MRC-X1,Main rotor binding,SISTEMAS_MECANICOS,EMERGENCIA,AW139,docs/vendor/pto/relacao_manobras_pto_rev10_ocr.md + docs/analysis/NOTECHS_MODELOS_MANOBRAS_MATRIX_20260702.csv (baseline anterior) | docs/vendor/pto/relacao_manobras_pto_rev10_ocr.md:pages=109-111 (codigos de modelo antigos),,A139-I-08/12; A139-P-01/04-C3,2,Codigo e nome canonicos do snapshot 2026-07-15; usar diretamente na revisao do PTO; o changeset 2026-07-15 e parcial e nao substitui este registro.
AW139,WAR-OUT-15,Engine failure,POWERPLANT,EMERGENCIA,AW139,docs/vendor/pto/relacao_manobras_pto_rev10_ocr.md + docs/analysis/NOTECHS_MODELOS_MANOBRAS_MATRIX_20260702.csv (baseline anterior) | docs/vendor/pto/relacao_manobras_pto_rev10_ocr.md:pages=109-111 (codigos de modelo antigos),,A139-I-04/12; A139-I-06/12; A139-I-07/12; A139-I-09/12; A139-I-10/12; A139-P-01/04-C1; A139-P-01/04-C2; A139-P-02/04-C2; A139-P-02/04-C3; A139-REQ-01; A139-S-02/02,11,Codigo e nome canonicos do snapshot 2026-07-15; usar diretamente na revisao do PTO; o changeset 2026-07-15 e parcial e nao substitui este registro.
AW139,WAR-SHT-19,Emergency engine shutdown,POWERPLANT,EMERGENCIA,AW139,docs/vendor/pto/relacao_manobras_pto_rev10_ocr.md:pages=109-111 (codigos de modelo antigos),,A139-P-01/04-C2,1,Codigo e nome canonicos do snapshot 2026-07-15; usar diretamente na revisao do PTO; o changeset 2026-07-15 e parcial e nao substitui este registro.
AW139,WAR-STA-X1,Static port obstruction,AVIONICOS,EMERGENCIA,AW139,docs/vendor/pto/relacao_manobras_pto_rev10_ocr.md + docs/analysis/NOTECHS_MODELOS_MANOBRAS_MATRIX_20260702.csv (baseline anterior) | docs/vendor/pto/relacao_manobras_pto_rev10_ocr.md:pages=109-111 (codigos de modelo antigos),,A139-I-04/12; A139-I-07/12; A139-P-01/04-C3,3,Codigo e nome canonicos do snapshot 2026-07-15; usar diretamente na revisao do PTO; o changeset 2026-07-15 e parcial e nao substitui este registro.
AW139,WAR-TCS-X1,Tail rotor control failure,SISTEMAS_MECANICOS,EMERGENCIA,AW139,docs/vendor/pto/relacao_manobras_pto_rev10_ocr.md + docs/analysis/NOTECHS_MODELOS_MANOBRAS_MATRIX_20260702.csv (baseline anterior) | docs/vendor/pto/relacao_manobras_pto_rev10_ocr.md:pages=109-111 (codigos de modelo antigos),,A139-I-08/12; A139-P-01/04-C3,2,Codigo e nome canonicos do snapshot 2026-07-15; usar diretamente na revisao do PTO; o changeset 2026-07-15 e parcial e nao substitui este registro.
AW139,WAR-TDR-X1,Tail rotor drive failure,SISTEMAS_MECANICOS,EMERGENCIA,AW139,docs/vendor/pto/relacao_manobras_pto_rev10_ocr.md + docs/analysis/NOTECHS_MODELOS_MANOBRAS_MATRIX_20260702.csv (baseline anterior) | docs/vendor/pto/relacao_manobras_pto_rev10_ocr.md:pages=109-111 (codigos de modelo antigos),,A139-I-08/12; A139-P-01/04-C3,2,Codigo e nome canonicos do snapshot 2026-07-15; usar diretamente na revisao do PTO; o changeset 2026-07-15 e parcial e nao substitui este registro.
AW139,WAR-TMP-30,MGB oil temp high,SISTEMAS_MECANICOS,EMERGENCIA,AW139,docs/vendor/pto/relacao_manobras_pto_rev10_ocr.md + docs/analysis/NOTECHS_MODELOS_MANOBRAS_MATRIX_20260702.csv (baseline anterior) | docs/vendor/pto/relacao_manobras_pto_rev10_ocr.md:pages=109-111 (codigos de modelo antigos),,A139-I-08/12; A139-P-01/04-C1; A139-P-01/04-C2,3,Codigo e nome canonicos do snapshot 2026-07-15; usar diretamente na revisao do PTO; o changeset 2026-07-15 e parcial e nao substitui este registro.
AW139,WAR-TRC-X1,Tail rotor binding,SISTEMAS_MECANICOS,EMERGENCIA,AW139,docs/vendor/pto/relacao_manobras_pto_rev10_ocr.md + docs/analysis/NOTECHS_MODELOS_MANOBRAS_MATRIX_20260702.csv (baseline anterior) | docs/vendor/pto/relacao_manobras_pto_rev10_ocr.md:pages=109-111 (codigos de modelo antigos),,A139-I-08/12; A139-P-01/04-C3,2,Codigo e nome canonicos do snapshot 2026-07-15; usar diretamente na revisao do PTO; o changeset 2026-07-15 e parcial e nao substitui este registro.
